codigo_municipio,municipio,uf_sigla,uf_nome,regiao,mesorregiao,microrregiao,populacao,pib_total_mil_reais,vab_adm_publica_mil_reais,vab_agropecuaria_mil_reais,vab_industria_mil_reais,vab_servicos_mil_reais,pib_per_capita_reais,cluster
1100015,Alta Floresta D'Oeste,RO,Rondônia,Norte,Leste Rondoniense,Cacoal,22516.0,734467.0,173122.0,311469.0,27845.0,172435.0,32619.78148871913,1
1100023,Ariquemes,RO,Rondônia,Norte,Leste Rondoniense,Ariquemes,111148.0,3211294.0,782306.0,293001.0,407675.0,1307977.0,28892.053838125743,1
1100031,Cabixi,RO,Rondônia,Norte,Leste Rondoniense,Colorado do Oeste,5067.0,238414.0,46579.0,136659.0,8117.0,35866.0,47052.29919084271,0
1100049,Cacoal,RO,Rondônia,Norte,Leste Rondoniense,Cacoal,86416.0,2792506.0,629109.0,341315.0,236801.0,1200654.0,32314.68709498241,1
1100056,Cerejeiras,RO,Rondônia,Norte,Leste Rondoniense,Colorado do Oeste,16088.0,743062.0,123365.0,151690.0,27433.0,308668.0,46187.34460467429,1
1100064,Colorado do Oeste,RO,Rondônia,Norte,Leste Rondoniense,Colorado do Oeste,15213.0,424846.0,114881.0,123524.0,28827.0,124601.0,27926.510221521068,0
1100072,Corumbiara,RO,Rondônia,Norte,Leste Rondoniense,Colorado do Oeste,7052.0,396740.0,60535.0,260728.0,14014.0,45392.0,56259.21724333522,0
1100080,Costa Marques,RO,Rondônia,Norte,Madeira-Guaporé,Guajará-Mirim,19255.0,316672.0,128057.0,116783.0,6683.0,53392.0,16446.221760581666,0
1100098,Espigão D'Oeste,RO,Rondônia,Norte,Leste Rondoniense,Cacoal,33009.0,773372.0,217511.0,202434.0,54682.0,221162.0,23429.125390045137,1
1100106,Guajará-Mirim,RO,Rondônia,Norte,Madeira-Guaporé,Guajará-Mirim,46930.0,1054255.0,319235.0,77442.0,40538.0,436344.0,22464.415086298744,1
1100114,Jaru,RO,Rondônia,Norte,Leste Rondoniense,Ji-Paraná,51469.0,1764718.0,379860.0,280711.0,177623.0,688455.0,34287.00771338087,1
1100122,Ji-Paraná,RO,Rondônia,Norte,Leste Rondoniense,Ji-Paraná,131026.0,4230355.0,876139.0,206345.0,502238.0,1926052.0,32286.378276067346,1
1100130,Machadinho D'Oeste,RO,Rondônia,Norte,Leste Rondoniense,Ariquemes,41724.0,890319.0,275753.0,352193.0,34663.0,174794.0,21338.2945067587,1
1100148,Nova Brasilândia D'Oeste,RO,Rondônia,Norte,Leste Rondoniense,Alvorada D'Oeste,20504.0,549853.0,142582.0,228451.0,25505.0,114551.0,26816.86500195084,1
1100155,Ouro Preto do Oeste,RO,Rondônia,Norte,Leste Rondoniense,Ji-Paraná,35445.0,986046.0,249016.0,216209.0,71311.0,352572.0,27819.04358865849,1
1100189,Pimenta Bueno,RO,Rondônia,Norte,Leste Rondoniense,Vilhena,37098.0,1642621.0,280779.0,297492.0,207693.0,550816.0,44277.8856003019,1
1100205,Porto Velho,RO,Rondônia,Norte,Madeira-Guaporé,Porto Velho,548952.0,20056138.0,3983359.0,1041285.0,4625035.0,7555290.0,36535.32184963348,1
1100254,Presidente Médici,RO,Rondônia,Norte,Leste Rondoniense,Ji-Paraná,18165.0,560210.0,134437.0,183438.0,50710.0,140128.0,30840.077071290943,1
1100262,Rio Crespo,RO,Rondônia,Norte,Leste Rondoniense,Ariquemes,3843.0,184428.0,36557.0,115354.0,7564.0,18756.0,47990.63231850117,0
1100288,Rolim de Moura,RO,Rondônia,Norte,Leste Rondoniense,Cacoal,55748.0,1565241.0,411623.0,194673.0,171674.0,606268.0,28077.07899834972,1
1100296,Santa Luzia D'Oeste,RO,Rondônia,Norte,Leste Rondoniense,Cacoal,5942.0,213590.0,51633.0,106980.0,13083.0,33188.0,35945.80949175362,0
1100304,Vilhena,RO,Rondônia,Norte,Leste Rondoniense,Vilhena,104517.0,4215442.0,777252.0,674880.0,369206.0,1712252.0,40332.59661107762,1
1100320,São Miguel do Guaporé,RO,Rondônia,Norte,Leste Rondoniense,Alvorada D'Oeste,23147.0,905341.0,176034.0,381639.0,82318.0,199588.0,39112.67118849095,1
1100338,Nova Mamoré,RO,Rondônia,Norte,Madeira-Guaporé,Porto Velho,32184.0,742686.0,214672.0,344263.0,21481.0,129299.0,23076.249067859808,1
1100346,Alvorada D'Oeste,RO,Rondônia,Norte,Leste Rondoniense,Alvorada D'Oeste,13807.0,352630.0,104853.0,147689.0,11553.0,72543.0,25539.94350691678,0
1100379,Alto Alegre dos Parecis,RO,Rondônia,Norte,Leste Rondoniense,Cacoal,13268.0,483672.0,103294.0,277664.0,18507.0,63694.0,36454.02472113355,0
1100403,Alto Paraíso,RO,Rondônia,Norte,Leste Rondoniense,Ariquemes,22258.0,510740.0,148951.0,185477.0,24384.0,119576.0,22946.356366250337,1
1100452,Buritis,RO,Rondônia,Norte,Madeira-Guaporé,Porto Velho,41043.0,966556.0,272916.0,336953.0,35156.0,248229.0,23549.83797480691,1
1100502,Novo Horizonte do Oeste,RO,Rondônia,Norte,Leste Rondoniense,Cacoal,8125.0,231501.0,61438.0,106736.0,12106.0,40100.0,28492.43076923077,0
1100601,Cacaulândia,RO,Rondônia,Norte,Leste Rondoniense,Ariquemes,6307.0,275338.0,47544.0,194610.0,3288.0,22239.0,43655.937846836845,0
1100700,Campo Novo de Rondônia,RO,Rondônia,Norte,Madeira-Guaporé,Porto Velho,14391.0,369127.0,105266.0,204767.0,15949.0,32157.0,25649.850601070117,0
1100809,Candeias do Jamari,RO,Rondônia,Norte,Madeira-Guaporé,Porto Velho,28068.0,655569.0,204882.0,141452.0,133643.0,138507.0,23356.45575032065,1
1100908,Castanheiras,RO,Rondônia,Norte,Leste Rondoniense,Cacoal,2923.0,99627.0,28281.0,56909.0,2351.0,8867.0,34083.817995210404,0
1100924,Chupinguaia,RO,Rondônia,Norte,Leste Rondoniense,Vilhena,11755.0,468793.0,102007.0,224569.0,44525.0,70952.0,39880.30625265844,1
1100940,Cujubim,RO,Rondônia,Norte,Madeira-Guaporé,Porto Velho,27131.0,487756.0,179118.0,153670.0,44087.0,84329.0,17977.811359699237,1
1101005,Governador Jorge Teixeira,RO,Rondônia,Norte,Leste Rondoniense,Ji-Paraná,7130.0,239331.0,57878.0,146346.0,5056.0,22483.0,33566.76016830294,0
1101104,Itapuã do Oeste,RO,Rondônia,Norte,Madeira-Guaporé,Porto Velho,10819.0,209927.0,79560.0,65085.0,14563.0,39827.0,19403.54931139662,0
1101203,Ministro Andreazza,RO,Rondônia,Norte,Leste Rondoniense,Cacoal,9461.0,297876.0,69320.0,132934.0,14076.0,59932.0,31484.621075996198,0
1101302,Mirante da Serra,RO,Rondônia,Norte,Leste Rondoniense,Ji-Paraná,10691.0,262627.0,75075.0,85084.0,14248.0,71351.0,24565.241792161632,0
1101401,Monte Negro,RO,Rondônia,Norte,Leste Rondoniense,Ariquemes,16158.0,389781.0,116303.0,153360.0,23162.0,76036.0,24123.09691793539,0
1101435,Nova União,RO,Rondônia,Norte,Leste Rondoniense,Ji-Paraná,6822.0,157321.0,48987.0,82596.0,3240.0,16675.0,23060.83260041044,0
1101450,Parecis,RO,Rondônia,Norte,Leste Rondoniense,Vilhena,6319.0,155430.0,47707.0,85286.0,3441.0,13907.0,24597.2463997468,0
1101468,Pimenteiras do Oeste,RO,Rondônia,Norte,Leste Rondoniense,Colorado do Oeste,2127.0,246209.0,26359.0,178073.0,8909.0,24663.0,115754.11377527034,0
1101476,Primavera de Rondônia,RO,Rondônia,Norte,Leste Rondoniense,Vilhena,2697.0,107030.0,28333.0,62242.0,2158.0,10663.0,39684.83500185391,0
1101484,São Felipe D'Oeste,RO,Rondônia,Norte,Leste Rondoniense,Vilhena,4962.0,130675.0,40952.0,62311.0,3163.0,18618.0,26335.147118097542,0
1101492,São Francisco do Guaporé,RO,Rondônia,Norte,Madeira-Guaporé,Guajará-Mirim,21088.0,488141.0,142430.0,203490.0,17335.0,95719.0,23147.80918057663,1
1101500,Seringueiras,RO,Rondônia,Norte,Leste Rondoniense,Alvorada D'Oeste,11846.0,332986.0,89980.0,147309.0,11108.0,61163.0,28109.57285159548,0
1101559,Teixeirópolis,RO,Rondônia,Norte,Leste Rondoniense,Ji-Paraná,4160.0,121304.0,34222.0,62959.0,3839.0,15260.0,29159.615384615383,0
1101609,Theobroma,RO,Rondônia,Norte,Leste Rondoniense,Ji-Paraná,10348.0,257436.0,79582.0,140069.0,5760.0,23489.0,24877.85079242366,0
1101708,Urupá,RO,Rondônia,Norte,Leste Rondoniense,Ji-Paraná,11081.0,273505.0,85571.0,110938.0,9244.0,54174.0,24682.339139066877,0
1101757,Vale do Anari,RO,Rondônia,Norte,Leste Rondoniense,Ariquemes,11545.0,220948.0,84100.0,93455.0,6693.0,27970.0,19137.98181030749,0
1101807,Vale do Paraíso,RO,Rondônia,Norte,Leste Rondoniense,Ji-Paraná,6490.0,185648.0,53871.0,100039.0,4130.0,20871.0,28605.23882896764,0
1200013,Acrelândia,AC,Acre,Norte,Vale do Acre,Rio Branco,15721.0,398725.0,114911.0,157858.0,13439.0,91389.0,25362.572355448126,0
1200054,Assis Brasil,AC,Acre,Norte,Vale do Acre,Brasiléia,7649.0,133916.0,61986.0,44810.0,3944.0,20601.0,17507.648058569746,0
1200104,Brasiléia,AC,Acre,Norte,Vale do Acre,Brasiléia,27123.0,685636.0,203112.0,185724.0,45440.0,171335.0,25278.76709803488,1
1200138,Bujari,AC,Acre,Norte,Vale do Acre,Rio Branco,10572.0,300830.0,81806.0,168856.0,8391.0,36998.0,28455.35376466137,0
1200179,Capixaba,AC,Acre,Norte,Vale do Acre,Rio Branco,12280.0,512353.0,94528.0,342298.0,13142.0,52997.0,41722.55700325733,0
1200203,Cruzeiro do Sul,AC,Acre,Norte,Vale do Juruá,Cruzeiro do Sul,89760.0,2058630.0,696402.0,100357.0,167725.0,900140.0,22934.826203208555,1
1200252,Epitaciolândia,AC,Acre,Norte,Vale do Acre,Brasiléia,18979.0,644542.0,143215.0,160895.0,22540.0,246925.0,33960.79877759629,1
1200302,Feijó,AC,Acre,Norte,Vale do Juruá,Tarauacá,34986.0,567040.0,248872.0,172858.0,24431.0,103190.0,16207.62590750586,1
1200328,Jordão,AC,Acre,Norte,Vale do Juruá,Tarauacá,8628.0,113975.0,73684.0,21977.0,2460.0,14031.0,13209.898006490495,0
1200336,Mâncio Lima,AC,Acre,Norte,Vale do Juruá,Cruzeiro do Sul,19643.0,269205.0,147682.0,53381.0,13659.0,48626.0,13704.882146311664,0
1200344,Manoel Urbano,AC,Acre,Norte,Vale do Acre,Sena Madureira,9701.0,184904.0,74979.0,55704.0,11432.0,33663.0,19060.30306154005,0
1200351,Marechal Thaumaturgo,AC,Acre,Norte,Vale do Juruá,Cruzeiro do Sul,19727.0,256865.0,161583.0,56419.0,5964.0,29458.0,13020.986465250671,0
1200385,Plácido de Castro,AC,Acre,Norte,Vale do Acre,Rio Branco,20147.0,601471.0,149486.0,309366.0,17444.0,98405.0,29854.122201816648,1
1200393,Porto Walter,AC,Acre,Norte,Vale do Juruá,Cruzeiro do Sul,12497.0,160535.0,104988.0,25573.0,4314.0,22836.0,12845.883011922862,0
1200401,Rio Branco,AC,Acre,Norte,Vale do Acre,Rio Branco,419452.0,10955675.0,2949436.0,464933.0,880534.0,5153657.0,26119.019577925483,1
1200427,Rodrigues Alves,AC,Acre,Norte,Vale do Juruá,Cruzeiro do Sul,19767.0,255649.0,158224.0,55116.0,7342.0,31896.0,12933.12085799565,0
1200435,Santa Rosa do Purus,AC,Acre,Norte,Vale do Acre,Sena Madureira,6893.0,108545.0,64913.0,25745.0,2260.0,14094.0,15747.13477440882,0
1200450,Senador Guiomard,AC,Acre,Norte,Vale do Acre,Rio Branco,23446.0,779672.0,175830.0,391220.0,30582.0,150418.0,33253.94523586113,1
1200500,Sena Madureira,AC,Acre,Norte,Vale do Acre,Sena Madureira,47168.0,748094.0,322724.0,209649.0,36344.0,153428.0,15860.20183175034,1
1200609,Tarauacá,AC,Acre,Norte,Vale do Juruá,Tarauacá,43730.0,711884.0,322737.0,176339.0,23416.0,158432.0,16279.07614909673,1
1200708,Xapuri,AC,Acre,Norte,Vale do Acre,Brasiléia,19866.0,454981.0,142223.0,199221.0,23433.0,69331.0,22902.496728078124,0
1200807,Porto Acre,AC,Acre,Norte,Vale do Acre,Rio Branco,19141.0,471315.0,139960.0,259571.0,13578.0,50907.0,24623.32166553472,0
1300029,Alvarães,AM,Amazonas,Norte,Centro Amazonense,Tefé,16396.0,217333.0,104372.0,66407.0,10232.0,32276.0,13255.245181751648,0
1300060,Amaturá,AM,Amazonas,Norte,Sudoeste Amazonense,Alto Solimões,11934.0,118872.0,77746.0,13548.0,5177.0,19564.0,9960.78431372549,0
1300086,Anamã,AM,Amazonas,Norte,Centro Amazonense,Coari,14292.0,138599.0,72410.0,36624.0,6641.0,20014.0,9697.66302826756,0
1300102,Anori,AM,Amazonas,Norte,Centro Amazonense,Coari,21937.0,248435.0,115607.0,83155.0,10307.0,33233.0,11324.930482746046,0
1300144,Apuí,AM,Amazonas,Norte,Sul Amazonense,Madeira,22739.0,297810.0,113589.0,84456.0,24728.0,59992.0,13096.882008883416,0
1300201,Atalaia do Norte,AM,Amazonas,Norte,Sudoeste Amazonense,Alto Solimões,20868.0,184947.0,123689.0,26576.0,5316.0,25013.0,8862.708453133984,0
1300300,Autazes,AM,Amazonas,Norte,Centro Amazonense,Manaus,41005.0,506341.0,238317.0,118724.0,31985.0,95443.0,12348.274600658457,1
1300409,Barcelos,AM,Amazonas,Norte,Norte Amazonense,Rio Negro,27772.0,245622.0,146400.0,31862.0,19069.0,41809.0,8844.231600172836,0
1300508,Barreirinha,AM,Amazonas,Norte,Centro Amazonense,Parintins,32919.0,344890.0,208090.0,52171.0,16600.0,57523.0,10476.92821774659,0
1300607,Benjamin Constant,AM,Amazonas,Norte,Sudoeste Amazonense,Alto Solimões,44873.0,388781.0,251028.0,36799.0,24291.0,64580.0,8664.029594633745,0
1300631,Beruri,AM,Amazonas,Norte,Centro Amazonense,Coari,20503.0,211871.0,129777.0,26467.0,10112.0,38303.0,10333.65848900161,0
1300680,Boa Vista do Ramos,AM,Amazonas,Norte,Centro Amazonense,Parintins,20040.0,182412.0,112933.0,25810.0,9165.0,30379.0,9102.395209580838,0
1300706,Boca do Acre,AM,Amazonas,Norte,Sul Amazonense,Boca do Acre,34958.0,512796.0,189778.0,121255.0,53417.0,115369.0,14668.916986097604,1
1300805,Borba,AM,Amazonas,Norte,Sul Amazonense,Madeira,42328.0,402131.0,240084.0,52628.0,19865.0,74601.0,9500.354375354374,0
1300839,Caapiranga,AM,Amazonas,Norte,Centro Amazonense,Coari,13482.0,177894.0,86565.0,52504.0,8137.0,26900.0,13194.926568758345,0
1300904,Canutama,AM,Amazonas,Norte,Sul Amazonense,Purus,15981.0,154316.0,93398.0,23312.0,6976.0,26297.0,9656.216757399412,0
1301001,Carauari,AM,Amazonas,Norte,Sudoeste Amazonense,Juruá,28719.0,370663.0,151406.0,98427.0,23989.0,80012.0,12906.542706918764,0
1301100,Careiro,AM,Amazonas,Norte,Centro Amazonense,Manaus,38820.0,395194.0,212448.0,60821.0,35814.0,70459.0,10180.164863472435,0
1301159,Careiro da Várzea,AM,Amazonas,Norte,Centro Amazonense,Manaus,31459.0,413374.0,163698.0,193978.0,15110.0,35050.0,13140.087097491974,0
1301209,Coari,AM,Amazonas,Norte,Centro Amazonense,Coari,86713.0,3380325.0,536328.0,113910.0,2000961.0,615253.0,38982.909137038274,1
1301308,Codajás,AM,Amazonas,Norte,Centro Amazonense,Coari,29691.0,531995.0,155828.0,299133.0,18840.0,49138.0,17917.71917416052,1
1301407,Eirunepé,AM,Amazonas,Norte,Sudoeste Amazonense,Juruá,36121.0,568036.0,204939.0,248976.0,20731.0,77825.0,15725.921209268849,1
1301506,Envira,AM,Amazonas,Norte,Sudoeste Amazonense,Juruá,20748.0,215527.0,114651.0,45372.0,9556.0,38934.0,10387.844611528822,0
1301605,Fonte Boa,AM,Amazonas,Norte,Sudoeste Amazonense,Alto Solimões,16409.0,222773.0,127121.0,28885.0,14195.0,44172.0,13576.269120604546,0
1301654,Guajará,AM,Amazonas,Norte,Sudoeste Amazonense,Juruá,17193.0,177320.0,105025.0,31779.0,7128.0,29220.0,10313.499680102368,0
1301704,Humaitá,AM,Amazonas,Norte,Sul Amazonense,Madeira,57195.0,860168.0,283061.0,183793.0,77643.0,254811.0,15039.216714747792,1
1301803,Ipixuna,AM,Amazonas,Norte,Sudoeste Amazonense,Juruá,31172.0,216519.0,153569.0,16713.0,7758.0,32395.0,6945.945078916977,0
1301852,Iranduba,AM,Amazonas,Norte,Centro Amazonense,Manaus,49718.0,1001862.0,305723.0,303362.0,123196.0,211279.0,20150.89102538316,1
1301902,Itacoatiara,AM,Amazonas,Norte,Centro Amazonense,Itacoatiara,104046.0,2350463.0,576311.0,465661.0,182494.0,926007.0,22590.61376698768,1
1301951,Itamarati,AM,Amazonas,Norte,Sudoeste Amazonense,Juruá,7777.0,135620.0,59016.0,42944.0,6481.0,23317.0,17438.60100295744,0
1302009,Itapiranga,AM,Amazonas,Norte,Centro Amazonense,Itacoatiara,9312.0,152509.0,64054.0,40382.0,9291.0,31591.0,16377.68470790378,0
1302108,Japurá,AM,Amazonas,Norte,Norte Amazonense,Japurá,1755.0,85809.0,37323.0,16663.0,6036.0,21850.0,48894.01709401709,0
1302207,Juruá,AM,Amazonas,Norte,Sudoeste Amazonense,Juruá,15495.0,138074.0,85089.0,21456.0,6747.0,20685.0,8910.874475637302,0
1302306,Jutaí,AM,Amazonas,Norte,Sudoeste Amazonense,Alto Solimões,13462.0,266377.0,114027.0,77531.0,14842.0,52066.0,19787.32729163572,0
1302405,Lábrea,AM,Amazonas,Norte,Sul Amazonense,Purus,47685.0,625198.0,233508.0,234934.0,25787.0,106796.0,13110.999266016566,1
1302504,Manacapuru,AM,Amazonas,Norte,Centro Amazonense,Manaus,99613.0,1544675.0,552761.0,409121.0,142289.0,368854.0,15506.761165711305,1
1302553,Manaquiri,AM,Amazonas,Norte,Centro Amazonense,Manaus,33981.0,311335.0,162980.0,93213.0,14926.0,33242.0,9162.031723610253,0
1302603,Manaus,AM,Amazonas,Norte,Centro Amazonense,Manaus,2255903.0,103281400.0,11279398.0,201067.0,37697008.0,33086569.0,45782.73090642638,1
1302702,Manicoré,AM,Amazonas,Norte,Sul Amazonense,Madeira,57405.0,686279.0,303518.0,184244.0,41056.0,128373.0,11955.038759689922,1
1302801,Maraã,AM,Amazonas,Norte,Norte Amazonense,Japurá,18298.0,176217.0,119439.0,18701.0,7817.0,25730.0,9630.396764673736,0
1302900,Maués,AM,Amazonas,Norte,Centro Amazonense,Parintins,66159.0,595826.0,344043.0,67607.0,36746.0,119688.0,9005.970465091674,1
1303007,Nhamundá,AM,Amazonas,Norte,Centro Amazonense,Parintins,21710.0,207005.0,119447.0,27468.0,9860.0,41754.0,9535.006909258404,0
1303106,Nova Olinda do Norte,AM,Amazonas,Norte,Centro Amazonense,Itacoatiara,38665.0,341652.0,207200.0,39757.0,20971.0,57933.0,8836.20845726109,0
1303205,Novo Airão,AM,Amazonas,Norte,Norte Amazonense,Rio Negro,20395.0,186533.0,117357.0,8945.0,12583.0,40621.0,9146.016180436382,0
1303304,Novo Aripuanã,AM,Amazonas,Norte,Sul Amazonense,Madeira,26443.0,252422.0,133342.0,56186.0,15549.0,39474.0,9545.8911621223,0
1303403,Parintins,AM,Amazonas,Norte,Centro Amazonense,Parintins,116439.0,1426972.0,594533.0,290479.0,92451.0,358496.0,12255.103530604008,1
1303502,Pauini,AM,Amazonas,Norte,Sul Amazonense,Boca do Acre,19616.0,199541.0,116553.0,37032.0,7531.0,32920.0,10172.35929853181,0
1303536,Presidente Figueiredo,AM,Amazonas,Norte,Centro Amazonense,Rio Preto da Eva,38095.0,1031905.0,266748.0,95259.0,433687.0,193115.0,27087.675547972176,1
1303569,Rio Preto da Eva,AM,Amazonas,Norte,Centro Amazonense,Rio Preto da Eva,34856.0,407146.0,175770.0,87222.0,40821.0,77029.0,11680.801009869176,0
1303601,Santa Isabel do Rio Negro,AM,Amazonas,Norte,Norte Amazonense,Rio Negro,26566.0,185817.0,131235.0,17853.0,6116.0,25474.0,6994.541895656102,0
1303700,Santo Antônio do Içá,AM,Amazonas,Norte,Sudoeste Amazonense,Alto Solimões,20889.0,237314.0,139600.0,26918.0,12934.0,46551.0,11360.71616640337,0
1303809,São Gabriel da Cachoeira,AM,Amazonas,Norte,Norte Amazonense,Rio Negro,47031.0,423055.0,258741.0,25902.0,25536.0,92872.0,8995.237183985031,0
1303908,São Paulo de Olivença,AM,Amazonas,Norte,Sudoeste Amazonense,Alto Solimões,40837.0,334131.0,225717.0,36480.0,13703.0,50083.0,8182.065283933687,0
1303957,São Sebastião do Uatumã,AM,Amazonas,Norte,Centro Amazonense,Parintins,14678.0,136609.0,80211.0,20958.0,6871.0,24321.0,9307.058182313667,0
1304005,Silves,AM,Amazonas,Norte,Centro Amazonense,Itacoatiara,9289.0,175042.0,64096.0,58572.0,20700.0,23226.0,18844.009042954032,0
1304062,Tabatinga,AM,Amazonas,Norte,Sudoeste Amazonense,Alto Solimões,68502.0,758035.0,396660.0,20271.0,50521.0,227285.0,11065.881288137572,1
1304104,Tapauá,AM,Amazonas,Norte,Sul Amazonense,Purus,16876.0,239944.0,119939.0,59592.0,11911.0,40964.0,14218.061151931735,0
1304203,Tefé,AM,Amazonas,Norte,Centro Amazonense,Tefé,59250.0,1098392.0,383685.0,191608.0,227130.0,249041.0,18538.26160337553,1
1304237,Tonantins,AM,Amazonas,Norte,Sudoeste Amazonense,Alto Solimões,19038.0,185410.0,125811.0,13062.0,7589.0,33007.0,9738.94316629898,0
1304260,Uarini,AM,Amazonas,Norte,Centro Amazonense,Tefé,13839.0,229209.0,88152.0,81996.0,10923.0,39394.0,16562.540646000434,0
1304302,Urucará,AM,Amazonas,Norte,Centro Amazonense,Parintins,16007.0,205656.0,99414.0,51040.0,10449.0,37696.0,12847.87905291435,0
1304401,Urucurituba,AM,Amazonas,Norte,Centro Amazonense,Itacoatiara,24098.0,232661.0,134010.0,34164.0,12699.0,43384.0,9654.784629429829,0
1400027,Amajari,RR,Roraima,Norte,Norte de Roraima,Boa Vista,13561.0,240826.0,142661.0,62983.0,10213.0,21938.0,17758.71985841752,0
1400050,Alto Alegre,RR,Roraima,Norte,Norte de Roraima,Boa Vista,15249.0,385507.0,167566.0,146585.0,14739.0,49570.0,25280.805298708117,0
1400100,Boa Vista,RR,Roraima,Norte,Norte de Roraima,Boa Vista,436591.0,13493364.0,4791543.0,190928.0,1306705.0,5625759.0,30906.189087727416,1
1400159,Bonfim,RR,Roraima,Norte,Norte de Roraima,Nordeste de Roraima,12701.0,522405.0,147193.0,274520.0,22091.0,70215.0,41131.0133060389,1
1400175,Cantá,RR,Roraima,Norte,Norte de Roraima,Nordeste de Roraima,19257.0,353071.0,205700.0,58180.0,19723.0,38823.0,18334.683491717296,0
1400209,Caracaraí,RR,Roraima,Norte,Sul de Roraima,Caracaraí,22635.0,453298.0,253062.0,68071.0,22712.0,89620.0,20026.419262204552,1
1400233,Caroebe,RR,Roraima,Norte,Sul de Roraima,Sudeste de Roraima,10595.0,236788.0,116439.0,73570.0,6607.0,33952.0,22349.032562529494,0
1400282,Iracema,RR,Roraima,Norte,Sul de Roraima,Caracaraí,12637.0,208477.0,135327.0,38618.0,5929.0,24505.0,16497.349054364167,0
1400308,Mucajaí,RR,Roraima,Norte,Sul de Roraima,Caracaraí,18482.0,393852.0,199048.0,70846.0,19885.0,81159.0,21310.03138188508,0
1400407,Normandia,RR,Roraima,Norte,Norte de Roraima,Nordeste de Roraima,11772.0,202859.0,131585.0,39996.0,6997.0,21175.0,17232.330954808018,0
1400456,Pacaraima,RR,Roraima,Norte,Norte de Roraima,Boa Vista,20108.0,329092.0,222588.0,10378.0,12128.0,60785.0,16366.222399045157,0
1400472,Rorainópolis,RR,Roraima,Norte,Sul de Roraima,Sudeste de Roraima,31387.0,732356.0,352449.0,104178.0,42449.0,161711.0,23333.09969095485,1
1400506,São João da Baliza,RR,Roraima,Norte,Sul de Roraima,Sudeste de Roraima,8492.0,327768.0,95076.0,43138.0,36302.0,51109.0,38597.26801695714,0
1400605,São Luiz do Anauá,RR,Roraima,Norte,Sul de Roraima,Sudeste de Roraima,8232.0,178972.0,92071.0,43740.0,7046.0,25916.0,21741.01068999028,0
1400704,Uiramutã,RR,Roraima,Norte,Norte de Roraima,Nordeste de Roraima,11014.0,143945.0,118438.0,8657.0,2202.0,12598.0,13069.275467586707,0
1500107,Abaetetuba,PA,Pará,Norte,Nordeste Paraense,Cametá,160439.0,1947974.0,669460.0,272103.0,73614.0,754091.0,12141.524192995468,1
1500131,Abel Figueiredo,PA,Pará,Norte,Sudeste Paraense,Paragominas,7536.0,105404.0,36359.0,27211.0,9394.0,24584.0,13986.730360934183,0
1500206,Acará,PA,Pará,Norte,Nordeste Paraense,Tomé-Açu,55744.0,1432521.0,312427.0,904959.0,58472.0,130251.0,25698.209672789897,1
1500305,Afuá,PA,Pará,Norte,Marajó,Furos de Breves,39910.0,443759.0,191039.0,174162.0,20307.0,46161.0,11118.992733650712,0
1500347,Água Azul do Norte,PA,Pará,Norte,Sudeste Paraense,Parauapebas,27797.0,642853.0,123699.0,239536.0,123807.0,63707.0,23126.704320610137,1
1500404,Alenquer,PA,Pará,Norte,Baixo Amazonas,Santarém,57390.0,744811.0,258088.0,302185.0,24521.0,135246.0,12978.06238020561,1
1500503,Almeirim,PA,Pará,Norte,Baixo Amazonas,Almeirim,34044.0,687773.0,197239.0,88297.0,217294.0,118064.0,20202.47326988603,1
1500602,Altamira,PA,Pará,Norte,Sudoeste Paraense,Altamira,117320.0,3118777.0,569189.0,429744.0,443280.0,1337527.0,26583.506648482784,1
1500701,Anajás,PA,Pará,Norte,Marajó,Furos de Breves,30091.0,258574.0,159539.0,38552.0,7907.0,37951.0,8593.067694659532,0
1500800,Ananindeua,PA,Pará,Norte,Metropolitana de Belém,Belém,540410.0,8937579.0,1832303.0,13285.0,1035308.0,4679395.0,16538.51520142114,1
1500859,Anapu,PA,Pará,Norte,Sudoeste Paraense,Altamira,29312.0,587647.0,146742.0,235104.0,22728.0,140246.0,20048.00081877729,1
1500909,Augusto Corrêa,PA,Pará,Norte,Nordeste Paraense,Bragantina,46937.0,363265.0,214921.0,67396.0,12548.0,56528.0,7739.416664891237,0
1500958,Aurora do Pará,PA,Pará,Norte,Nordeste Paraense,Guamá,32200.0,308260.0,152011.0,88250.0,9606.0,47400.0,9573.29192546584,0
1501006,Aveiro,PA,Pará,Norte,Sudoeste Paraense,Itaituba,16421.0,151776.0,78064.0,49842.0,8055.0,12919.0,9242.798855124536,0
1501105,Bagre,PA,Pará,Norte,Marajó,Portel,31967.0,250290.0,130826.0,85696.0,6399.0,23118.0,7829.636812963368,0
1501204,Baião,PA,Pará,Norte,Nordeste Paraense,Cametá,49454.0,561719.0,207563.0,265131.0,15613.0,63199.0,11358.413879564849,1
1501253,Bannach,PA,Pará,Norte,Sudeste Paraense,São Félix do Xingu,3239.0,128925.0,23317.0,90753.0,1598.0,10288.0,39803.95183698672,0
1501303,Barcarena,PA,Pará,Norte,Metropolitana de Belém,Belém,129333.0,9242378.0,621746.0,181646.0,4694445.0,1468235.0,71461.86974708698,1
1501402,Belém,PA,Pará,Norte,Metropolitana de Belém,Belém,1506420.0,33567695.0,5803063.0,99129.0,3549132.0,17773251.0,22283.09170085368,1
1501451,Belterra,PA,Pará,Norte,Baixo Amazonas,Santarém,17944.0,236958.0,90301.0,86223.0,10156.0,40823.0,13205.416852429782,0
1501501,Benevides,PA,Pará,Norte,Metropolitana de Belém,Belém,64780.0,1986152.0,274896.0,12266.0,438114.0,793918.0,30659.95677678296,1
1501576,Bom Jesus do Tocantins,PA,Pará,Norte,Sudeste Paraense,Paragominas,17254.0,243654.0,86732.0,90328.0,7004.0,48030.0,14121.594992465516,0
1501600,Bonito,PA,Pará,Norte,Nordeste Paraense,Bragantina,16769.0,206570.0,64369.0,27274.0,53344.0,25631.0,12318.564016936012,0
1501709,Bragança,PA,Pará,Norte,Nordeste Paraense,Bragantina,130122.0,1388411.0,552596.0,185795.0,72589.0,465163.0,10670.071163984569,1
1501725,Brasil Novo,PA,Pará,Norte,Sudoeste Paraense,Altamira,14883.0,379575.0,82057.0,161865.0,16464.0,90037.0,25503.9306591413,0
1501758,Brejo Grande do Araguaia,PA,Pará,Norte,Sudeste Paraense,Marabá,7357.0,114974.0,40018.0,44232.0,3057.0,22069.0,15627.837433736577,0
1501782,Breu Branco,PA,Pará,Norte,Sudeste Paraense,Tucuruí,68597.0,793768.0,278493.0,127550.0,159443.0,149724.0,11571.468140006124,1
1501808,Breves,PA,Pará,Norte,Marajó,Furos de Breves,104280.0,892630.0,509798.0,59887.0,32532.0,230633.0,8559.934790947449,1
1501907,Bujaru,PA,Pará,Norte,Metropolitana de Belém,Castanhal,29717.0,536456.0,127889.0,325587.0,21013.0,52242.0,18052.158697042098,1
1501956,Cachoeira do Piriá,PA,Pará,Norte,Nordeste Paraense,Guamá,35307.0,227354.0,143594.0,43547.0,6326.0,28275.0,6439.346305265245,0
1502004,Cachoeira do Arari,PA,Pará,Norte,Marajó,Arari,24355.0,255901.0,108167.0,94533.0,7759.0,36136.0,10507.12379388216,0
1502103,Cametá,PA,Pará,Norte,Nordeste Paraense,Cametá,140814.0,1392449.0,595046.0,428678.0,40086.0,271023.0,9888.569318391636,1
1502152,Canaã dos Carajás,PA,Pará,Norte,Sudeste Paraense,Parauapebas,39103.0,34987915.0,407859.0,111001.0,30877677.0,3066193.0,894762.9337902463,1
1502202,Capanema,PA,Pará,Norte,Nordeste Paraense,Bragantina,69828.0,1426639.0,275295.0,144331.0,131410.0,669788.0,20430.758435011743,1
1502301,Capitão Poço,PA,Pará,Norte,Nordeste Paraense,Guamá,54545.0,615256.0,236972.0,131840.0,35337.0,169179.0,11279.787331561096,1
1502400,Castanhal,PA,Pará,Norte,Metropolitana de Belém,Castanhal,205667.0,4707381.0,890523.0,140846.0,642750.0,2195153.0,22888.36322793642,1
1502509,Chaves,PA,Pará,Norte,Marajó,Arari,24175.0,247974.0,117089.0,111397.0,3192.0,14002.0,10257.456049638056,0
1502608,Colares,PA,Pará,Norte,Nordeste Paraense,Salgado,12175.0,100826.0,57902.0,20699.0,2830.0,16834.0,8281.396303901438,0
1502707,Conceição do Araguaia,PA,Pará,Norte,Sudeste Paraense,Conceição do Araguaia,48115.0,662415.0,200828.0,143289.0,30239.0,232425.0,13767.328276005404,1
1502756,Concórdia do Pará,PA,Pará,Norte,Nordeste Paraense,Tomé-Açu,34236.0,419795.0,169625.0,110682.0,17552.0,93544.0,12261.8004439771,0
1502764,Cumaru do Norte,PA,Pará,Norte,Sudeste Paraense,São Félix do Xingu,14044.0,406772.0,64964.0,267034.0,7679.0,52184.0,28964.112788379374,0
1502772,Curionópolis,PA,Pará,Norte,Sudeste Paraense,Parauapebas,17764.0,3666991.0,109867.0,108750.0,3061776.0,337557.0,206428.22562485927,1
1502806,Curralinho,PA,Pará,Norte,Marajó,Furos de Breves,35530.0,282042.0,178403.0,56014.0,6512.0,34762.0,7938.136785814804,0
1502855,Curuá,PA,Pará,Norte,Baixo Amazonas,Santarém,14776.0,149514.0,75569.0,45805.0,3542.0,20905.0,10118.706009745534,0
1502905,Curuçá,PA,Pará,Norte,Nordeste Paraense,Salgado,41093.0,369391.0,177839.0,103441.0,13672.0,60166.0,8989.14656997542,0
1502939,Dom Eliseu,PA,Pará,Norte,Sudeste Paraense,Paragominas,61206.0,940080.0,257278.0,233612.0,49642.0,303029.0,15359.278502107636,1
1502954,Eldorado do Carajás,PA,Pará,Norte,Sudeste Paraense,Parauapebas,34069.0,555637.0,162776.0,156254.0,48330.0,139636.0,16309.166691126831,1
1503002,Faro,PA,Pará,Norte,Baixo Amazonas,Óbidos,6949.0,76574.0,46330.0,6823.0,2838.0,17181.0,11019.427255720248,0
1503044,Floresta do Araguaia,PA,Pará,Norte,Sudeste Paraense,Conceição do Araguaia,20742.0,602377.0,98986.0,260687.0,116719.0,95058.0,29041.41355703404,1
1503077,Garrafão do Norte,PA,Pará,Norte,Nordeste Paraense,Guamá,26155.0,275694.0,129879.0,75425.0,9978.0,48968.0,10540.77614222902,0
1503093,Goianésia do Pará,PA,Pará,Norte,Sudeste Paraense,Paragominas,41678.0,506230.0,183382.0,168149.0,16647.0,107030.0,12146.216229185662,1
1503101,Gurupá,PA,Pará,Norte,Marajó,Portel,34127.0,333716.0,192766.0,79023.0,8405.0,45255.0,9778.650335511473,0
1503200,Igarapé-Açu,PA,Pará,Norte,Nordeste Paraense,Bragantina,39234.0,415581.0,159986.0,82651.0,30194.0,108470.0,10592.368863740634,0
1503309,Igarapé-Miri,PA,Pará,Norte,Nordeste Paraense,Cametá,63367.0,690510.0,297346.0,188507.0,38015.0,126132.0,10896.996859564126,1
1503408,Inhangapi,PA,Pará,Norte,Metropolitana de Belém,Castanhal,12009.0,174530.0,49420.0,76519.0,19357.0,16976.0,14533.266716629194,0
1503457,Ipixuna do Pará,PA,Pará,Norte,Nordeste Paraense,Guamá,67170.0,624646.0,279301.0,83540.0,139039.0,89441.0,9299.478934047938,1
1503507,Irituia,PA,Pará,Norte,Nordeste Paraense,Guamá,32639.0,277699.0,141310.0,60721.0,11017.0,53670.0,8508.19571678054,0
1503606,Itaituba,PA,Pará,Norte,Sudoeste Paraense,Itaituba,101541.0,3077344.0,486239.0,166186.0,753355.0,1316450.0,30306.41809712333,1
1503705,Itupiranga,PA,Pará,Norte,Sudeste Paraense,Tucuruí,53439.0,841410.0,239283.0,396489.0,27757.0,143780.0,15745.24223881435,1
1503754,Jacareacanga,PA,Pará,Norte,Sudoeste Paraense,Itaituba,6952.0,625353.0,182688.0,63184.0,290782.0,71691.0,89952.96317606444,1
1503804,Jacundá,PA,Pará,Norte,Sudeste Paraense,Tucuruí,60517.0,615189.0,250799.0,68475.0,29715.0,211259.0,10165.55678569658,1
1503903,Juruti,PA,Pará,Norte,Baixo Amazonas,Óbidos,59961.0,1450846.0,322027.0,290459.0,467180.0,303248.0,24196.49438801888,1
1504000,Limoeiro do Ajuru,PA,Pará,Norte,Nordeste Paraense,Cametá,29623.0,502725.0,136829.0,331383.0,5522.0,24231.0,16970.7659588833,0
1504059,Mãe do Rio,PA,Pará,Norte,Nordeste Paraense,Guamá,30389.0,339947.0,145553.0,31862.0,13165.0,121765.0,11186.5148573497,0
1504109,Magalhães Barata,PA,Pará,Norte,Nordeste Paraense,Salgado,8598.0,98319.0,42987.0,36893.0,2912.0,13279.0,11435.1011863224,0
1504208,Marabá,PA,Pará,Norte,Sudeste Paraense,Marabá,287664.0,13519525.0,1410550.0,608869.0,6619708.0,3400318.0,46997.62570220813,1
1504307,Maracanã,PA,Pará,Norte,Nordeste Paraense,Salgado,29559.0,289582.0,152739.0,74589.0,9660.0,44451.0,9796.745492066711,0
1504406,Marapanim,PA,Pará,Norte,Nordeste Paraense,Salgado,28563.0,263294.0,140619.0,52541.0,8453.0,53617.0,9218.00931274726,0
1504422,Marituba,PA,Pará,Norte,Metropolitana de Belém,Belém,135812.0,2577121.0,614045.0,2145.0,218126.0,1286743.0,18975.65016346125,1
1504455,Medicilândia,PA,Pará,Norte,Sudoeste Paraense,Altamira,32347.0,1023645.0,144100.0,626710.0,40563.0,165138.0,31645.74767366371,1
1504505,Melgaço,PA,Pará,Norte,Marajó,Portel,28121.0,216421.0,152233.0,31533.0,6069.0,22252.0,7696.063440133708,0
1504604,Mocajuba,PA,Pará,Norte,Nordeste Paraense,Cametá,31917.0,451566.0,177074.0,184798.0,15067.0,61166.0,14148.134223141273,0
1504703,Moju,PA,Pará,Norte,Nordeste Paraense,Tomé-Açu,84251.0,1333107.0,375852.0,501317.0,104621.0,246898.0,15823.04067607506,1
1504752,Mojuí dos Campos,PA,Pará,Norte,Baixo Amazonas,Santarém,16282.0,288393.0,88076.0,123924.0,16984.0,47684.0,17712.38177128117,0
1504802,Monte Alegre,PA,Pará,Norte,Baixo Amazonas,Santarém,58289.0,806682.0,272285.0,295334.0,33791.0,167509.0,13839.352193381255,1
1504901,Muaná,PA,Pará,Norte,Marajó,Arari,41454.0,338390.0,176776.0,102947.0,9198.0,41319.0,8163.024074878178,0
1504950,Nova Esperança do Piriá,PA,Pará,Norte,Nordeste Paraense,Guamá,21519.0,350593.0,101532.0,179895.0,11847.0,47003.0,16292.253357498024,0
1504976,Nova Ipixuna,PA,Pará,Norte,Sudeste Paraense,Tucuruí,17027.0,192412.0,79842.0,59161.0,7790.0,35548.0,11300.405238738476,0
1505007,Nova Timboteua,PA,Pará,Norte,Nordeste Paraense,Bragantina,15646.0,147341.0,68323.0,28335.0,5203.0,36213.0,9417.167327112362,0
1505031,Novo Progresso,PA,Pará,Norte,Sudoeste Paraense,Itaituba,25769.0,971105.0,146115.0,232428.0,92440.0,367073.0,37685.009119484654,1
1505064,Novo Repartimento,PA,Pará,Norte,Sudeste Paraense,Tucuruí,78488.0,1116164.0,363628.0,399142.0,26021.0,253529.0,14220.823565385792,1
1505106,Óbidos,PA,Pará,Norte,Baixo Amazonas,Óbidos,52473.0,965319.0,248445.0,426321.0,106432.0,147932.0,18396.489623234807,1
1505205,Oeiras do Pará,PA,Pará,Norte,Nordeste Paraense,Cametá,33182.0,418634.0,167186.0,192353.0,9147.0,42088.0,12616.29799288771,0
1505304,Oriximiná,PA,Pará,Norte,Baixo Amazonas,Óbidos,74921.0,2277390.0,410994.0,312023.0,949627.0,477328.0,30397.218403384897,1
1505403,Ourém,PA,Pará,Norte,Nordeste Paraense,Guamá,18079.0,200487.0,73282.0,59918.0,16476.0,40546.0,11089.496100448034,0
1505437,Ourilândia do Norte,PA,Pará,Norte,Sudeste Paraense,São Félix do Xingu,33831.0,1301994.0,167637.0,95172.0,574409.0,230528.0,38485.23543495611,1
1505486,Pacajá,PA,Pará,Norte,Sudoeste Paraense,Altamira,49110.0,867036.0,232065.0,413225.0,28136.0,149663.0,17654.97861942578,1
1505494,Palestina do Pará,PA,Pará,Norte,Sudeste Paraense,Marabá,7575.0,98673.0,37194.0,40875.0,2327.0,14835.0,13026.138613861383,0
1505502,Paragominas,PA,Pará,Norte,Sudeste Paraense,Paragominas,115838.0,4279105.0,558209.0,433733.0,1596083.0,1267405.0,36940.42542170963,1
1505536,Parauapebas,PA,Pará,Norte,Sudeste Paraense,Parauapebas,218787.0,49756255.0,1797124.0,238183.0,40659414.0,5655263.0,227418.6994656904,1
1505551,Pau D'Arco,PA,Pará,Norte,Sudeste Paraense,Redenção,5339.0,114746.0,36286.0,56578.0,3671.0,14923.0,21492.03970781045,0
1505601,Peixe-Boi,PA,Pará,Norte,Nordeste Paraense,Bragantina,8084.0,72240.0,36957.0,19300.0,2301.0,11424.0,8936.170212765957,0
1505635,Piçarra,PA,Pará,Norte,Sudeste Paraense,Redenção,12976.0,292566.0,68162.0,166605.0,12299.0,33512.0,22546.70160295931,0
1505650,Placas,PA,Pará,Norte,Baixo Amazonas,Santarém,32325.0,322977.0,136672.0,111623.0,9833.0,50875.0,9991.554524361947,0
1505700,Ponta de Pedras,PA,Pará,Norte,Marajó,Arari,32007.0,274903.0,143335.0,69027.0,6204.0,46385.0,8588.83994126285,0
1505809,Portel,PA,Pará,Norte,Marajó,Portel,63831.0,944900.0,318300.0,466733.0,34380.0,102529.0,14803.152073443938,1
1505908,Porto de Moz,PA,Pará,Norte,Baixo Amazonas,Almeirim,42456.0,404115.0,213070.0,104945.0,10775.0,61332.0,9518.44262295082,0
1506005,Prainha,PA,Pará,Norte,Baixo Amazonas,Santarém,29827.0,437647.0,148809.0,219178.0,13824.0,46957.0,14672.846749589298,0
1506104,Primavera,PA,Pará,Norte,Nordeste Paraense,Bragantina,10889.0,321570.0,56793.0,5222.0,162580.0,33606.0,29531.637432271094,0
1506112,Quatipuru,PA,Pará,Norte,Nordeste Paraense,Bragantina,13794.0,120746.0,60869.0,37132.0,3061.0,16674.0,8753.516021458605,0
1506138,Redenção,PA,Pará,Norte,Sudeste Paraense,Redenção,86326.0,2551566.0,392242.0,200284.0,302558.0,1238252.0,29557.329193985588,1
1506161,Rio Maria,PA,Pará,Norte,Sudeste Paraense,Redenção,18208.0,601635.0,90738.0,163335.0,122405.0,134988.0,33042.34402460457,1
1506187,Rondon do Pará,PA,Pará,Norte,Sudeste Paraense,Paragominas,53242.0,733550.0,230486.0,176745.0,41598.0,221451.0,13777.656737162391,1
1506195,Rurópolis,PA,Pará,Norte,Sudoeste Paraense,Itaituba,52473.0,496483.0,202229.0,90008.0,65987.0,105318.0,9461.685057076971,1
1506203,Salinópolis,PA,Pará,Norte,Nordeste Paraense,Salgado,41164.0,641473.0,185625.0,21408.0,58821.0,301368.0,15583.34952871441,1
1506302,Salvaterra,PA,Pará,Norte,Marajó,Arari,24392.0,210115.0,110528.0,36073.0,9144.0,46006.0,8614.094785175468,0
1506351,Santa Bárbara do Pará,PA,Pará,Norte,Metropolitana de Belém,Belém,21811.0,240288.0,100139.0,12848.0,55638.0,44663.0,11016.826372014122,0
1506401,Santa Cruz do Arari,PA,Pará,Norte,Marajó,Arari,10496.0,95936.0,46821.0,37430.0,1676.0,8696.0,9140.243902439024,0
1506500,Santa Izabel do Pará,PA,Pará,Norte,Metropolitana de Belém,Castanhal,72856.0,934543.0,297740.0,117822.0,69304.0,328897.0,12827.261996266609,1
1506559,Santa Luzia do Pará,PA,Pará,Norte,Nordeste Paraense,Guamá,19839.0,195899.0,100727.0,41040.0,5768.0,39811.0,9874.43923584858,0
1506583,Santa Maria das Barreiras,PA,Pará,Norte,Sudeste Paraense,Conceição do Araguaia,22244.0,1071990.0,104469.0,337616.0,442876.0,147339.0,48192.3215249056,1
1506609,Santa Maria do Pará,PA,Pará,Norte,Nordeste Paraense,Bragantina,25127.0,371437.0,103188.0,105235.0,27645.0,106107.0,14782.385481752695,0
1506708,Santana do Araguaia,PA,Pará,Norte,Sudeste Paraense,Conceição do Araguaia,75995.0,1381466.0,291705.0,379315.0,141634.0,390570.0,18178.38015658925,1
1506807,Santarém,PA,Pará,Norte,Baixo Amazonas,Santarém,308339.0,6387634.0,1334783.0,442113.0,563797.0,3180015.0,20716.270079360704,1
1506906,Santarém Novo,PA,Pará,Norte,Nordeste Paraense,Bragantina,6796.0,59961.0,36770.0,11705.0,1983.0,8026.0,8822.984108298999,0
1507003,Santo Antônio do Tauá,PA,Pará,Norte,Metropolitana de Belém,Castanhal,32346.0,475226.0,147106.0,160572.0,54988.0,75761.0,14691.955728683608,1
1507102,São Caetano de Odivelas,PA,Pará,Norte,Nordeste Paraense,Salgado,18207.0,182987.0,84785.0,58503.0,5432.0,28931.0,10050.36524413687,0
1507151,São Domingos do Araguaia,PA,Pará,Norte,Sudeste Paraense,Marabá,25945.0,358711.0,124248.0,107269.0,13806.0,90907.0,13825.823858161497,0
1507201,São Domingos do Capim,PA,Pará,Norte,Nordeste Paraense,Guamá,32285.0,438000.0,159059.0,204221.0,14409.0,50689.0,13566.671829022764,0
1507300,São Félix do Xingu,PA,Pará,Norte,Sudeste Paraense,São Félix do Xingu,135732.0,2008369.0,493874.0,879584.0,186679.0,327860.0,14796.577078360298,1
1507409,São Francisco do Pará,PA,Pará,Norte,Nordeste Paraense,Bragantina,15978.0,264186.0,75953.0,108779.0,11976.0,52627.0,16534.359744648893,0
1507458,São Geraldo do Araguaia,PA,Pará,Norte,Sudeste Paraense,Redenção,24566.0,710322.0,130010.0,175716.0,155043.0,146043.0,28914.841651062445,1
1507466,São João da Ponta,PA,Pará,Norte,Nordeste Paraense,Salgado,6294.0,57326.0,31280.0,16516.0,1728.0,6159.0,9108.039402605657,0
1507474,São João de Pirabas,PA,Pará,Norte,Nordeste Paraense,Salgado,23440.0,181939.0,103011.0,31753.0,6661.0,33030.0,7761.902730375426,0
1507508,São João do Araguaia,PA,Pará,Norte,Sudeste Paraense,Marabá,14105.0,186695.0,72371.0,70258.0,10502.0,24511.0,13236.08649415101,0
1507607,São Miguel do Guamá,PA,Pará,Norte,Nordeste Paraense,Guamá,60268.0,792510.0,272181.0,248069.0,47186.0,173800.0,13149.764385743678,1
1507706,São Sebastião da Boa Vista,PA,Pará,Norte,Marajó,Furos de Breves,27302.0,244688.0,133171.0,66736.0,5511.0,32686.0,8962.273826093326,0
1507755,Sapucaia,PA,Pará,Norte,Sudeste Paraense,Redenção,6088.0,141045.0,39683.0,56541.0,6978.0,27620.0,23167.706964520366,0
1507805,Senador José Porfírio,PA,Pará,Norte,Sudoeste Paraense,Altamira,11305.0,246022.0,76525.0,105173.0,9716.0,45566.0,21762.229102167184,0
1507904,Soure,PA,Pará,Norte,Marajó,Arari,25752.0,241545.0,114485.0,53588.0,7350.0,55108.0,9379.65983224604,0
1507953,Tailândia,PA,Pará,Norte,Nordeste Paraense,Tomé-Açu,111554.0,1291017.0,421539.0,154774.0,178234.0,366147.0,11573.022930598634,1
1507961,Terra Alta,PA,Pará,Norte,Nordeste Paraense,Salgado,11971.0,82919.0,54485.0,8621.0,2694.0,14729.0,6926.656085540055,0
1507979,Terra Santa,PA,Pará,Norte,Baixo Amazonas,Óbidos,19063.0,519258.0,101170.0,25488.0,303389.0,76015.0,27239.04946755495,1
1508001,Tomé-Açu,PA,Pará,Norte,Nordeste Paraense,Tomé-Açu,64604.0,1039721.0,334983.0,224587.0,109036.0,265511.0,16093.755804594142,1
1508035,Tracuateua,PA,Pará,Norte,Nordeste Paraense,Bragantina,31549.0,285004.0,142051.0,82240.0,18493.0,35286.0,9033.693619449112,0
1508050,Trairão,PA,Pará,Norte,Sudoeste Paraense,Itaituba,19344.0,327330.0,85763.0,96835.0,12833.0,100065.0,16921.52605459057,0
1508084,Tucumã,PA,Pará,Norte,Sudeste Paraense,São Félix do Xingu,40661.0,984036.0,176936.0,177158.0,129965.0,355166.0,24200.978824918227,1
1508100,Tucuruí,PA,Pará,Norte,Sudeste Paraense,Tucuruí,116605.0,5612935.0,589488.0,73737.0,4178576.0,617647.0,48136.31490930921,1
1508126,Ulianópolis,PA,Pará,Norte,Sudeste Paraense,Paragominas,62286.0,1995463.0,240157.0,1376072.0,142721.0,181220.0,32037.10304081174,1
1508159,Uruará,PA,Pará,Norte,Sudoeste Paraense,Altamira,45395.0,774004.0,214444.0,281380.0,35194.0,191297.0,17050.42405551272,1
1508209,Vigia,PA,Pará,Norte,Nordeste Paraense,Salgado,54650.0,476447.0,205473.0,97151.0,15383.0,127882.0,8718.15187557182,1
1508308,Viseu,PA,Pará,Norte,Nordeste Paraense,Guamá,62093.0,617944.0,276354.0,225759.0,19876.0,79170.0,9951.9108434123,1
1508357,Vitória do Xingu,PA,Pará,Norte,Sudoeste Paraense,Altamira,15421.0,4230225.0,140076.0,107918.0,3865919.0,84291.0,274315.8679722456,1
1508407,Xinguara,PA,Pará,Norte,Sudeste Paraense,Redenção,45416.0,1604337.0,242665.0,184086.0,316853.0,560780.0,35325.36991368681,1
1600055,Serra do Navio,AP,Amapá,Norte,Sul do Amapá,Macapá,5577.0,92139.0,64933.0,3926.0,4403.0,15663.0,16521.247982786444,0
1600105,Amapá,AP,Amapá,Norte,Norte do Amapá,Amapá,9265.0,159528.0,95507.0,28583.0,4595.0,26863.0,17218.34862385321,0
1600154,Pedra Branca do Amapari,AP,Amapá,Norte,Sul do Amapá,Macapá,17625.0,453333.0,192839.0,7111.0,142228.0,55804.0,25721.021276595744,0
1600204,Calçoene,AP,Amapá,Norte,Norte do Amapá,Oiapoque,11493.0,186852.0,113901.0,16007.0,10559.0,38439.0,16257.896110676063,0
1600212,Cutias,AP,Amapá,Norte,Sul do Amapá,Macapá,6217.0,94992.0,60377.0,22729.0,1951.0,8394.0,15279.39520669133,0
1600238,Ferreira Gomes,AP,Amapá,Norte,Sul do Amapá,Macapá,8151.0,578737.0,101350.0,3229.0,439810.0,28152.0,71001.96294933137,0
1600253,Itaubal,AP,Amapá,Norte,Sul do Amapá,Macapá,5730.0,87878.0,62282.0,11716.0,2495.0,9177.0,15336.47469458988,0
1600279,Laranjal do Jari,AP,Amapá,Norte,Sul do Amapá,Mazagão,52302.0,1134544.0,525104.0,13271.0,366792.0,196684.0,21692.17238346526,1
1600303,Macapá,AP,Amapá,Norte,Sul do Amapá,Macapá,522357.0,12938091.0,4962328.0,71440.0,1069060.0,5643503.0,24768.675446102952,1
1600402,Mazagão,AP,Amapá,Norte,Sul do Amapá,Mazagão,22468.0,374987.0,235718.0,27651.0,33320.0,57294.0,16689.82552964216,0
1600501,Oiapoque,AP,Amapá,Norte,Norte do Amapá,Oiapoque,28534.0,529043.0,299224.0,18065.0,28098.0,150976.0,18540.79343940562,1
1600535,Porto Grande,AP,Amapá,Norte,Sul do Amapá,Macapá,22927.0,374265.0,234787.0,33768.0,21401.0,68978.0,16324.202904871983,0
1600550,Pracuúba,AP,Amapá,Norte,Norte do Amapá,Amapá,5370.0,84579.0,55658.0,18978.0,1758.0,6832.0,15750.279329608938,0
1600600,Santana,AP,Amapá,Norte,Sul do Amapá,Macapá,124808.0,2512916.0,1223474.0,19031.0,217637.0,847610.0,20134.254214473436,1
1600709,Tartarugalzinho,AP,Amapá,Norte,Norte do Amapá,Amapá,18217.0,261070.0,179019.0,44487.0,5536.0,27326.0,14331.119284185104,0
1600808,Vitória do Jari,AP,Amapá,Norte,Sul do Amapá,Mazagão,16572.0,236897.0,171894.0,6369.0,15954.0,33394.0,14295.015689114169,0
1700251,Abreulândia,TO,Tocantins,Norte,Ocidental do Tocantins,Miracema do Tocantins,2609.0,112135.0,23145.0,74730.0,2743.0,9665.0,42980.06899195094,0
1700301,Aguiarnópolis,TO,Tocantins,Norte,Ocidental do Tocantins,Bico do Papagaio,7049.0,165480.0,51231.0,17292.0,21956.0,45844.0,23475.670307845085,0
1700350,Aliança do Tocantins,TO,Tocantins,Norte,Ocidental do Tocantins,Gurupi,5303.0,616571.0,43473.0,472909.0,6296.0,72123.0,116268.338676221,0
1700400,Almas,TO,Tocantins,Norte,Oriental do Tocantins,Dianópolis,6905.0,273741.0,51963.0,183498.0,6912.0,24691.0,39643.881245474295,0
1700707,Alvorada,TO,Tocantins,Norte,Ocidental do Tocantins,Gurupi,8381.0,474111.0,65048.0,152194.0,42885.0,146123.0,56569.74108101658,0
1701002,Ananás,TO,Tocantins,Norte,Ocidental do Tocantins,Bico do Papagaio,9435.0,159769.0,69558.0,42527.0,4488.0,34258.0,16933.65129835718,0
1701051,Angico,TO,Tocantins,Norte,Ocidental do Tocantins,Bico do Papagaio,3475.0,48276.0,28758.0,10234.0,1661.0,6296.0,13892.374100719424,0
1701101,Aparecida do Rio Negro,TO,Tocantins,Norte,Oriental do Tocantins,Porto Nacional,4901.0,255912.0,41229.0,161633.0,6608.0,38178.0,52216.2823913487,0
1701309,Aragominas,TO,Tocantins,Norte,Ocidental do Tocantins,Araguaína,5705.0,98441.0,42908.0,43334.0,1784.0,8618.0,17255.21472392638,0
1701903,Araguacema,TO,Tocantins,Norte,Ocidental do Tocantins,Miracema do Tocantins,7223.0,240246.0,54963.0,148350.0,6923.0,24595.0,33261.248788592,0
1702000,Araguaçu,TO,Tocantins,Norte,Ocidental do Tocantins,Rio Formoso,8418.0,349050.0,64899.0,200286.0,8542.0,63020.0,41464.71846044191,0
1702109,Araguaína,TO,Tocantins,Norte,Ocidental do Tocantins,Araguaína,186245.0,5239050.0,1341819.0,112274.0,521090.0,2540744.0,28129.882681414267,1
1702158,Araguanã,TO,Tocantins,Norte,Ocidental do Tocantins,Araguaína,5856.0,101858.0,45417.0,39949.0,3245.0,10891.0,17393.784153005465,0
1702208,Araguatins,TO,Tocantins,Norte,Ocidental do Tocantins,Bico do Papagaio,36573.0,529290.0,244204.0,97870.0,19065.0,137431.0,14472.151587236483,1
1702307,Arapoema,TO,Tocantins,Norte,Ocidental do Tocantins,Araguaína,6590.0,324523.0,48895.0,60824.0,170127.0,37392.0,49244.76479514416,0
1702406,Arraias,TO,Tocantins,Norte,Oriental do Tocantins,Dianópolis,10502.0,223310.0,76999.0,82975.0,8818.0,44556.0,21263.56884402971,0
1702554,Augustinópolis,TO,Tocantins,Norte,Ocidental do Tocantins,Bico do Papagaio,18870.0,305118.0,130909.0,27450.0,18659.0,103437.0,16169.475357710651,0
1702703,Aurora do Tocantins,TO,Tocantins,Norte,Oriental do Tocantins,Dianópolis,3809.0,58806.0,28400.0,19176.0,1855.0,7364.0,15438.69782095038,0
1702901,Axixá do Tocantins,TO,Tocantins,Norte,Ocidental do Tocantins,Bico do Papagaio,9817.0,141092.0,81195.0,21290.0,3740.0,28201.0,14372.211469899155,0
1703008,Babaçulândia,TO,Tocantins,Norte,Ocidental do Tocantins,Araguaína,10668.0,158741.0,75749.0,57534.0,5336.0,16247.0,14880.108736407949,0
1703057,Bandeirantes do Tocantins,TO,Tocantins,Norte,Ocidental do Tocantins,Araguaína,3631.0,178654.0,31291.0,52114.0,70648.0,19091.0,49202.42357477279,0
1703073,Barra do Ouro,TO,Tocantins,Norte,Oriental do Tocantins,Jalapão,4673.0,113260.0,35876.0,60887.0,2691.0,11367.0,24237.10678365076,0
1703107,Barrolândia,TO,Tocantins,Norte,Ocidental do Tocantins,Miracema do Tocantins,5669.0,122016.0,44299.0,32502.0,5680.0,29420.0,21523.372728876344,0
1703206,Bernardo Sayão,TO,Tocantins,Norte,Ocidental do Tocantins,Miracema do Tocantins,4439.0,102684.0,36491.0,42800.0,3135.0,14185.0,23132.236990313133,0
1703305,Bom Jesus do Tocantins,TO,Tocantins,Norte,Oriental do Tocantins,Porto Nacional,5120.0,139410.0,38199.0,83369.0,3909.0,11814.0,27228.515625,0
1703602,Brasilândia do Tocantins,TO,Tocantins,Norte,Ocidental do Tocantins,Miracema do Tocantins,2221.0,75634.0,21095.0,13936.0,1408.0,28037.0,34054.02971634399,0
1703701,Brejinho de Nazaré,TO,Tocantins,Norte,Ocidental do Tocantins,Gurupi,5540.0,272945.0,44226.0,195158.0,5251.0,21840.0,49268.05054151625,0
1703800,Buriti do Tocantins,TO,Tocantins,Norte,Ocidental do Tocantins,Bico do Papagaio,11644.0,161641.0,82370.0,44530.0,5812.0,22966.0,13881.913431810375,0
1703826,Cachoeirinha,TO,Tocantins,Norte,Ocidental do Tocantins,Bico do Papagaio,2293.0,58547.0,21138.0,28901.0,1339.0,5963.0,25532.92629742695,0
1703842,Campos Lindos,TO,Tocantins,Norte,Oriental do Tocantins,Jalapão,10505.0,1004931.0,80671.0,706472.0,22035.0,161822.0,95662.16087577344,1
1703867,Cariri do Tocantins,TO,Tocantins,Norte,Ocidental do Tocantins,Gurupi,4499.0,517715.0,43630.0,102971.0,84143.0,169031.0,115073.34963325184,1
1703883,Carmolândia,TO,Tocantins,Norte,Ocidental do Tocantins,Araguaína,2627.0,69222.0,26754.0,30368.0,1516.0,8688.0,26350.20936429387,0
1703891,Carrasco Bonito,TO,Tocantins,Norte,Ocidental do Tocantins,Bico do Papagaio,4165.0,50561.0,32513.0,9490.0,1682.0,5849.0,12139.495798319327,0
1703909,Caseara,TO,Tocantins,Norte,Ocidental do Tocantins,Miracema do Tocantins,5514.0,389493.0,44418.0,284574.0,8940.0,41881.0,70637.10554951034,0
1704105,Centenário,TO,Tocantins,Norte,Oriental do Tocantins,Jalapão,2966.0,64557.0,24714.0,30023.0,1230.0,6878.0,21765.67768037761,0
1704600,Chapada de Areia,TO,Tocantins,Norte,Ocidental do Tocantins,Rio Formoso,1415.0,39824.0,14173.0,19794.0,1208.0,3830.0,28144.16961130742,0
1705102,Chapada da Natividade,TO,Tocantins,Norte,Oriental do Tocantins,Dianópolis,3330.0,148973.0,28409.0,83513.0,18831.0,14542.0,44736.63663663664,0
1705508,Colinas do Tocantins,TO,Tocantins,Norte,Ocidental do Tocantins,Araguaína,36271.0,862139.0,261775.0,92361.0,78660.0,333011.0,23769.374982768604,1
1705557,Combinado,TO,Tocantins,Norte,Oriental do Tocantins,Dianópolis,4870.0,76524.0,35698.0,11156.0,3497.0,19784.0,15713.34702258727,0
1705607,Conceição do Tocantins,TO,Tocantins,Norte,Oriental do Tocantins,Dianópolis,4070.0,67829.0,32968.0,15023.0,1523.0,13974.0,16665.601965601967,0
1706001,Couto Magalhães,TO,Tocantins,Norte,Ocidental do Tocantins,Miracema do Tocantins,5690.0,203473.0,45298.0,87040.0,8371.0,46207.0,35759.7539543058,0
1706100,Cristalândia,TO,Tocantins,Norte,Ocidental do Tocantins,Rio Formoso,7268.0,177294.0,54015.0,80891.0,8647.0,26305.0,24393.780957622454,0
1706258,Crixás do Tocantins,TO,Tocantins,Norte,Ocidental do Tocantins,Gurupi,1749.0,78645.0,18737.0,47272.0,1744.0,8560.0,44965.69468267581,0
1706506,Darcinópolis,TO,Tocantins,Norte,Ocidental do Tocantins,Bico do Papagaio,6250.0,241932.0,46817.0,126582.0,6075.0,44822.0,38709.12,0
1707009,Dianópolis,TO,Tocantins,Norte,Oriental do Tocantins,Dianópolis,22704.0,644829.0,158081.0,237538.0,42751.0,167648.0,28401.559196617334,1
1707108,Divinópolis do Tocantins,TO,Tocantins,Norte,Ocidental do Tocantins,Miracema do Tocantins,6986.0,249235.0,55830.0,134264.0,10506.0,37340.0,35676.35270541082,0
1707207,Dois Irmãos do Tocantins,TO,Tocantins,Norte,Ocidental do Tocantins,Miracema do Tocantins,7173.0,216149.0,49571.0,95410.0,21870.0,26718.0,30133.69580370835,0
1707306,Dueré,TO,Tocantins,Norte,Ocidental do Tocantins,Rio Formoso,4686.0,204765.0,38690.0,130341.0,6427.0,22135.0,43697.18309859155,0
1707405,Esperantina,TO,Tocantins,Norte,Ocidental do Tocantins,Bico do Papagaio,11280.0,118724.0,79000.0,18028.0,4790.0,14135.0,10525.17730496454,0
1707553,Fátima,TO,Tocantins,Norte,Ocidental do Tocantins,Rio Formoso,3824.0,89100.0,29414.0,24583.0,3427.0,23418.0,23300.20920502092,0
1707652,Figueirópolis,TO,Tocantins,Norte,Ocidental do Tocantins,Gurupi,5222.0,256752.0,39021.0,123292.0,6809.0,68444.0,49167.36882420529,0
1707702,Filadélfia,TO,Tocantins,Norte,Ocidental do Tocantins,Araguaína,8892.0,129323.0,61559.0,41004.0,4383.0,19269.0,14543.74718848403,0
1708205,Formoso do Araguaia,TO,Tocantins,Norte,Ocidental do Tocantins,Rio Formoso,18358.0,1414038.0,138498.0,1071674.0,41146.0,126615.0,77025.71086174964,1
1708254,Tabocão,TO,Tocantins,Norte,Ocidental do Tocantins,Miracema do Tocantins,2615.0,232898.0,29675.0,54094.0,5847.0,101553.0,89062.3326959847,0
1708304,Goianorte,TO,Tocantins,Norte,Ocidental do Tocantins,Miracema do Tocantins,5136.0,193502.0,39185.0,90653.0,33541.0,24057.0,37675.62305295951,0
1709005,Goiatins,TO,Tocantins,Norte,Oriental do Tocantins,Jalapão,13169.0,230924.0,95336.0,95969.0,6681.0,26494.0,17535.424102057863,0
1709302,Guaraí,TO,Tocantins,Norte,Ocidental do Tocantins,Miracema do Tocantins,26403.0,880403.0,188012.0,146991.0,38560.0,410569.0,33344.80930197326,1
1709500,Gurupi,TO,Tocantins,Norte,Ocidental do Tocantins,Gurupi,88428.0,2648420.0,707307.0,135884.0,207473.0,1239004.0,29950.015832089382,1
1709807,Ipueiras,TO,Tocantins,Norte,Oriental do Tocantins,Porto Nacional,2088.0,47772.0,20278.0,20271.0,1536.0,4796.0,22879.310344827587,0
1710508,Itacajá,TO,Tocantins,Norte,Oriental do Tocantins,Jalapão,7471.0,186260.0,57114.0,91064.0,3966.0,26480.0,24931.066791594163,0
1710706,Itaguatins,TO,Tocantins,Norte,Ocidental do Tocantins,Bico do Papagaio,5801.0,82611.0,45036.0,22952.0,2905.0,9790.0,14240.820548181347,0
1710904,Itapiratins,TO,Tocantins,Norte,Oriental do Tocantins,Jalapão,3814.0,171522.0,31230.0,117489.0,3829.0,15556.0,44971.68327215522,0
1711100,Itaporã do Tocantins,TO,Tocantins,Norte,Ocidental do Tocantins,Miracema do Tocantins,2412.0,69980.0,21693.0,37274.0,1269.0,6744.0,29013.266998341624,0
1711506,Jaú do Tocantins,TO,Tocantins,Norte,Ocidental do Tocantins,Gurupi,3906.0,97865.0,32832.0,46737.0,2379.0,11778.0,25055.043522785458,0
1711803,Juarina,TO,Tocantins,Norte,Ocidental do Tocantins,Miracema do Tocantins,2174.0,44395.0,20047.0,15719.0,1026.0,6187.0,20420.88316467341,0
1711902,Lagoa da Confusão,TO,Tocantins,Norte,Ocidental do Tocantins,Rio Formoso,13989.0,998445.0,105985.0,507608.0,48546.0,259865.0,71373.57924083208,1
1711951,Lagoa do Tocantins,TO,Tocantins,Norte,Oriental do Tocantins,Jalapão,4470.0,89429.0,35171.0,42219.0,1450.0,8511.0,20006.48769574944,0
1712009,Lajeado,TO,Tocantins,Norte,Oriental do Tocantins,Porto Nacional,3199.0,64405.0,37291.0,4020.0,5146.0,14247.0,20132.85401688028,0
1712157,Lavandeira,TO,Tocantins,Norte,Oriental do Tocantins,Dianópolis,1984.0,37870.0,17536.0,14773.0,1063.0,3722.0,19087.701612903227,0
1712405,Lizarda,TO,Tocantins,Norte,Oriental do Tocantins,Jalapão,3727.0,66332.0,27660.0,29042.0,1793.0,6447.0,17797.692514086397,0
1712454,Luzinópolis,TO,Tocantins,Norte,Ocidental do Tocantins,Bico do Papagaio,3200.0,71180.0,26608.0,26177.0,1327.0,12742.0,22243.75,0
1712504,Marianópolis do Tocantins,TO,Tocantins,Norte,Ocidental do Tocantins,Miracema do Tocantins,5332.0,252331.0,42585.0,159191.0,8165.0,32868.0,47323.89347336834,0
1712702,Mateiros,TO,Tocantins,Norte,Oriental do Tocantins,Jalapão,2773.0,252360.0,26142.0,192768.0,6237.0,23043.0,91006.1305445366,0
1712801,Maurilândia do Tocantins,TO,Tocantins,Norte,Ocidental do Tocantins,Bico do Papagaio,3470.0,55911.0,31513.0,14513.0,1106.0,7221.0,16112.680115273775,0
1713205,Miracema do Tocantins,TO,Tocantins,Norte,Ocidental do Tocantins,Miracema do Tocantins,17628.0,642003.0,130377.0,189527.0,194581.0,100675.0,36419.50306330837,1
1713304,Miranorte,TO,Tocantins,Norte,Ocidental do Tocantins,Miracema do Tocantins,13551.0,390325.0,96735.0,111836.0,18110.0,123760.0,28804.147295402552,0
1713601,Monte do Carmo,TO,Tocantins,Norte,Oriental do Tocantins,Porto Nacional,8182.0,296288.0,56172.0,205037.0,7489.0,21059.0,36212.17306282082,0
1713700,Monte Santo do Tocantins,TO,Tocantins,Norte,Ocidental do Tocantins,Miracema do Tocantins,2311.0,75004.0,21556.0,43077.0,1550.0,7016.0,32455.214192990046,0
1713809,Palmeiras do Tocantins,TO,Tocantins,Norte,Ocidental do Tocantins,Bico do Papagaio,6830.0,95357.0,48891.0,27401.0,5989.0,10083.0,13961.493411420204,0
1713957,Muricilândia,TO,Tocantins,Norte,Ocidental do Tocantins,Araguaína,3623.0,69465.0,32013.0,28175.0,1324.0,6555.0,19173.337013524702,0
1714203,Natividade,TO,Tocantins,Norte,Oriental do Tocantins,Dianópolis,9256.0,247340.0,67661.0,50943.0,57012.0,53498.0,26722.12618841832,0
1714302,Nazaré,TO,Tocantins,Norte,Ocidental do Tocantins,Bico do Papagaio,3772.0,58139.0,30855.0,12437.0,2917.0,9373.0,15413.308589607635,0
1714880,Nova Olinda,TO,Tocantins,Norte,Ocidental do Tocantins,Araguaína,12014.0,320311.0,87617.0,33226.0,28270.0,112779.0,26661.47827534543,0
1715002,Nova Rosalândia,TO,Tocantins,Norte,Ocidental do Tocantins,Rio Formoso,4348.0,100915.0,32803.0,49602.0,2734.0,12705.0,23209.521619135237,0
1715101,Novo Acordo,TO,Tocantins,Norte,Oriental do Tocantins,Jalapão,4450.0,84723.0,35317.0,27014.0,2521.0,15340.0,19038.876404494385,0
1715150,Novo Alegre,TO,Tocantins,Norte,Oriental do Tocantins,Dianópolis,2332.0,35521.0,19226.0,9297.0,1257.0,4639.0,15231.989708404804,0
1715259,Novo Jardim,TO,Tocantins,Norte,Oriental do Tocantins,Dianópolis,2768.0,42672.0,23061.0,9617.0,2723.0,5483.0,15416.184971098266,0
1715507,Oliveira de Fátima,TO,Tocantins,Norte,Ocidental do Tocantins,Rio Formoso,1124.0,29469.0,13086.0,10866.0,755.0,3944.0,26217.97153024911,0
1715705,Palmeirante,TO,Tocantins,Norte,Ocidental do Tocantins,Araguaína,6234.0,185349.0,51724.0,85088.0,5025.0,35342.0,29731.953801732438,0
1715754,Palmeirópolis,TO,Tocantins,Norte,Ocidental do Tocantins,Gurupi,7694.0,170118.0,57857.0,54230.0,9342.0,39000.0,22110.475695347024,0
1716109,Paraíso do Tocantins,TO,Tocantins,Norte,Ocidental do Tocantins,Rio Formoso,52521.0,1513693.0,368211.0,66861.0,202139.0,647925.0,28820.719331315093,1
1716208,Paranã,TO,Tocantins,Norte,Oriental do Tocantins,Dianópolis,10426.0,315397.0,79494.0,57932.0,139680.0,29270.0,30251.007097640515,0
1716307,Pau D'Arco,TO,Tocantins,Norte,Ocidental do Tocantins,Araguaína,4885.0,91169.0,37686.0,36196.0,1970.0,11713.0,18663.050153531218,0
1716505,Pedro Afonso,TO,Tocantins,Norte,Oriental do Tocantins,Porto Nacional,13964.0,848671.0,106587.0,420746.0,135393.0,130680.0,60775.63735319392,1
1716604,Peixe,TO,Tocantins,Norte,Ocidental do Tocantins,Gurupi,11996.0,733929.0,95257.0,295280.0,287006.0,45271.0,61181.14371457152,1
1716653,Pequizeiro,TO,Tocantins,Norte,Ocidental do Tocantins,Miracema do Tocantins,5546.0,107606.0,44519.0,41252.0,3260.0,14167.0,19402.45221781464,0
1716703,Colméia,TO,Tocantins,Norte,Ocidental do Tocantins,Miracema do Tocantins,8078.0,182796.0,60267.0,41567.0,8275.0,60684.0,22628.868531814805,0
1717008,Pindorama do Tocantins,TO,Tocantins,Norte,Oriental do Tocantins,Dianópolis,4414.0,85006.0,35021.0,33421.0,2672.0,10967.0,19258.269143633894,0
1717206,Piraquê,TO,Tocantins,Norte,Ocidental do Tocantins,Araguaína,3038.0,89940.0,26219.0,54669.0,1430.0,6323.0,29605.00329163924,0
1717503,Pium,TO,Tocantins,Norte,Ocidental do Tocantins,Rio Formoso,7830.0,361915.0,61852.0,253143.0,10438.0,28827.0,46221.58365261814,0
1717800,Ponte Alta do Bom Jesus,TO,Tocantins,Norte,Oriental do Tocantins,Dianópolis,4586.0,66158.0,33880.0,16379.0,2742.0,9907.0,14426.079372001745,0
1717909,Ponte Alta do Tocantins,TO,Tocantins,Norte,Oriental do Tocantins,Jalapão,8192.0,121170.0,60805.0,30046.0,4452.0,19758.0,14791.259765625,0
1718006,Porto Alegre do Tocantins,TO,Tocantins,Norte,Oriental do Tocantins,Dianópolis,3200.0,47043.0,25251.0,11067.0,1993.0,6966.0,14700.9375,0
1718204,Porto Nacional,TO,Tocantins,Norte,Oriental do Tocantins,Porto Nacional,53618.0,3649421.0,455230.0,504037.0,594708.0,1268067.0,68063.35558954082,1
1718303,Praia Norte,TO,Tocantins,Norte,Ocidental do Tocantins,Bico do Papagaio,8563.0,93139.0,63120.0,13436.0,3670.0,10982.0,10876.91229709214,0
1718402,Presidente Kennedy,TO,Tocantins,Norte,Ocidental do Tocantins,Miracema do Tocantins,3668.0,65165.0,29451.0,18096.0,2447.0,11578.0,17765.812431842965,0
1718451,Pugmil,TO,Tocantins,Norte,Ocidental do Tocantins,Rio Formoso,2746.0,82663.0,24447.0,25069.0,7808.0,18569.0,30103.05899490168,0
1718501,Recursolândia,TO,Tocantins,Norte,Oriental do Tocantins,Jalapão,4389.0,91480.0,34102.0,45604.0,1700.0,8462.0,20843.01663249032,0
1718550,Riachinho,TO,Tocantins,Norte,Ocidental do Tocantins,Bico do Papagaio,4723.0,68536.0,38098.0,19681.0,1685.0,7723.0,14511.115816218506,0
1718659,Rio da Conceição,TO,Tocantins,Norte,Oriental do Tocantins,Dianópolis,2211.0,29142.0,21266.0,1582.0,1303.0,4383.0,13180.46132971506,0
1718709,Rio dos Bois,TO,Tocantins,Norte,Ocidental do Tocantins,Miracema do Tocantins,2879.0,85928.0,24479.0,49060.0,1876.0,8525.0,29846.47447030219,0
1718758,Rio Sono,TO,Tocantins,Norte,Oriental do Tocantins,Jalapão,6498.0,111443.0,47725.0,44816.0,3729.0,12207.0,17150.353955063096,0
1718808,Sampaio,TO,Tocantins,Norte,Ocidental do Tocantins,Bico do Papagaio,4876.0,145863.0,38256.0,89575.0,3455.0,12570.0,29914.47908121411,0
1718840,Sandolândia,TO,Tocantins,Norte,Ocidental do Tocantins,Rio Formoso,3371.0,116736.0,27968.0,69974.0,2224.0,12802.0,34629.48679916938,0
1718865,Santa Fé do Araguaia,TO,Tocantins,Norte,Ocidental do Tocantins,Araguaína,7678.0,175927.0,56953.0,78913.0,4574.0,27046.0,22913.12841885908,0
1718881,Santa Maria do Tocantins,TO,Tocantins,Norte,Oriental do Tocantins,Porto Nacional,3537.0,139630.0,27606.0,94479.0,3384.0,11795.0,39476.95787390444,0
1718899,Santa Rita do Tocantins,TO,Tocantins,Norte,Ocidental do Tocantins,Gurupi,2407.0,180273.0,21673.0,114174.0,3708.0,30223.0,74895.3053593685,0
1718907,Santa Rosa do Tocantins,TO,Tocantins,Norte,Oriental do Tocantins,Dianópolis,4864.0,307685.0,41786.0,177193.0,7930.0,65327.0,63257.60690789474,0
1719004,Santa Tereza do Tocantins,TO,Tocantins,Norte,Oriental do Tocantins,Jalapão,2928.0,48098.0,25104.0,12489.0,2017.0,6807.0,16426.912568306012,0
1720002,Santa Terezinha do Tocantins,TO,Tocantins,Norte,Ocidental do Tocantins,Bico do Papagaio,2530.0,41931.0,21266.0,13774.0,1015.0,4757.0,16573.517786561264,0
1720101,São Bento do Tocantins,TO,Tocantins,Norte,Ocidental do Tocantins,Bico do Papagaio,5457.0,73590.0,40519.0,16584.0,1700.0,11641.0,13485.43155579989,0
1720150,São Félix do Tocantins,TO,Tocantins,Norte,Oriental do Tocantins,Jalapão,1610.0,36541.0,16617.0,11872.0,1042.0,6035.0,22696.273291925467,0
1720200,São Miguel do Tocantins,TO,Tocantins,Norte,Ocidental do Tocantins,Bico do Papagaio,12445.0,255814.0,90078.0,127108.0,5606.0,27538.0,20555.564483728405,0
1720259,São Salvador do Tocantins,TO,Tocantins,Norte,Ocidental do Tocantins,Gurupi,3106.0,49467.0,26404.0,13227.0,1306.0,7023.0,15926.27173213136,0
1720309,São Sebastião do Tocantins,TO,Tocantins,Norte,Ocidental do Tocantins,Bico do Papagaio,4898.0,61804.0,36475.0,12540.0,3517.0,7889.0,12618.211514904042,0
1720499,São Valério,TO,Tocantins,Norte,Oriental do Tocantins,Dianópolis,3848.0,156734.0,32885.0,87585.0,4580.0,24105.0,40731.28898128898,0
1720655,Silvanópolis,TO,Tocantins,Norte,Oriental do Tocantins,Porto Nacional,5452.0,240329.0,41042.0,116883.0,11768.0,56858.0,44080.887747615554,0
1720804,Sítio Novo do Tocantins,TO,Tocantins,Norte,Ocidental do Tocantins,Bico do Papagaio,8965.0,132862.0,72119.0,28314.0,5546.0,21917.0,14820.078081427777,0
1720853,Sucupira,TO,Tocantins,Norte,Ocidental do Tocantins,Gurupi,2007.0,532374.0,19212.0,494498.0,2556.0,12620.0,265258.59491778776,0
1720903,Taguatinga,TO,Tocantins,Norte,Oriental do Tocantins,Dianópolis,16966.0,318253.0,121002.0,81241.0,32126.0,68222.0,18758.281268419192,0
1720937,Taipas do Tocantins,TO,Tocantins,Norte,Oriental do Tocantins,Dianópolis,2183.0,35246.0,19373.0,9909.0,872.0,4183.0,16145.671094823638,0
1720978,Talismã,TO,Tocantins,Norte,Ocidental do Tocantins,Gurupi,2831.0,146708.0,27479.0,93130.0,3816.0,17592.0,51821.97103496997,0
1721000,Palmas,TO,Tocantins,Norte,Oriental do Tocantins,Porto Nacional,313349.0,10333419.0,2518201.0,262385.0,1102005.0,5101297.0,32977.347941113585,1
1721109,Tocantínia,TO,Tocantins,Norte,Oriental do Tocantins,Porto Nacional,7688.0,191373.0,60040.0,104743.0,5179.0,17663.0,24892.42976066597,0
1721208,Tocantinópolis,TO,Tocantins,Norte,Ocidental do Tocantins,Bico do Papagaio,22820.0,372642.0,161191.0,21117.0,38015.0,111188.0,16329.623137598595,0
1721257,Tupirama,TO,Tocantins,Norte,Ocidental do Tocantins,Miracema do Tocantins,1952.0,118839.0,18663.0,62585.0,2490.0,28900.0,60880.63524590164,0
1721307,Tupiratins,TO,Tocantins,Norte,Ocidental do Tocantins,Miracema do Tocantins,2785.0,38619.0,23685.0,8507.0,931.0,4545.0,13866.786355475762,0
1722081,Wanderlândia,TO,Tocantins,Norte,Ocidental do Tocantins,Araguaína,11783.0,183424.0,78203.0,45034.0,20030.0,28649.0,15566.833573792752,0
1722107,Xambioá,TO,Tocantins,Norte,Ocidental do Tocantins,Araguaína,11500.0,471020.0,85680.0,39626.0,230239.0,68701.0,40958.260869565216,1
2100055,Açailândia,MA,Maranhão,Nordeste,Oeste Maranhense,Imperatriz,113783.0,3828533.0,515224.0,492701.0,1393399.0,971135.0,33647.67144476767,1
2100105,Afonso Cunha,MA,Maranhão,Nordeste,Leste Maranhense,Coelho Neto,6631.0,85052.0,31081.0,34865.0,2622.0,14426.0,12826.421354245213,0
2100154,Água Doce do Maranhão,MA,Maranhão,Nordeste,Leste Maranhense,Baixo Parnaíba Maranhense,12731.0,101642.0,59928.0,7597.0,5454.0,24560.0,7983.819024428561,0
2100204,Alcântara,MA,Maranhão,Nordeste,Norte Maranhense,Litoral Ocidental Maranhense,22126.0,148763.0,84714.0,16395.0,6573.0,34493.0,6723.447527795354,0
2100303,Aldeias Altas,MA,Maranhão,Nordeste,Leste Maranhense,Coelho Neto,26979.0,249396.0,117051.0,69463.0,8150.0,45152.0,9244.078727899478,0
2100402,Altamira do Maranhão,MA,Maranhão,Nordeste,Oeste Maranhense,Pindaré,8250.0,71512.0,32742.0,21461.0,1829.0,12870.0,8668.121212121212,0
2100436,Alto Alegre do Maranhão,MA,Maranhão,Nordeste,Leste Maranhense,Codó,28066.0,303118.0,100717.0,12131.0,11962.0,142255.0,10800.185277560036,0
2100477,Alto Alegre do Pindaré,MA,Maranhão,Nordeste,Oeste Maranhense,Pindaré,31967.0,251719.0,141109.0,32376.0,8297.0,56443.0,7874.339162261082,0
2100501,Alto Parnaíba,MA,Maranhão,Nordeste,Sul Maranhense,Gerais de Balsas,11233.0,578961.0,57460.0,362238.0,34198.0,105140.0,51541.08430517226,1
2100550,Amapá do Maranhão,MA,Maranhão,Nordeste,Oeste Maranhense,Gurupi,7047.0,70198.0,32292.0,13420.0,2679.0,17850.0,9961.402015041862,0
2100600,Amarante do Maranhão,MA,Maranhão,Nordeste,Oeste Maranhense,Imperatriz,42017.0,388636.0,150331.0,126800.0,9023.0,85798.0,9249.49425232644,0
2100709,Anajatuba,MA,Maranhão,Nordeste,Norte Maranhense,Baixada Maranhense,27170.0,207606.0,97708.0,47951.0,5316.0,46529.0,7641.001104158999,0
2100808,Anapurus,MA,Maranhão,Nordeste,Leste Maranhense,Chapadinha,16054.0,149102.0,68490.0,26456.0,5526.0,41088.0,9287.52958764171,0
2100832,Apicum-Açu,MA,Maranhão,Nordeste,Norte Maranhense,Litoral Ocidental Maranhense,17582.0,133946.0,74025.0,17379.0,4424.0,31609.0,7618.359686042543,0
2100873,Araguanã,MA,Maranhão,Nordeste,Oeste Maranhense,Pindaré,15675.0,101728.0,61671.0,13738.0,2436.0,19659.0,6489.824561403509,0
2100907,Araioses,MA,Maranhão,Nordeste,Leste Maranhense,Baixo Parnaíba Maranhense,47095.0,282769.0,157315.0,39404.0,7667.0,67087.0,6004.22550164561,0
2100956,Arame,MA,Maranhão,Nordeste,Centro Maranhense,Alto Mearim e Grajaú,32825.0,290315.0,121072.0,80030.0,7960.0,65936.0,8844.325971058644,0
2101004,Arari,MA,Maranhão,Nordeste,Norte Maranhense,Baixada Maranhense,30014.0,313251.0,121538.0,66124.0,9554.0,94397.0,10436.829479576198,0
2101103,Axixá,MA,Maranhão,Nordeste,Norte Maranhense,Rosário,12234.0,97422.0,49669.0,12953.0,4087.0,25531.0,7963.217263364394,0
2101202,Bacabal,MA,Maranhão,Nordeste,Centro Maranhense,Médio Mearim,105094.0,1514560.0,386164.0,80708.0,98681.0,765023.0,14411.47924715017,1
2101251,Bacabeira,MA,Maranhão,Nordeste,Norte Maranhense,Rosário,17446.0,599285.0,78052.0,15906.0,349714.0,115232.0,34350.854063968814,1
2101301,Bacuri,MA,Maranhão,Nordeste,Norte Maranhense,Litoral Ocidental Maranhense,18726.0,122872.0,76764.0,10524.0,3716.0,27414.0,6561.572145679804,0
2101350,Bacurituba,MA,Maranhão,Nordeste,Norte Maranhense,Litoral Ocidental Maranhense,5696.0,39590.0,24108.0,5230.0,1107.0,7820.0,6950.491573033708,0
2101400,Balsas,MA,Maranhão,Nordeste,Sul Maranhense,Gerais de Balsas,96951.0,6307425.0,408992.0,1893662.0,251286.0,2906399.0,65057.86428195686,1
2101509,Barão de Grajaú,MA,Maranhão,Nordeste,Leste Maranhense,Chapadas do Alto Itapecuru,19026.0,268538.0,70189.0,14667.0,11433.0,133785.0,14114.264690423632,0
2101608,Barra do Corda,MA,Maranhão,Nordeste,Centro Maranhense,Alto Mearim e Grajaú,88895.0,889190.0,337000.0,72029.0,38105.0,363469.0,10002.69981438776,1
2101707,Barreirinhas,MA,Maranhão,Nordeste,Norte Maranhense,Lençóis Maranhenses,63891.0,635711.0,227520.0,40861.0,37517.0,272266.0,9949.93035012756,1
2101731,Belágua,MA,Maranhão,Nordeste,Leste Maranhense,Chapadinha,7586.0,60711.0,41436.0,3650.0,1781.0,12039.0,8003.031900870023,0
2101772,Bela Vista do Maranhão,MA,Maranhão,Nordeste,Norte Maranhense,Baixada Maranhense,11347.0,107543.0,59954.0,9902.0,5433.0,27406.0,9477.659293205252,0
2101806,Benedito Leite,MA,Maranhão,Nordeste,Sul Maranhense,Chapadas das Mangabeiras,5643.0,73150.0,24890.0,31274.0,2948.0,12270.0,12962.962962962964,0
2101905,Bequimão,MA,Maranhão,Nordeste,Norte Maranhense,Litoral Ocidental Maranhense,21317.0,138114.0,73034.0,14503.0,4145.0,38044.0,6479.054275930009,0
2101939,Bernardo do Mearim,MA,Maranhão,Nordeste,Centro Maranhense,Médio Mearim,6102.0,105114.0,26677.0,13947.0,41813.0,16378.0,17226.155358898723,0
2101970,Boa Vista do Gurupi,MA,Maranhão,Nordeste,Oeste Maranhense,Gurupi,8494.0,67540.0,33219.0,6232.0,1877.0,21191.0,7951.495173063339,0
2102002,Bom Jardim,MA,Maranhão,Nordeste,Oeste Maranhense,Pindaré,42010.0,411352.0,174371.0,119422.0,12709.0,87879.0,9791.76386574625,0
2102036,Bom Jesus das Selvas,MA,Maranhão,Nordeste,Oeste Maranhense,Pindaré,35095.0,375665.0,152781.0,97617.0,12999.0,88872.0,10704.231371990312,0
2102077,Bom Lugar,MA,Maranhão,Nordeste,Centro Maranhense,Médio Mearim,16578.0,117960.0,59497.0,27724.0,2821.0,23560.0,7115.454216431415,0
2102101,Brejo,MA,Maranhão,Nordeste,Leste Maranhense,Chapadinha,36900.0,328633.0,149089.0,55276.0,10623.0,95250.0,8906.043360433605,0
2102150,Brejo de Areia,MA,Maranhão,Nordeste,Oeste Maranhense,Pindaré,8841.0,71065.0,36963.0,14415.0,1824.0,14910.0,8038.117859970592,0
2102200,Buriti,MA,Maranhão,Nordeste,Leste Maranhense,Chapadinha,28916.0,277919.0,146162.0,47174.0,9390.0,64887.0,9611.253285378338,0
2102309,Buriti Bravo,MA,Maranhão,Nordeste,Leste Maranhense,Caxias,23993.0,238673.0,91134.0,65192.0,13037.0,58060.0,9947.60971950152,0
2102325,Buriticupu,MA,Maranhão,Nordeste,Oeste Maranhense,Pindaré,73595.0,748028.0,269061.0,168367.0,26162.0,233204.0,10164.114409946327,1
2102358,Buritirana,MA,Maranhão,Nordeste,Oeste Maranhense,Imperatriz,15503.0,122474.0,58250.0,34610.0,2955.0,22250.0,7900.019351093337,0
2102374,Cachoeira Grande,MA,Maranhão,Nordeste,Norte Maranhense,Rosário,9524.0,60974.0,39872.0,7274.0,1578.0,10891.0,6402.141957160857,0
2102408,Cajapió,MA,Maranhão,Nordeste,Norte Maranhense,Litoral Ocidental Maranhense,11255.0,70653.0,45648.0,8164.0,2094.0,12652.0,6277.47667703243,0
2102507,Cajari,MA,Maranhão,Nordeste,Norte Maranhense,Baixada Maranhense,19521.0,128078.0,77141.0,24326.0,2789.0,20713.0,6561.036832129502,0
2102556,Campestre do Maranhão,MA,Maranhão,Nordeste,Sul Maranhense,Porto Franco,14530.0,214011.0,61577.0,74812.0,6280.0,53300.0,14728.90571231934,0
2102606,Cândido Mendes,MA,Maranhão,Nordeste,Oeste Maranhense,Gurupi,20376.0,146788.0,79259.0,16027.0,7212.0,37004.0,7203.965449548488,0
2102705,Cantanhede,MA,Maranhão,Nordeste,Norte Maranhense,Itapecuru Mirim,22236.0,153398.0,88915.0,8272.0,6846.0,41934.0,6898.632847634467,0
2102754,Capinzal do Norte,MA,Maranhão,Nordeste,Leste Maranhense,Codó,10937.0,283976.0,63051.0,16155.0,143555.0,54422.0,25964.70695803237,0
2102804,Carolina,MA,Maranhão,Nordeste,Sul Maranhense,Porto Franco,24151.0,525893.0,103158.0,244756.0,16536.0,135358.0,21775.205995610948,1
2102903,Carutapera,MA,Maranhão,Nordeste,Oeste Maranhense,Gurupi,24095.0,201999.0,96128.0,25672.0,7577.0,60286.0,8383.4405478315,0
2103000,Caxias,MA,Maranhão,Nordeste,Leste Maranhense,Caxias,166159.0,2112638.0,685522.0,86629.0,189677.0,925842.0,12714.55653921846,1
2103109,Cedral,MA,Maranhão,Nordeste,Norte Maranhense,Litoral Ocidental Maranhense,10711.0,78583.0,43640.0,14621.0,2245.0,15512.0,7336.663243394641,0
2103125,Central do Maranhão,MA,Maranhão,Nordeste,Norte Maranhense,Litoral Ocidental Maranhense,8806.0,58347.0,36894.0,4534.0,1737.0,12233.0,6625.82330229389,0
2103158,Centro do Guilherme,MA,Maranhão,Nordeste,Oeste Maranhense,Gurupi,13876.0,103737.0,56078.0,16947.0,2424.0,23142.0,7476.001729605074,0
2103174,Centro Novo do Maranhão,MA,Maranhão,Nordeste,Oeste Maranhense,Gurupi,22056.0,200757.0,99431.0,43306.0,4556.0,44127.0,9102.14907508161,0
2103208,Chapadinha,MA,Maranhão,Nordeste,Leste Maranhense,Chapadinha,80705.0,894366.0,328042.0,37813.0,37517.0,405331.0,11081.91561861099,1
2103257,Cidelândia,MA,Maranhão,Nordeste,Oeste Maranhense,Imperatriz,14855.0,183560.0,61624.0,67041.0,6531.0,38376.0,12356.782228205991,0
2103307,Codó,MA,Maranhão,Nordeste,Leste Maranhense,Codó,123368.0,1648585.0,480938.0,78366.0,499445.0,459468.0,13363.14927695999,1
2103406,Coelho Neto,MA,Maranhão,Nordeste,Leste Maranhense,Coelho Neto,49804.0,465859.0,210051.0,64532.0,22161.0,140107.0,9353.84708055578,1
2103505,Colinas,MA,Maranhão,Nordeste,Leste Maranhense,Chapadas do Alto Itapecuru,41443.0,553171.0,178777.0,74295.0,36696.0,222275.0,13347.754747484496,1
2103554,Conceição do Lago-Açu,MA,Maranhão,Nordeste,Norte Maranhense,Baixada Maranhense,16559.0,147189.0,82926.0,30247.0,3816.0,26244.0,8888.761398635183,0
2103604,Coroatá,MA,Maranhão,Nordeste,Leste Maranhense,Codó,65788.0,533579.0,237174.0,39685.0,30128.0,187466.0,8110.582477047486,1
2103703,Cururupu,MA,Maranhão,Nordeste,Norte Maranhense,Litoral Ocidental Maranhense,32559.0,264536.0,125558.0,37782.0,7184.0,81212.0,8124.819558340244,0
2103752,Davinópolis,MA,Maranhão,Nordeste,Oeste Maranhense,Imperatriz,12923.0,190193.0,69840.0,14112.0,27285.0,62203.0,14717.403079780235,0
2103802,Dom Pedro,MA,Maranhão,Nordeste,Centro Maranhense,Presidente Dutra,23393.0,262555.0,82892.0,18836.0,22401.0,112858.0,11223.656649425042,0
2103901,Duque Bacelar,MA,Maranhão,Nordeste,Leste Maranhense,Coelho Neto,11451.0,86904.0,48247.0,11939.0,2987.0,19928.0,7589.206182866125,0
2104008,Esperantinópolis,MA,Maranhão,Nordeste,Centro Maranhense,Médio Mearim,16971.0,158978.0,69313.0,16415.0,8142.0,54294.0,9367.627128631197,0
2104057,Estreito,MA,Maranhão,Nordeste,Sul Maranhense,Porto Franco,43097.0,1134821.0,158687.0,78195.0,618688.0,225956.0,26331.786435250717,1
2104073,Feira Nova do Maranhão,MA,Maranhão,Nordeste,Sul Maranhense,Gerais de Balsas,8506.0,118004.0,35183.0,52147.0,2546.0,22594.0,13873.030801786974,0
2104081,Fernando Falcão,MA,Maranhão,Nordeste,Centro Maranhense,Alto Mearim e Grajaú,10559.0,100418.0,39086.0,40675.0,2897.0,15105.0,9510.1808883417,0
2104099,Formosa da Serra Negra,MA,Maranhão,Nordeste,Centro Maranhense,Alto Mearim e Grajaú,19425.0,202149.0,76763.0,62397.0,4326.0,47937.0,10406.640926640926,0
2104107,Fortaleza dos Nogueiras,MA,Maranhão,Nordeste,Sul Maranhense,Chapadas das Mangabeiras,12662.0,346695.0,54262.0,186549.0,12341.0,79205.0,27380.745537829727,0
2104206,Fortuna,MA,Maranhão,Nordeste,Centro Maranhense,Presidente Dutra,17812.0,143297.0,63524.0,29988.0,5755.0,36555.0,8044.969683359533,0
2104305,Godofredo Viana,MA,Maranhão,Nordeste,Oeste Maranhense,Gurupi,12104.0,2658688.0,54345.0,10339.0,2171527.0,377204.0,219653.66820885657,1
2104404,Gonçalves Dias,MA,Maranhão,Nordeste,Centro Maranhense,Presidente Dutra,17953.0,150061.0,67199.0,21607.0,13370.0,39727.0,8358.547317996992,0
2104503,Governador Archer,MA,Maranhão,Nordeste,Centro Maranhense,Presidente Dutra,10931.0,91904.0,46139.0,16152.0,3256.0,22223.0,8407.647973652915,0
2104552,Governador Edison Lobão,MA,Maranhão,Nordeste,Oeste Maranhense,Imperatriz,18740.0,374988.0,87062.0,19779.0,121492.0,98743.0,20010.032017075773,0
2104602,Governador Eugênio Barros,MA,Maranhão,Nordeste,Centro Maranhense,Presidente Dutra,14703.0,118426.0,55470.0,27073.0,3296.0,26969.0,8054.546691151466,0
2104628,Governador Luiz Rocha,MA,Maranhão,Nordeste,Centro Maranhense,Presidente Dutra,7878.0,71080.0,32724.0,16163.0,2456.0,16658.0,9022.594567149024,0
2104651,Governador Newton Bello,MA,Maranhão,Nordeste,Oeste Maranhense,Pindaré,10121.0,84172.0,42352.0,23343.0,2317.0,13819.0,8316.569508941804,0
2104677,Governador Nunes Freire,MA,Maranhão,Nordeste,Oeste Maranhense,Gurupi,25502.0,257972.0,102715.0,28836.0,20640.0,86525.0,10115.755627009648,0
2104701,Graça Aranha,MA,Maranhão,Nordeste,Centro Maranhense,Presidente Dutra,6261.0,54153.0,26844.0,8968.0,2262.0,13328.0,8649.257307139434,0
2104800,Grajaú,MA,Maranhão,Nordeste,Centro Maranhense,Alto Mearim e Grajaú,70692.0,1149733.0,263259.0,187243.0,214463.0,393235.0,16263.976121767668,1
2104909,Guimarães,MA,Maranhão,Nordeste,Norte Maranhense,Litoral Ocidental Maranhense,11966.0,93393.0,48772.0,17898.0,3674.0,19554.0,7804.863780712018,0
2105005,Humberto de Campos,MA,Maranhão,Nordeste,Norte Maranhense,Lençóis Maranhenses,29143.0,184363.0,114065.0,14571.0,4604.0,42322.0,6326.150362008029,0
2105104,Icatu,MA,Maranhão,Nordeste,Norte Maranhense,Rosário,27423.0,178923.0,113071.0,16641.0,5153.0,37633.0,6524.559676184225,0
2105153,Igarapé do Meio,MA,Maranhão,Nordeste,Norte Maranhense,Baixada Maranhense,14470.0,370653.0,74501.0,26477.0,157668.0,67764.0,25615.27297857637,0
2105203,Igarapé Grande,MA,Maranhão,Nordeste,Centro Maranhense,Médio Mearim,11453.0,117728.0,53207.0,14200.0,7720.0,35380.0,10279.22814982974,0
2105302,Imperatriz,MA,Maranhão,Nordeste,Oeste Maranhense,Imperatriz,259980.0,7692904.0,1226480.0,55440.0,1213067.0,4091455.0,29590.36848988384,1
2105351,Itaipava do Grajaú,MA,Maranhão,Nordeste,Centro Maranhense,Alto Mearim e Grajaú,16158.0,107285.0,61840.0,16934.0,2627.0,21801.0,6639.7450179477655,0
2105401,Itapecuru Mirim,MA,Maranhão,Nordeste,Norte Maranhense,Itapecuru Mirim,69233.0,772830.0,266374.0,27885.0,100510.0,292795.0,11162.740311701067,1
2105427,Itinga do Maranhão,MA,Maranhão,Nordeste,Oeste Maranhense,Imperatriz,26134.0,489226.0,103549.0,220744.0,17199.0,119613.0,18719.90510446162,0
2105450,Jatobá,MA,Maranhão,Nordeste,Leste Maranhense,Chapadas do Alto Itapecuru,10464.0,75689.0,41165.0,17338.0,2270.0,12496.0,7233.275993883792,0
2105476,Jenipapo dos Vieiras,MA,Maranhão,Nordeste,Centro Maranhense,Alto Mearim e Grajaú,17123.0,125733.0,68510.0,33491.0,2736.0,18155.0,7342.930561233428,0
2105500,João Lisboa,MA,Maranhão,Nordeste,Oeste Maranhense,Imperatriz,23677.0,270611.0,109507.0,44486.0,24707.0,77196.0,11429.277357773366,0
2105609,Joselândia,MA,Maranhão,Nordeste,Centro Maranhense,Alto Mearim e Grajaú,16228.0,116543.0,56981.0,13137.0,11359.0,29452.0,7181.599704214937,0
2105658,Junco do Maranhão,MA,Maranhão,Nordeste,Oeste Maranhense,Gurupi,4334.0,61701.0,23709.0,19991.0,1365.0,13849.0,14236.5020766036,0
2105708,Lago da Pedra,MA,Maranhão,Nordeste,Oeste Maranhense,Pindaré,50959.0,550404.0,186778.0,74293.0,31692.0,213761.0,10800.91838536863,1
2105807,Lago do Junco,MA,Maranhão,Nordeste,Centro Maranhense,Médio Mearim,10900.0,86638.0,50549.0,9916.0,4353.0,18818.0,7948.440366972477,0
2105906,Lago Verde,MA,Maranhão,Nordeste,Centro Maranhense,Médio Mearim,16369.0,135733.0,70049.0,28547.0,3641.0,28600.0,8292.076486040687,0
2105922,Lagoa do Mato,MA,Maranhão,Nordeste,Leste Maranhense,Chapadas do Alto Itapecuru,11280.0,97006.0,44870.0,24543.0,2797.0,20836.0,8599.82269503546,0
2105948,Lago dos Rodrigues,MA,Maranhão,Nordeste,Centro Maranhense,Médio Mearim,8841.0,83983.0,34897.0,14332.0,4200.0,25895.0,9499.264789051012,0
2105963,Lagoa Grande do Maranhão,MA,Maranhão,Nordeste,Oeste Maranhense,Pindaré,11534.0,102432.0,48635.0,20493.0,2792.0,25498.0,8880.873937922663,0
2105989,Lajeado Novo,MA,Maranhão,Nordeste,Oeste Maranhense,Imperatriz,7653.0,101467.0,35947.0,31153.0,2667.0,25636.0,13258.460734352542,0
2106003,Lima Campos,MA,Maranhão,Nordeste,Centro Maranhense,Médio Mearim,11943.0,274539.0,64133.0,8084.0,131761.0,60967.0,22987.440341622707,0
2106102,Loreto,MA,Maranhão,Nordeste,Sul Maranhense,Chapadas das Mangabeiras,12271.0,413263.0,51705.0,273396.0,12932.0,65268.0,33678.021351153126,0
2106201,Luís Domingues,MA,Maranhão,Nordeste,Oeste Maranhense,Gurupi,7016.0,57337.0,30062.0,7881.0,1965.0,14779.0,8172.320410490308,0
2106300,Magalhães de Almeida,MA,Maranhão,Nordeste,Leste Maranhense,Baixo Parnaíba Maranhense,20228.0,140962.0,72228.0,24589.0,5144.0,32864.0,6968.657306703579,0
2106326,Maracaçumé,MA,Maranhão,Nordeste,Oeste Maranhense,Gurupi,21773.0,208574.0,75626.0,28033.0,18365.0,69895.0,9579.47917145088,0
2106359,Marajá do Sena,MA,Maranhão,Nordeste,Oeste Maranhense,Pindaré,7757.0,90804.0,38159.0,34659.0,1909.0,13841.0,11706.071935026428,0
2106375,Maranhãozinho,MA,Maranhão,Nordeste,Oeste Maranhense,Gurupi,16754.0,120910.0,60585.0,27163.0,3810.0,23614.0,7216.784051569774,0
2106409,Mata Roma,MA,Maranhão,Nordeste,Leste Maranhense,Chapadinha,17122.0,179196.0,84456.0,24299.0,18689.0,43643.0,10465.833430673987,0
2106508,Matinha,MA,Maranhão,Nordeste,Norte Maranhense,Baixada Maranhense,23591.0,196744.0,94564.0,31640.0,9232.0,51190.0,8339.790598109448,0
2106607,Matões,MA,Maranhão,Nordeste,Leste Maranhense,Caxias,34099.0,256347.0,135976.0,45275.0,7908.0,56385.0,7517.727792603889,0
2106631,Matões do Norte,MA,Maranhão,Nordeste,Norte Maranhense,Itapecuru Mirim,17316.0,99315.0,67334.0,12827.0,2972.0,14372.0,5735.446985446985,0
2106672,Milagres do Maranhão,MA,Maranhão,Nordeste,Leste Maranhense,Chapadinha,8502.0,64341.0,33233.0,17651.0,1677.0,10176.0,7567.748764996471,0
2106706,Mirador,MA,Maranhão,Nordeste,Leste Maranhense,Chapadas do Alto Itapecuru,21045.0,277811.0,77964.0,122467.0,8025.0,59779.0,13200.8077928249,0
2106755,Miranda do Norte,MA,Maranhão,Nordeste,Norte Maranhense,Itapecuru Mirim,29121.0,788580.0,120835.0,15486.0,508599.0,79801.0,27079.427217471926,1
2106805,Mirinzal,MA,Maranhão,Nordeste,Norte Maranhense,Litoral Ocidental Maranhense,15059.0,112050.0,56449.0,6055.0,4025.0,38595.0,7440.733116408792,0
2106904,Monção,MA,Maranhão,Nordeste,Norte Maranhense,Baixada Maranhense,33888.0,257635.0,135223.0,57502.0,8048.0,47673.0,7602.543673276676,0
2107001,Montes Altos,MA,Maranhão,Nordeste,Oeste Maranhense,Imperatriz,9064.0,86487.0,34724.0,27937.0,3356.0,17208.0,9541.813768755515,0
2107100,Morros,MA,Maranhão,Nordeste,Norte Maranhense,Rosário,19708.0,149899.0,82239.0,6624.0,5157.0,46537.0,7605.997564440836,0
2107209,Nina Rodrigues,MA,Maranhão,Nordeste,Norte Maranhense,Itapecuru Mirim,14826.0,88513.0,60229.0,4938.0,3814.0,16683.0,5970.120059355187,0
2107258,Nova Colinas,MA,Maranhão,Nordeste,Sul Maranhense,Chapadas das Mangabeiras,5469.0,86427.0,26719.0,40763.0,2532.0,13907.0,15803.071859572134,0
2107308,Nova Iorque,MA,Maranhão,Nordeste,Leste Maranhense,Chapadas do Alto Itapecuru,4682.0,50966.0,22671.0,14167.0,1712.0,10516.0,10885.519008970525,0
2107357,Nova Olinda do Maranhão,MA,Maranhão,Nordeste,Oeste Maranhense,Pindaré,21228.0,183142.0,92730.0,41480.0,4444.0,37193.0,8627.378933484079,0
2107407,Olho d'Água das Cunhãs,MA,Maranhão,Nordeste,Centro Maranhense,Médio Mearim,19616.0,188363.0,88710.0,34631.0,5317.0,49643.0,9602.518352365416,0
2107456,Olinda Nova do Maranhão,MA,Maranhão,Nordeste,Norte Maranhense,Baixada Maranhense,14968.0,107282.0,58916.0,12071.0,2986.0,27447.0,7167.423837520043,0
2107506,Paço do Lumiar,MA,Maranhão,Nordeste,Norte Maranhense,Aglomeração Urbana de São Luís,125265.0,1240349.0,457657.0,23652.0,136977.0,509019.0,9901.800183610743,1
2107605,Palmeirândia,MA,Maranhão,Nordeste,Norte Maranhense,Baixada Maranhense,19840.0,139099.0,80914.0,19362.0,4488.0,29433.0,7011.038306451613,0
2107704,Paraibano,MA,Maranhão,Nordeste,Leste Maranhense,Chapadas do Alto Itapecuru,21571.0,183353.0,78288.0,29922.0,7571.0,55328.0,8499.976820731537,0
2107803,Parnarama,MA,Maranhão,Nordeste,Leste Maranhense,Caxias,35108.0,322943.0,140703.0,85304.0,14276.0,68766.0,9198.558733052296,0
2107902,Passagem Franca,MA,Maranhão,Nordeste,Leste Maranhense,Chapadas do Alto Itapecuru,19253.0,200088.0,75846.0,52083.0,6472.0,55922.0,10392.562198098998,0
2108009,Pastos Bons,MA,Maranhão,Nordeste,Leste Maranhense,Chapadas do Alto Itapecuru,19693.0,309499.0,93042.0,77685.0,51738.0,70365.0,15716.193571319758,0
2108058,Paulino Neves,MA,Maranhão,Nordeste,Norte Maranhense,Lençóis Maranhenses,16295.0,118326.0,72197.0,8246.0,3415.0,28035.0,7261.491254986192,0
2108108,Paulo Ramos,MA,Maranhão,Nordeste,Oeste Maranhense,Pindaré,21092.0,194140.0,90247.0,30695.0,6196.0,56080.0,9204.437701498198,0
2108207,Pedreiras,MA,Maranhão,Nordeste,Centro Maranhense,Médio Mearim,39153.0,787660.0,149522.0,20048.0,189373.0,357600.0,20117.487804255103,1
2108256,Pedro do Rosário,MA,Maranhão,Nordeste,Norte Maranhense,Baixada Maranhense,25560.0,157863.0,99453.0,17744.0,3977.0,30897.0,6176.173708920188,0
2108306,Penalva,MA,Maranhão,Nordeste,Norte Maranhense,Baixada Maranhense,38987.0,253736.0,141896.0,28957.0,12351.0,58626.0,6508.220688947598,0
2108405,Peri Mirim,MA,Maranhão,Nordeste,Norte Maranhense,Baixada Maranhense,14371.0,95936.0,56234.0,9926.0,2887.0,22651.0,6675.666272354047,0
2108454,Peritoró,MA,Maranhão,Nordeste,Leste Maranhense,Codó,23530.0,230427.0,98553.0,17017.0,7136.0,86200.0,9792.902677433063,0
2108504,Pindaré-Mirim,MA,Maranhão,Nordeste,Oeste Maranhense,Pindaré,33186.0,296184.0,139671.0,23686.0,19493.0,92222.0,8924.968360151872,0
2108603,Pinheiro,MA,Maranhão,Nordeste,Norte Maranhense,Baixada Maranhense,84160.0,1039933.0,309531.0,61755.0,67497.0,484875.0,12356.618346007604,1
2108702,Pio XII,MA,Maranhão,Nordeste,Centro Maranhense,Médio Mearim,21274.0,191327.0,90274.0,22774.0,9139.0,57198.0,8993.46620287675,0
2108801,Pirapemas,MA,Maranhão,Nordeste,Norte Maranhense,Itapecuru Mirim,18814.0,130764.0,80204.0,11327.0,4389.0,29722.0,6950.356117784629,0
2108900,Poção de Pedras,MA,Maranhão,Nordeste,Centro Maranhense,Médio Mearim,17321.0,163076.0,73918.0,30666.0,4368.0,46813.0,9414.929853934533,0
2109007,Porto Franco,MA,Maranhão,Nordeste,Sul Maranhense,Porto Franco,24294.0,1026076.0,109300.0,57602.0,403829.0,307426.0,42235.77838149337,1
2109056,Porto Rico do Maranhão,MA,Maranhão,Nordeste,Norte Maranhense,Litoral Ocidental Maranhense,5936.0,45856.0,25065.0,8348.0,1650.0,9028.0,7725.067385444744,0
2109106,Presidente Dutra,MA,Maranhão,Nordeste,Centro Maranhense,Presidente Dutra,48264.0,755699.0,176243.0,36345.0,33511.0,405614.0,15657.612299022045,1
2109205,Presidente Juscelino,MA,Maranhão,Nordeste,Norte Maranhense,Rosário,12939.0,84479.0,49141.0,17924.0,2359.0,13179.0,6529.020789860113,0
2109239,Presidente Médici,MA,Maranhão,Nordeste,Oeste Maranhense,Pindaré,7124.0,60682.0,28860.0,15295.0,1600.0,12508.0,8517.967434025828,0
2109270,Presidente Sarney,MA,Maranhão,Nordeste,Norte Maranhense,Baixada Maranhense,19217.0,164968.0,92900.0,34967.0,4936.0,28533.0,8584.482489462454,0
2109304,Presidente Vargas,MA,Maranhão,Nordeste,Norte Maranhense,Itapecuru Mirim,11328.0,76166.0,51452.0,5041.0,2032.0,14779.0,6723.693502824859,0
2109403,Primeira Cruz,MA,Maranhão,Nordeste,Norte Maranhense,Lençóis Maranhenses,15545.0,89083.0,59870.0,10859.0,2985.0,13732.0,5730.652943068511,0
2109452,Raposa,MA,Maranhão,Nordeste,Norte Maranhense,Aglomeração Urbana de São Luís,31586.0,286153.0,117241.0,20140.0,37207.0,90763.0,9059.48838092826,0
2109502,Riachão,MA,Maranhão,Nordeste,Sul Maranhense,Gerais de Balsas,20288.0,673197.0,91099.0,415922.0,21628.0,119833.0,33182.02878548896,1
2109551,Ribamar Fiquene,MA,Maranhão,Nordeste,Oeste Maranhense,Imperatriz,7859.0,124192.0,33954.0,47433.0,15805.0,22554.0,15802.51940450439,0
2109601,Rosário,MA,Maranhão,Nordeste,Norte Maranhense,Rosário,43243.0,443176.0,161179.0,11962.0,52741.0,174362.0,10248.502647827394,0
2109700,Sambaíba,MA,Maranhão,Nordeste,Sul Maranhense,Chapadas das Mangabeiras,5686.0,474703.0,26593.0,344739.0,14033.0,74527.0,83486.28209637706,0
2109759,Santa Filomena do Maranhão,MA,Maranhão,Nordeste,Centro Maranhense,Alto Mearim e Grajaú,7878.0,60203.0,31515.0,11988.0,1797.0,12529.0,7641.914191419142,0
2109809,Santa Helena,MA,Maranhão,Nordeste,Norte Maranhense,Baixada Maranhense,42829.0,357951.0,180476.0,37595.0,9879.0,108527.0,8357.678208690373,0
2109908,Santa Inês,MA,Maranhão,Nordeste,Oeste Maranhense,Pindaré,89927.0,1465933.0,362192.0,36783.0,67375.0,801337.0,16301.36666407197,1
2110005,Santa Luzia,MA,Maranhão,Nordeste,Oeste Maranhense,Pindaré,73105.0,743420.0,300709.0,179715.0,21298.0,201543.0,10169.208672457424,1
2110039,Santa Luzia do Paruá,MA,Maranhão,Nordeste,Oeste Maranhense,Pindaré,25487.0,253332.0,89827.0,49972.0,8066.0,86660.0,9939.65551065249,0
2110104,Santa Quitéria do Maranhão,MA,Maranhão,Nordeste,Leste Maranhense,Baixo Parnaíba Maranhense,25884.0,218445.0,111219.0,22557.0,7923.0,63977.0,8439.383402874362,0
2110203,Santa Rita,MA,Maranhão,Nordeste,Norte Maranhense,Rosário,38732.0,354631.0,143581.0,13126.0,29883.0,127691.0,9156.020861303316,0
2110237,Santana do Maranhão,MA,Maranhão,Nordeste,Leste Maranhense,Baixo Parnaíba Maranhense,13704.0,74090.0,46438.0,5895.0,3068.0,15495.0,5406.450671336836,0
2110278,Santo Amaro do Maranhão,MA,Maranhão,Nordeste,Norte Maranhense,Lençóis Maranhenses,16219.0,95932.0,60285.0,9667.0,2450.0,20303.0,5914.791294161169,0
2110302,Santo Antônio dos Lopes,MA,Maranhão,Nordeste,Centro Maranhense,Médio Mearim,14516.0,3055535.0,94999.0,16896.0,2749057.0,85935.0,210494.2821713971,1
2110401,São Benedito do Rio Preto,MA,Maranhão,Nordeste,Leste Maranhense,Chapadinha,18769.0,143437.0,85842.0,7465.0,5768.0,37676.0,7642.229207736161,0
2110500,São Bento,MA,Maranhão,Nordeste,Norte Maranhense,Baixada Maranhense,45989.0,312160.0,171711.0,13872.0,12099.0,97421.0,6787.710104590228,0
2110609,São Bernardo,MA,Maranhão,Nordeste,Leste Maranhense,Baixo Parnaíba Maranhense,28825.0,281177.0,120253.0,42639.0,13992.0,84780.0,9754.622723330442,0
2110658,São Domingos do Azeitão,MA,Maranhão,Nordeste,Sul Maranhense,Chapadas das Mangabeiras,7448.0,320522.0,34309.0,147739.0,8445.0,101824.0,43034.64017185822,0
2110708,São Domingos do Maranhão,MA,Maranhão,Nordeste,Centro Maranhense,Presidente Dutra,34391.0,355916.0,130211.0,50277.0,16253.0,132605.0,10349.102962984502,0
2110807,São Félix de Balsas,MA,Maranhão,Nordeste,Sul Maranhense,Chapadas das Mangabeiras,4540.0,86158.0,22100.0,45018.0,3139.0,13130.0,18977.533039647577,0
2110856,São Francisco do Brejão,MA,Maranhão,Nordeste,Oeste Maranhense,Imperatriz,12082.0,121253.0,49292.0,37260.0,5646.0,23810.0,10035.83843734481,0
2110906,São Francisco do Maranhão,MA,Maranhão,Nordeste,Leste Maranhense,Chapadas do Alto Itapecuru,12226.0,98973.0,52251.0,20307.0,3572.0,19828.0,8095.288728938328,0
2111003,São João Batista,MA,Maranhão,Nordeste,Norte Maranhense,Baixada Maranhense,20736.0,135595.0,76283.0,18438.0,3547.0,32344.0,6539.110725308642,0
2111029,São João do Carú,MA,Maranhão,Nordeste,Oeste Maranhense,Pindaré,15768.0,123006.0,69932.0,22003.0,2757.0,24300.0,7800.989345509894,0
2111052,São João do Paraíso,MA,Maranhão,Nordeste,Sul Maranhense,Porto Franco,11207.0,151458.0,46746.0,57102.0,3606.0,35779.0,13514.589096100652,0
2111078,São João do Soter,MA,Maranhão,Nordeste,Leste Maranhense,Caxias,18746.0,156360.0,87468.0,32776.0,4584.0,27575.0,8340.979408940573,0
2111102,São João dos Patos,MA,Maranhão,Nordeste,Leste Maranhense,Chapadas do Alto Itapecuru,26063.0,340970.0,100711.0,52576.0,22324.0,137173.0,13082.530790776196,0
2111201,São José de Ribamar,MA,Maranhão,Nordeste,Norte Maranhense,Aglomeração Urbana de São Luís,180345.0,2293735.0,630495.0,25861.0,226020.0,1151100.0,12718.594915301228,1
2111250,São José dos Basílios,MA,Maranhão,Nordeste,Centro Maranhense,Presidente Dutra,7639.0,61940.0,30012.0,11361.0,2206.0,15346.0,8108.391150674172,0
2111300,São Luís,MA,Maranhão,Nordeste,Norte Maranhense,Aglomeração Urbana de São Luís,1115932.0,36533730.0,3978761.0,25578.0,7326897.0,17693692.0,32738.312011843016,1
2111409,São Luís Gonzaga do Maranhão,MA,Maranhão,Nordeste,Centro Maranhense,Médio Mearim,18600.0,170048.0,80744.0,44453.0,4629.0,34031.0,9142.36559139785,0
2111508,São Mateus do Maranhão,MA,Maranhão,Nordeste,Centro Maranhense,Médio Mearim,41750.0,429232.0,152027.0,91478.0,16993.0,141037.0,10281.005988023951,0
2111532,São Pedro da Água Branca,MA,Maranhão,Nordeste,Oeste Maranhense,Imperatriz,12779.0,127603.0,61252.0,21584.0,4946.0,31284.0,9985.36661710619,0
2111573,São Pedro dos Crentes,MA,Maranhão,Nordeste,Sul Maranhense,Porto Franco,4700.0,83541.0,22771.0,36720.0,1991.0,17914.0,17774.68085106383,0
2111607,São Raimundo das Mangabeiras,MA,Maranhão,Nordeste,Sul Maranhense,Chapadas das Mangabeiras,19090.0,739621.0,84887.0,416216.0,26706.0,154099.0,38743.89732844421,1
2111631,São Raimundo do Doca Bezerra,MA,Maranhão,Nordeste,Centro Maranhense,Médio Mearim,5028.0,43955.0,25314.0,5986.0,1325.0,9729.0,8742.044550517105,0
2111672,São Roberto,MA,Maranhão,Nordeste,Centro Maranhense,Médio Mearim,6856.0,45766.0,28933.0,5888.0,1175.0,8583.0,6675.320886814469,0
2111706,São Vicente Ferrer,MA,Maranhão,Nordeste,Norte Maranhense,Baixada Maranhense,22452.0,145752.0,79076.0,21869.0,4668.0,33499.0,6491.715660074827,0
2111722,Satubinha,MA,Maranhão,Nordeste,Centro Maranhense,Médio Mearim,14274.0,93076.0,57100.0,14338.0,2257.0,16549.0,6520.666946896455,0
2111748,Senador Alexandre Costa,MA,Maranhão,Nordeste,Centro Maranhense,Presidente Dutra,11285.0,101830.0,47284.0,18957.0,2765.0,26586.0,9023.482498892336,0
2111763,Senador La Rocque,MA,Maranhão,Nordeste,Oeste Maranhense,Imperatriz,13981.0,187130.0,72602.0,48776.0,7334.0,49209.0,13384.593376725556,0
2111789,Serrano do Maranhão,MA,Maranhão,Nordeste,Norte Maranhense,Litoral Ocidental Maranhense,10343.0,72441.0,47384.0,7780.0,1879.0,13379.0,7003.867349898482,0
2111805,Sítio Novo,MA,Maranhão,Nordeste,Centro Maranhense,Alto Mearim e Grajaú,18237.0,221499.0,82996.0,77186.0,5065.0,46364.0,12145.583155124195,0
2111904,Sucupira do Norte,MA,Maranhão,Nordeste,Leste Maranhense,Chapadas do Alto Itapecuru,10631.0,126217.0,44272.0,46666.0,4014.0,26469.0,11872.54256419904,0
2111953,Sucupira do Riachão,MA,Maranhão,Nordeste,Leste Maranhense,Chapadas do Alto Itapecuru,5692.0,47999.0,23828.0,10131.0,1986.0,10086.0,8432.712579058327,0
2112001,Tasso Fragoso,MA,Maranhão,Nordeste,Sul Maranhense,Gerais de Balsas,8642.0,2351422.0,51299.0,1863066.0,67992.0,314486.0,272092.3397361722,1
2112100,Timbiras,MA,Maranhão,Nordeste,Leste Maranhense,Codó,29241.0,196337.0,114396.0,12638.0,7812.0,51993.0,6714.442050545467,0
2112209,Timon,MA,Maranhão,Nordeste,Leste Maranhense,Caxias,171317.0,2320671.0,659926.0,26448.0,284087.0,1054876.0,13546.063729810818,1
2112233,Trizidela do Vale,MA,Maranhão,Nordeste,Centro Maranhense,Médio Mearim,22223.0,525500.0,104050.0,14646.0,273241.0,116561.0,23646.672366467174,1
2112274,Tufilândia,MA,Maranhão,Nordeste,Oeste Maranhense,Pindaré,5868.0,60049.0,36553.0,9384.0,1584.0,10969.0,10233.299250170416,0
2112308,Tuntum,MA,Maranhão,Nordeste,Centro Maranhense,Alto Mearim e Grajaú,42242.0,365192.0,160480.0,77065.0,13314.0,95760.0,8645.23460063444,0
2112407,Turiaçu,MA,Maranhão,Nordeste,Oeste Maranhense,Gurupi,35811.0,295916.0,131327.0,94772.0,7602.0,53330.0,8263.2710619642,0
2112456,Turilândia,MA,Maranhão,Nordeste,Oeste Maranhense,Gurupi,26112.0,223067.0,106698.0,67425.0,5469.0,37829.0,8542.700674019608,0
2112506,Tutóia,MA,Maranhão,Nordeste,Norte Maranhense,Lençóis Maranhenses,59927.0,546155.0,250113.0,33874.0,29107.0,192784.0,9113.67163382115,1
2112605,Urbano Santos,MA,Maranhão,Nordeste,Leste Maranhense,Chapadinha,33791.0,247485.0,132637.0,12061.0,8504.0,78477.0,7323.991595395223,0
2112704,Vargem Grande,MA,Maranhão,Nordeste,Norte Maranhense,Itapecuru Mirim,57813.0,433473.0,235546.0,21240.0,16633.0,131851.0,7497.846505111307,0
2112803,Viana,MA,Maranhão,Nordeste,Norte Maranhense,Baixada Maranhense,52852.0,501710.0,193255.0,79948.0,15816.0,176381.0,9492.734428214637,1
2112852,Vila Nova dos Martírios,MA,Maranhão,Nordeste,Oeste Maranhense,Imperatriz,13800.0,156914.0,56351.0,60514.0,4685.0,29054.0,11370.579710144928,0
2112902,Vitória do Mearim,MA,Maranhão,Nordeste,Norte Maranhense,Baixada Maranhense,32956.0,318163.0,136609.0,42126.0,12979.0,104515.0,9654.175263988349,0
2113009,Vitorino Freire,MA,Maranhão,Nordeste,Oeste Maranhense,Pindaré,31520.0,325509.0,130013.0,53985.0,9410.0,109801.0,10327.062182741116,0
2114007,Zé Doca,MA,Maranhão,Nordeste,Oeste Maranhense,Pindaré,52190.0,567070.0,216054.0,66242.0,24073.0,211273.0,10865.491473462347,1
2200053,Acauã,PI,Piauí,Nordeste,Sudeste Piauiense,Alto Médio Canindé,7119.0,73623.0,36877.0,16419.0,2482.0,14359.0,10341.761483354405,0
2200103,Agricolândia,PI,Piauí,Nordeste,Centro-Norte Piauiense,Médio Parnaíba Piauiense,5123.0,47283.0,25409.0,7406.0,3186.0,9091.0,9229.552996291235,0
2200202,Água Branca,PI,Piauí,Nordeste,Centro-Norte Piauiense,Médio Parnaíba Piauiense,17525.0,244027.0,95314.0,5365.0,18155.0,106538.0,13924.50784593438,0
2200251,Alagoinha do Piauí,PI,Piauí,Nordeste,Sudeste Piauiense,Pio IX,7678.0,65442.0,36415.0,12194.0,2632.0,11886.0,8523.31336285491,0
2200277,Alegrete do Piauí,PI,Piauí,Nordeste,Sudeste Piauiense,Pio IX,4921.0,48184.0,25567.0,7212.0,1890.0,11232.0,9791.505791505791,0
2200301,Alto Longá,PI,Piauí,Nordeste,Centro-Norte Piauiense,Campo Maior,14371.0,130958.0,71900.0,20280.0,5070.0,27747.0,9112.65743511238,0
2200400,Altos,PI,Piauí,Nordeste,Centro-Norte Piauiense,Teresina,40681.0,538140.0,217849.0,14421.0,56926.0,201071.0,13228.288390157568,1
2200459,Alvorada do Gurguéia,PI,Piauí,Nordeste,Sudoeste Piauiense,Alto Médio Gurguéia,5469.0,82125.0,30328.0,22668.0,3198.0,20091.0,15016.456390565005,0
2200509,Amarante,PI,Piauí,Nordeste,Centro-Norte Piauiense,Médio Parnaíba Piauiense,17609.0,192594.0,89829.0,18989.0,18116.0,53065.0,10937.247998182747,0
2200608,Angical do Piauí,PI,Piauí,Nordeste,Centro-Norte Piauiense,Médio Parnaíba Piauiense,6779.0,66749.0,31248.0,6252.0,3423.0,21198.0,9846.437527658947,0
2200707,Anísio de Abreu,PI,Piauí,Nordeste,Sudoeste Piauiense,São Raimundo Nonato,9994.0,98552.0,50573.0,10792.0,5008.0,26246.0,9861.116670002,0
2200806,Antônio Almeida,PI,Piauí,Nordeste,Sudoeste Piauiense,Bertolínia,3175.0,140157.0,19569.0,51789.0,40426.0,21058.0,44143.93700787402,0
2200905,Aroazes,PI,Piauí,Nordeste,Centro-Norte Piauiense,Valença do Piauí,5819.0,57305.0,30980.0,7352.0,2746.0,13324.0,9847.91201237326,0
2200954,Aroeiras do Itaim,PI,Piauí,Nordeste,Sudeste Piauiense,Picos,2551.0,24630.0,15294.0,3728.0,963.0,3819.0,9655.037240297925,0
2201002,Arraial,PI,Piauí,Nordeste,Centro-Norte Piauiense,Médio Parnaíba Piauiense,4713.0,48922.0,28619.0,4354.0,2198.0,11474.0,10380.224909823892,0
2201051,Assunção do Piauí,PI,Piauí,Nordeste,Centro-Norte Piauiense,Campo Maior,7879.0,64266.0,40419.0,8898.0,2049.0,10635.0,8156.618860261455,0
2201101,Avelino Lopes,PI,Piauí,Nordeste,Sudoeste Piauiense,Chapadas do Extremo Sul Piauiense,11361.0,97602.0,56736.0,12298.0,4496.0,19931.0,8590.96910483232,0
2201150,Baixa Grande do Ribeiro,PI,Piauí,Nordeste,Sudoeste Piauiense,Alto Parnaíba Piauiense,11751.0,1768705.0,84835.0,1245821.0,76752.0,239643.0,150515.2752957195,1
2201176,Barra D'Alcântara,PI,Piauí,Nordeste,Centro-Norte Piauiense,Valença do Piauí,3953.0,38963.0,23570.0,2444.0,1817.0,9266.0,9856.564634454844,0
2201200,Barras,PI,Piauí,Nordeste,Norte Piauiense,Baixo Parnaíba Piauiense,47298.0,497742.0,247442.0,39525.0,28128.0,154536.0,10523.531650386907,1
2201309,Barreiras do Piauí,PI,Piauí,Nordeste,Sudoeste Piauiense,Alto Médio Gurguéia,3356.0,163172.0,20370.0,110123.0,6479.0,17916.0,48620.97735399285,0
2201408,Barro Duro,PI,Piauí,Nordeste,Centro-Norte Piauiense,Médio Parnaíba Piauiense,7022.0,90192.0,36844.0,17836.0,9870.0,20265.0,12844.20393050413,0
2201507,Batalha,PI,Piauí,Nordeste,Norte Piauiense,Baixo Parnaíba Piauiense,26951.0,250807.0,139174.0,27418.0,15695.0,57697.0,9306.036881748358,0
2201556,Bela Vista do Piauí,PI,Piauí,Nordeste,Sudeste Piauiense,Alto Médio Canindé,4044.0,46876.0,23167.0,10240.0,1591.0,9602.0,11591.493570722056,0
2201572,Belém do Piauí,PI,Piauí,Nordeste,Sudeste Piauiense,Alto Médio Canindé,3607.0,41264.0,21572.0,6895.0,3602.0,7536.0,11439.977820903798,0
2201606,Beneditinos,PI,Piauí,Nordeste,Centro-Norte Piauiense,Teresina,10479.0,91898.0,53562.0,8520.0,4736.0,20808.0,8769.729936062602,0
2201705,Bertolínia,PI,Piauí,Nordeste,Sudoeste Piauiense,Bertolínia,5512.0,72471.0,30087.0,6676.0,9660.0,17375.0,13147.859216255443,0
2201739,Betânia do Piauí,PI,Piauí,Nordeste,Sudeste Piauiense,Alto Médio Canindé,6214.0,62570.0,38070.0,3945.0,1951.0,14491.0,10069.198583842935,0
2201770,Boa Hora,PI,Piauí,Nordeste,Norte Piauiense,Baixo Parnaíba Piauiense,6848.0,62507.0,36876.0,10227.0,2000.0,10971.0,9127.77453271028,0
2201804,Bocaina,PI,Piauí,Nordeste,Sudeste Piauiense,Picos,4509.0,47772.0,25210.0,8242.0,2305.0,9980.0,10594.810379241517,0
2201903,Bom Jesus,PI,Piauí,Nordeste,Sudoeste Piauiense,Alto Médio Gurguéia,25584.0,1411005.0,141838.0,469056.0,90381.0,548818.0,55151.85272045028,1
2201919,Bom Princípio do Piauí,PI,Piauí,Nordeste,Norte Piauiense,Litoral Piauiense,5670.0,70166.0,34493.0,18270.0,2757.0,11806.0,12374.95590828924,0
2201929,Bonfim do Piauí,PI,Piauí,Nordeste,Sudoeste Piauiense,São Raimundo Nonato,5700.0,52945.0,31094.0,5660.0,1836.0,11982.0,9288.59649122807,0
2201945,Boqueirão do Piauí,PI,Piauí,Nordeste,Centro-Norte Piauiense,Campo Maior,6443.0,51725.0,32955.0,3455.0,1703.0,11385.0,8028.092503492162,0
2201960,Brasileira,PI,Piauí,Nordeste,Norte Piauiense,Baixo Parnaíba Piauiense,8364.0,69325.0,42073.0,6020.0,4959.0,13467.0,8288.498326159732,0
2201988,Brejo do Piauí,PI,Piauí,Nordeste,Sudoeste Piauiense,São Raimundo Nonato,3824.0,43979.0,24232.0,6435.0,1970.0,9312.0,11500.784518828452,0
2202000,Buriti dos Lopes,PI,Piauí,Nordeste,Norte Piauiense,Litoral Piauiense,19832.0,214793.0,101152.0,35389.0,13690.0,51976.0,10830.627269060104,0
2202026,Buriti dos Montes,PI,Piauí,Nordeste,Centro-Norte Piauiense,Campo Maior,8282.0,69690.0,43100.0,10742.0,2745.0,11010.0,8414.634146341463,0
2202059,Cabeceiras do Piauí,PI,Piauí,Nordeste,Norte Piauiense,Baixo Parnaíba Piauiense,10671.0,86140.0,51839.0,8978.0,5104.0,16483.0,8072.345609596102,0
2202075,Cajazeiras do Piauí,PI,Piauí,Nordeste,Sudeste Piauiense,Picos,3586.0,34182.0,21892.0,3290.0,1154.0,6488.0,9532.06915783603,0
2202083,Cajueiro da Praia,PI,Piauí,Nordeste,Norte Piauiense,Litoral Piauiense,7704.0,115379.0,42020.0,19960.0,6154.0,39863.0,14976.505711318796,0
2202091,Caldeirão Grande do Piauí,PI,Piauí,Nordeste,Sudeste Piauiense,Alto Médio Canindé,5786.0,195079.0,32763.0,21853.0,118332.0,9834.0,33715.693052194954,0
2202109,Campinas do Piauí,PI,Piauí,Nordeste,Sudeste Piauiense,Alto Médio Canindé,5628.0,57498.0,30806.0,11367.0,2365.0,10675.0,10216.41791044776,0
2202117,Campo Alegre do Fidalgo,PI,Piauí,Nordeste,Sudeste Piauiense,Alto Médio Canindé,5093.0,51328.0,30216.0,2883.0,6499.0,9908.0,10078.146475554682,0
2202133,Campo Grande do Piauí,PI,Piauí,Nordeste,Sudeste Piauiense,Alto Médio Canindé,5987.0,62139.0,32121.0,8081.0,2483.0,16000.0,10378.987806914982,0
2202174,Campo Largo do Piauí,PI,Piauí,Nordeste,Norte Piauiense,Baixo Parnaíba Piauiense,7342.0,56554.0,38358.0,5220.0,1717.0,9428.0,7702.805774993189,0
2202208,Campo Maior,PI,Piauí,Nordeste,Centro-Norte Piauiense,Campo Maior,46950.0,706324.0,250817.0,36630.0,52859.0,297492.0,15044.174653887114,1
2202251,Canavieira,PI,Piauí,Nordeste,Sudoeste Piauiense,Floriano,3938.0,41948.0,24739.0,7747.0,1691.0,6583.0,10652.107668867446,0
2202307,Canto do Buriti,PI,Piauí,Nordeste,Sudoeste Piauiense,São Raimundo Nonato,21326.0,271402.0,105563.0,33457.0,15682.0,96947.0,12726.343430554252,0
2202406,Capitão de Campos,PI,Piauí,Nordeste,Centro-Norte Piauiense,Campo Maior,11471.0,106411.0,58579.0,5261.0,4532.0,31960.0,9276.523406852062,0
2202455,Capitão Gervásio Oliveira,PI,Piauí,Nordeste,Sudeste Piauiense,Alto Médio Canindé,4127.0,43672.0,25518.0,4822.0,1314.0,8752.0,10582.020838381392,0
2202505,Caracol,PI,Piauí,Nordeste,Sudoeste Piauiense,São Raimundo Nonato,11009.0,97485.0,59550.0,6576.0,3639.0,22298.0,8855.027704605323,0
2202539,Caraúbas do Piauí,PI,Piauí,Nordeste,Norte Piauiense,Litoral Piauiense,5910.0,57437.0,33052.0,8777.0,1751.0,11222.0,9718.612521150591,0
2202554,Caridade do Piauí,PI,Piauí,Nordeste,Sudeste Piauiense,Alto Médio Canindé,5102.0,50032.0,27882.0,6958.0,3937.0,8919.0,9806.350450803606,0
2202604,Castelo do Piauí,PI,Piauí,Nordeste,Centro-Norte Piauiense,Campo Maior,19716.0,202304.0,98262.0,25097.0,12864.0,53882.0,10260.904848853725,0
2202653,Caxingó,PI,Piauí,Nordeste,Norte Piauiense,Litoral Piauiense,5477.0,53144.0,32046.0,6479.0,1990.0,10463.0,9703.122147160855,0
2202703,Cocal,PI,Piauí,Nordeste,Norte Piauiense,Litoral Piauiense,27901.0,272775.0,137368.0,36996.0,12423.0,71273.0,9776.531307121608,0
2202711,Cocal de Telha,PI,Piauí,Nordeste,Centro-Norte Piauiense,Campo Maior,4908.0,46961.0,29579.0,2861.0,1597.0,10841.0,9568.255908720455,0
2202729,Cocal dos Alves,PI,Piauí,Nordeste,Norte Piauiense,Litoral Piauiense,6180.0,56962.0,34054.0,6172.0,2135.0,12334.0,9217.15210355987,0
2202737,Coivaras,PI,Piauí,Nordeste,Centro-Norte Piauiense,Teresina,4044.0,37708.0,23773.0,3875.0,1559.0,7103.0,9324.431256182,0
2202752,Colônia do Gurguéia,PI,Piauí,Nordeste,Sudoeste Piauiense,Bertolínia,6545.0,70560.0,33876.0,4905.0,3113.0,23145.0,10780.748663101604,0
2202778,Colônia do Piauí,PI,Piauí,Nordeste,Sudeste Piauiense,Picos,7665.0,68111.0,39609.0,7579.0,2900.0,14827.0,8885.97521200261,0
2202802,Conceição do Canindé,PI,Piauí,Nordeste,Sudeste Piauiense,Alto Médio Canindé,4811.0,60446.0,25717.0,17675.0,2592.0,11548.0,12564.123882768656,0
2202851,Coronel José Dias,PI,Piauí,Nordeste,Sudoeste Piauiense,São Raimundo Nonato,4688.0,40770.0,24769.0,5188.0,1981.0,6863.0,8696.672354948805,0
2202901,Corrente,PI,Piauí,Nordeste,Sudoeste Piauiense,Chapadas do Extremo Sul Piauiense,26771.0,680737.0,132400.0,165633.0,26752.0,286087.0,25428.14986365844,1
2203008,Cristalândia do Piauí,PI,Piauí,Nordeste,Sudoeste Piauiense,Chapadas do Extremo Sul Piauiense,8350.0,75069.0,40633.0,17353.0,2116.0,11827.0,8990.299401197604,0
2203107,Cristino Castro,PI,Piauí,Nordeste,Sudoeste Piauiense,Alto Médio Gurguéia,10464.0,121468.0,56162.0,6574.0,6898.0,42774.0,11608.180428134556,0
2203206,Curimatá,PI,Piauí,Nordeste,Sudoeste Piauiense,Chapadas do Extremo Sul Piauiense,11461.0,140861.0,58905.0,18753.0,11244.0,42846.0,12290.463310356865,0
2203230,Currais,PI,Piauí,Nordeste,Sudoeste Piauiense,Alto Médio Gurguéia,4982.0,409013.0,29924.0,299393.0,15652.0,40406.0,82098.15335206744,0
2203255,Curralinhos,PI,Piauí,Nordeste,Centro-Norte Piauiense,Teresina,4475.0,39660.0,23393.0,6163.0,1274.0,7322.0,8862.569832402234,0
2203271,Curral Novo do Piauí,PI,Piauí,Nordeste,Sudeste Piauiense,Alto Médio Canindé,5390.0,78414.0,32870.0,6068.0,19998.0,8396.0,14548.051948051949,0
2203305,Demerval Lobão,PI,Piauí,Nordeste,Centro-Norte Piauiense,Teresina,13862.0,215834.0,77283.0,3406.0,48545.0,59175.0,15570.191891501949,0
2203354,Dirceu Arcoverde,PI,Piauí,Nordeste,Sudoeste Piauiense,São Raimundo Nonato,7046.0,67493.0,39742.0,7114.0,2516.0,14299.0,9578.910019869429,0
2203404,Dom Expedito Lopes,PI,Piauí,Nordeste,Sudeste Piauiense,Picos,6940.0,78053.0,35687.0,5597.0,4203.0,26463.0,11246.829971181556,0
2203420,Domingos Mourão,PI,Piauí,Nordeste,Centro-Norte Piauiense,Campo Maior,4352.0,46532.0,25076.0,6485.0,2217.0,10784.0,10692.095588235294,0
2203453,Dom Inocêncio,PI,Piauí,Nordeste,Sudoeste Piauiense,São Raimundo Nonato,9574.0,164347.0,49875.0,10868.0,66548.0,22357.0,17165.970336327555,0
2203503,Elesbão Veloso,PI,Piauí,Nordeste,Centro-Norte Piauiense,Valença do Piauí,14550.0,164745.0,71600.0,19391.0,8558.0,54588.0,11322.680412371134,0
2203602,Eliseu Martins,PI,Piauí,Nordeste,Sudoeste Piauiense,Bertolínia,4943.0,55592.0,25284.0,5439.0,3559.0,17268.0,11246.611369613594,0
2203701,Esperantina,PI,Piauí,Nordeste,Norte Piauiense,Baixo Parnaíba Piauiense,39953.0,456615.0,196406.0,16720.0,30154.0,175757.0,11428.803844517308,0
2203750,Fartura do Piauí,PI,Piauí,Nordeste,Sudoeste Piauiense,São Raimundo Nonato,5330.0,46774.0,29431.0,6161.0,1237.0,7508.0,8775.609756097561,0
2203800,Flores do Piauí,PI,Piauí,Nordeste,Sudoeste Piauiense,Floriano,4461.0,48120.0,26645.0,6156.0,3312.0,9986.0,10786.81909885676,0
2203859,Floresta do Piauí,PI,Piauí,Nordeste,Sudeste Piauiense,Alto Médio Canindé,2561.0,25258.0,15014.0,3257.0,809.0,4970.0,9862.553689964858,0
2203909,Floriano,PI,Piauí,Nordeste,Sudoeste Piauiense,Floriano,60111.0,1375704.0,290321.0,20910.0,96984.0,788407.0,22886.060787543047,1
2204006,Francinópolis,PI,Piauí,Nordeste,Centro-Norte Piauiense,Valença do Piauí,5345.0,44797.0,27438.0,3905.0,2151.0,9347.0,8381.103835360149,0
2204105,Francisco Ayres,PI,Piauí,Nordeste,Centro-Norte Piauiense,Médio Parnaíba Piauiense,4300.0,46763.0,26236.0,6809.0,2140.0,9761.0,10875.116279069767,0
2204154,Francisco Macedo,PI,Piauí,Nordeste,Sudeste Piauiense,Alto Médio Canindé,3216.0,30662.0,19610.0,1914.0,1117.0,6801.0,9534.203980099504,0
2204204,Francisco Santos,PI,Piauí,Nordeste,Sudeste Piauiense,Pio IX,9423.0,83053.0,44387.0,7629.0,4972.0,21506.0,8813.859704977183,0
2204303,Fronteiras,PI,Piauí,Nordeste,Sudeste Piauiense,Alto Médio Canindé,11690.0,124838.0,56154.0,9062.0,17072.0,36806.0,10679.041916167664,0
2204352,Geminiano,PI,Piauí,Nordeste,Sudeste Piauiense,Picos,5477.0,59302.0,27076.0,12506.0,5613.0,10665.0,10827.460288479097,0
2204402,Gilbués,PI,Piauí,Nordeste,Sudoeste Piauiense,Alto Médio Gurguéia,10698.0,416900.0,62514.0,231032.0,16983.0,77348.0,38969.90091605908,0
2204501,Guadalupe,PI,Piauí,Nordeste,Sudoeste Piauiense,Floriano,10496.0,637210.0,59483.0,197912.0,305815.0,55696.0,60709.79420731707,1
2204550,Guaribas,PI,Piauí,Nordeste,Sudoeste Piauiense,São Raimundo Nonato,4573.0,45099.0,28425.0,5822.0,1825.0,6910.0,9862.01618193746,0
2204600,Hugo Napoleão,PI,Piauí,Nordeste,Centro-Norte Piauiense,Médio Parnaíba Piauiense,3880.0,34066.0,20764.0,3220.0,1799.0,6890.0,8779.896907216495,0
2204659,Ilha Grande,PI,Piauí,Nordeste,Norte Piauiense,Litoral Piauiense,9487.0,119727.0,51143.0,13930.0,35685.0,15564.0,12620.111731843575,0
2204709,Inhuma,PI,Piauí,Nordeste,Centro-Norte Piauiense,Valença do Piauí,15330.0,163649.0,76472.0,23814.0,10450.0,42969.0,10675.081539465102,0
2204808,Ipiranga do Piauí,PI,Piauí,Nordeste,Sudeste Piauiense,Picos,9863.0,82428.0,46293.0,7746.0,5069.0,19036.0,8357.294940687418,0
2204907,Isaías Coelho,PI,Piauí,Nordeste,Sudeste Piauiense,Alto Médio Canindé,8582.0,80798.0,44091.0,10748.0,2882.0,18849.0,9414.821719878815,0
2205003,Itainópolis,PI,Piauí,Nordeste,Sudeste Piauiense,Alto Médio Canindé,11571.0,108203.0,55045.0,22530.0,4817.0,21005.0,9351.222884798202,0
2205102,Itaueira,PI,Piauí,Nordeste,Sudoeste Piauiense,Floriano,11037.0,131859.0,61787.0,18434.0,6790.0,37529.0,11946.996466431096,0
2205151,Jacobina do Piauí,PI,Piauí,Nordeste,Sudeste Piauiense,Alto Médio Canindé,5718.0,69073.0,34036.0,15363.0,3589.0,12888.0,12079.923050017487,0
2205201,Jaicós,PI,Piauí,Nordeste,Sudeste Piauiense,Alto Médio Canindé,19233.0,191773.0,90951.0,29134.0,9324.0,51146.0,9971.039359434306,0
2205250,Jardim do Mulato,PI,Piauí,Nordeste,Centro-Norte Piauiense,Médio Parnaíba Piauiense,4522.0,39633.0,25554.0,4127.0,1561.0,7058.0,8764.484741264927,0
2205276,Jatobá do Piauí,PI,Piauí,Nordeste,Centro-Norte Piauiense,Campo Maior,4885.0,58752.0,29938.0,15841.0,2345.0,8504.0,12027.02149437052,0
2205300,Jerumenha,PI,Piauí,Nordeste,Sudoeste Piauiense,Floriano,4443.0,63533.0,26578.0,17608.0,2831.0,13268.0,14299.57236101733,0
2205359,João Costa,PI,Piauí,Nordeste,Sudeste Piauiense,Alto Médio Canindé,3003.0,69289.0,19935.0,9399.0,32767.0,5575.0,23073.260073260077,0
2205409,Joaquim Pires,PI,Piauí,Nordeste,Norte Piauiense,Baixo Parnaíba Piauiense,14396.0,118898.0,70817.0,14644.0,5263.0,23284.0,8259.099749930536,0
2205458,Joca Marques,PI,Piauí,Nordeste,Norte Piauiense,Baixo Parnaíba Piauiense,5488.0,46226.0,30220.0,4519.0,1595.0,8234.0,8423.104956268222,0
2205508,José de Freitas,PI,Piauí,Nordeste,Centro-Norte Piauiense,Teresina,39457.0,390737.0,187019.0,37597.0,25209.0,116795.0,9902.856273918444,0
2205516,Juazeiro do Piauí,PI,Piauí,Nordeste,Centro-Norte Piauiense,Campo Maior,5491.0,55948.0,30116.0,7253.0,3327.0,12440.0,10189.036605354217,0
2205524,Júlio Borges,PI,Piauí,Nordeste,Sudoeste Piauiense,Chapadas do Extremo Sul Piauiense,5653.0,78729.0,32729.0,9293.0,21845.0,12950.0,13926.941447019282,0
2205532,Jurema,PI,Piauí,Nordeste,Sudoeste Piauiense,São Raimundo Nonato,4790.0,43566.0,28109.0,4590.0,1879.0,7473.0,9095.198329853862,0
2205540,Lagoinha do Piauí,PI,Piauí,Nordeste,Centro-Norte Piauiense,Médio Parnaíba Piauiense,2870.0,40519.0,15472.0,1451.0,1541.0,18008.0,14118.118466898955,0
2205557,Lagoa Alegre,PI,Piauí,Nordeste,Centro-Norte Piauiense,Teresina,8610.0,77320.0,47244.0,5486.0,3454.0,17306.0,8980.255516840884,0
2205565,Lagoa do Barro do Piauí,PI,Piauí,Nordeste,Sudeste Piauiense,Alto Médio Canindé,4658.0,537525.0,31579.0,5300.0,368872.0,55565.0,115398.23958780592,0
2205573,Lagoa de São Francisco,PI,Piauí,Nordeste,Centro-Norte Piauiense,Campo Maior,6795.0,54980.0,37610.0,4010.0,1891.0,9820.0,8091.243561442237,0
2205581,Lagoa do Piauí,PI,Piauí,Nordeste,Centro-Norte Piauiense,Teresina,4086.0,74653.0,24403.0,4219.0,13408.0,25498.0,18270.43563387176,0
2205599,Lagoa do Sítio,PI,Piauí,Nordeste,Centro-Norte Piauiense,Valença do Piauí,5219.0,48595.0,26605.0,10667.0,1728.0,7814.0,9311.170722360606,0
2205607,Landri Sales,PI,Piauí,Nordeste,Sudoeste Piauiense,Bertolínia,5272.0,109799.0,30588.0,47288.0,7144.0,18779.0,20826.820940819423,0
2205706,Luís Correia,PI,Piauí,Nordeste,Norte Piauiense,Litoral Piauiense,30558.0,378632.0,159147.0,36126.0,27732.0,129129.0,12390.601479154397,0
2205805,Luzilândia,PI,Piauí,Nordeste,Norte Piauiense,Baixo Parnaíba Piauiense,25521.0,241246.0,125677.0,18244.0,11912.0,71758.0,9452.84275694526,0
2205854,Madeiro,PI,Piauí,Nordeste,Norte Piauiense,Baixo Parnaíba Piauiense,8372.0,75141.0,50288.0,6476.0,2456.0,13554.0,8975.274725274725,0
2205904,Manoel Emídio,PI,Piauí,Nordeste,Sudoeste Piauiense,Bertolínia,5352.0,54807.0,27214.0,6608.0,2940.0,14749.0,10240.470852017936,0
2205953,Marcolândia,PI,Piauí,Nordeste,Sudeste Piauiense,Alto Médio Canindé,8590.0,198363.0,48198.0,10319.0,98923.0,32621.0,23092.316647264262,0
2206001,Marcos Parente,PI,Piauí,Nordeste,Sudoeste Piauiense,Bertolínia,4546.0,54884.0,27690.0,4575.0,3093.0,16184.0,12073.03123625165,0
2206050,Massapê do Piauí,PI,Piauí,Nordeste,Sudeste Piauiense,Alto Médio Canindé,6456.0,52130.0,33915.0,5772.0,1786.0,9022.0,8074.659231722429,0
2206100,Matias Olímpio,PI,Piauí,Nordeste,Norte Piauiense,Baixo Parnaíba Piauiense,10979.0,95557.0,57762.0,5590.0,4308.0,23453.0,8703.61599417069,0
2206209,Miguel Alves,PI,Piauí,Nordeste,Norte Piauiense,Baixo Parnaíba Piauiense,33901.0,312836.0,183240.0,36358.0,12965.0,65491.0,9227.928379693814,0
2206308,Miguel Leão,PI,Piauí,Nordeste,Centro-Norte Piauiense,Teresina,1239.0,23618.0,12333.0,803.0,1682.0,6999.0,19062.146892655368,0
2206357,Milton Brandão,PI,Piauí,Nordeste,Centro-Norte Piauiense,Campo Maior,6603.0,53563.0,33685.0,7044.0,1647.0,9334.0,8111.918824776617,0
2206407,Monsenhor Gil,PI,Piauí,Nordeste,Centro-Norte Piauiense,Teresina,10563.0,127395.0,55320.0,9561.0,8347.0,43059.0,12060.4941777904,0
2206506,Monsenhor Hipólito,PI,Piauí,Nordeste,Sudeste Piauiense,Pio IX,7785.0,72882.0,37657.0,12826.0,3208.0,15864.0,9361.84971098266,0
2206605,Monte Alegre do Piauí,PI,Piauí,Nordeste,Sudoeste Piauiense,Alto Médio Gurguéia,10618.0,298089.0,64932.0,158445.0,11448.0,45416.0,28073.931060463365,0
2206654,Morro Cabeça no Tempo,PI,Piauí,Nordeste,Sudoeste Piauiense,Chapadas do Extremo Sul Piauiense,4527.0,39149.0,25427.0,5844.0,1370.0,5247.0,8647.890435166777,0
2206670,Morro do Chapéu do Piauí,PI,Piauí,Nordeste,Norte Piauiense,Baixo Parnaíba Piauiense,6825.0,62450.0,40176.0,5283.0,2930.0,11942.0,9150.18315018315,0
2206696,Murici dos Portelas,PI,Piauí,Nordeste,Norte Piauiense,Litoral Piauiense,9258.0,74909.0,48260.0,9326.0,2501.0,12528.0,8091.272413048175,0
2206704,Nazaré do Piauí,PI,Piauí,Nordeste,Sudoeste Piauiense,Floriano,7307.0,67047.0,39128.0,5335.0,3095.0,15634.0,9175.721910496784,0
2206720,Nazária,PI,Piauí,Nordeste,Centro-Norte Piauiense,Teresina,8632.0,94898.0,49359.0,6559.0,10059.0,20469.0,10993.74420759963,0
2206753,Nossa Senhora de Nazaré,PI,Piauí,Nordeste,Centro-Norte Piauiense,Campo Maior,4911.0,47885.0,29851.0,6256.0,1717.0,8383.0,9750.559967420077,0
2206803,Nossa Senhora dos Remédios,PI,Piauí,Nordeste,Norte Piauiense,Baixo Parnaíba Piauiense,8751.0,78547.0,52022.0,5514.0,2999.0,15441.0,8975.774197234601,0
2206902,Novo Oriente do Piauí,PI,Piauí,Nordeste,Centro-Norte Piauiense,Valença do Piauí,6548.0,58176.0,32830.0,5641.0,2886.0,13742.0,8884.544899205865,0
2206951,Novo Santo Antônio,PI,Piauí,Nordeste,Centro-Norte Piauiense,Campo Maior,3014.0,31237.0,17498.0,5401.0,1031.0,6044.0,10363.968148639682,0
2207009,Oeiras,PI,Piauí,Nordeste,Sudeste Piauiense,Picos,37138.0,584518.0,186674.0,19861.0,42194.0,275005.0,15739.081264473049,1
2207108,Olho D'Água do Piauí,PI,Piauí,Nordeste,Centro-Norte Piauiense,Médio Parnaíba Piauiense,2477.0,28731.0,15070.0,7484.0,1143.0,4205.0,11599.111828825193,0
2207207,Padre Marcos,PI,Piauí,Nordeste,Sudeste Piauiense,Alto Médio Canindé,6879.0,73919.0,38322.0,7512.0,5150.0,18894.0,10745.602558511411,0
2207306,Paes Landim,PI,Piauí,Nordeste,Sudeste Piauiense,Alto Médio Canindé,4124.0,44250.0,22036.0,5907.0,2264.0,11398.0,10729.873908826385,0
2207355,Pajeú do Piauí,PI,Piauí,Nordeste,Sudoeste Piauiense,São Raimundo Nonato,3416.0,52581.0,20666.0,18819.0,2375.0,8346.0,15392.564402810303,0
2207405,Palmeira do Piauí,PI,Piauí,Nordeste,Sudoeste Piauiense,Alto Médio Gurguéia,5029.0,141457.0,24985.0,86651.0,5579.0,16527.0,28128.25611453569,0
2207504,Palmeirais,PI,Piauí,Nordeste,Centro-Norte Piauiense,Médio Parnaíba Piauiense,14633.0,138834.0,78117.0,20728.0,7380.0,26329.0,9487.733205767783,0
2207553,Paquetá,PI,Piauí,Nordeste,Sudeste Piauiense,Picos,3931.0,44237.0,29168.0,4648.0,1774.0,7397.0,11253.370643602137,0
2207603,Parnaguá,PI,Piauí,Nordeste,Sudoeste Piauiense,Chapadas do Extremo Sul Piauiense,10846.0,119216.0,56272.0,31504.0,4674.0,21697.0,10991.702009957588,0
2207702,Parnaíba,PI,Piauí,Nordeste,Norte Piauiense,Litoral Piauiense,153863.0,2973925.0,724867.0,72985.0,359553.0,1467451.0,19328.39604063355,1
2207751,Passagem Franca do Piauí,PI,Piauí,Nordeste,Centro-Norte Piauiense,Médio Parnaíba Piauiense,4331.0,48758.0,25355.0,10787.0,1926.0,8820.0,11257.908104363887,0
2207777,Patos do Piauí,PI,Piauí,Nordeste,Sudeste Piauiense,Alto Médio Canindé,6420.0,64630.0,32693.0,14714.0,3167.0,11210.0,10066.978193146417,0
2207793,Pau D'Arco do Piauí,PI,Piauí,Nordeste,Centro-Norte Piauiense,Teresina,4084.0,33613.0,21704.0,4136.0,1385.0,5339.0,8230.411361410383,0
2207801,Paulistana,PI,Piauí,Nordeste,Sudeste Piauiense,Alto Médio Canindé,20583.0,267774.0,107932.0,16831.0,18828.0,103376.0,13009.473837633,0
2207850,Pavussu,PI,Piauí,Nordeste,Sudoeste Piauiense,Floriano,3662.0,37693.0,19697.0,5802.0,1757.0,8562.0,10293.009284543965,0
2207900,Pedro II,PI,Piauí,Nordeste,Centro-Norte Piauiense,Campo Maior,38812.0,386328.0,194712.0,14605.0,21068.0,131973.0,9953.828712769247,0
2207934,Pedro Laurentino,PI,Piauí,Nordeste,Sudeste Piauiense,Alto Médio Canindé,2551.0,31322.0,16694.0,4826.0,1699.0,6622.0,12278.322226577811,0
2207959,Nova Santa Rita,PI,Piauí,Nordeste,Sudeste Piauiense,Alto Médio Canindé,4392.0,43931.0,26705.0,5565.0,1803.0,8246.0,10002.50455373406,0
2208007,Picos,PI,Piauí,Nordeste,Sudeste Piauiense,Picos,78627.0,1941759.0,390896.0,53517.0,193301.0,1067111.0,24695.82967682857,1
2208106,Pimenteiras,PI,Piauí,Nordeste,Centro-Norte Piauiense,Valença do Piauí,12150.0,106976.0,56378.0,21997.0,4833.0,19524.0,8804.609053497943,0
2208205,Pio IX,PI,Piauí,Nordeste,Sudeste Piauiense,Pio IX,18492.0,202556.0,95537.0,43737.0,9681.0,43615.0,10953.709712308026,0
2208304,Piracuruca,PI,Piauí,Nordeste,Norte Piauiense,Litoral Piauiense,28952.0,363519.0,145918.0,30280.0,26808.0,133486.0,12555.9201436861,0
2208403,Piripiri,PI,Piauí,Nordeste,Norte Piauiense,Baixo Parnaíba Piauiense,63829.0,917296.0,321042.0,22567.0,109790.0,381888.0,14371.147910824233,1
2208502,Porto,PI,Piauí,Nordeste,Norte Piauiense,Baixo Parnaíba Piauiense,12646.0,118547.0,65956.0,6585.0,16677.0,24853.0,9374.268543412936,0
2208551,Porto Alegre do Piauí,PI,Piauí,Nordeste,Sudoeste Piauiense,Bertolínia,2728.0,39212.0,18254.0,11518.0,1411.0,6391.0,14373.900293255132,0
2208601,Prata do Piauí,PI,Piauí,Nordeste,Centro-Norte Piauiense,Valença do Piauí,3149.0,27584.0,16339.0,1652.0,1413.0,6893.0,8759.606224198158,0
2208650,Queimada Nova,PI,Piauí,Nordeste,Sudeste Piauiense,Alto Médio Canindé,9041.0,253314.0,46210.0,7515.0,138513.0,47465.0,28018.36080079637,0
2208700,Redenção do Gurguéia,PI,Piauí,Nordeste,Sudoeste Piauiense,Alto Médio Gurguéia,8814.0,97930.0,48516.0,18763.0,3567.0,22019.0,11110.732924892216,0
2208809,Regeneração,PI,Piauí,Nordeste,Centro-Norte Piauiense,Médio Parnaíba Piauiense,17979.0,264517.0,84451.0,99707.0,10812.0,55107.0,14712.553534679348,0
2208858,Riacho Frio,PI,Piauí,Nordeste,Sudoeste Piauiense,Chapadas do Extremo Sul Piauiense,4306.0,46279.0,26121.0,10142.0,1704.0,6480.0,10747.561542034373,0
2208874,Ribeira do Piauí,PI,Piauí,Nordeste,Sudeste Piauiense,Alto Médio Canindé,4499.0,217390.0,28727.0,5937.0,173998.0,7051.0,48319.62658368526,0
2208908,Ribeiro Gonçalves,PI,Piauí,Nordeste,Sudoeste Piauiense,Alto Parnaíba Piauiense,7408.0,695855.0,42655.0,513715.0,28632.0,70995.0,93932.91036717064,0
2209005,Rio Grande do Piauí,PI,Piauí,Nordeste,Sudoeste Piauiense,Floriano,6434.0,61491.0,33067.0,7839.0,3179.0,14416.0,9557.196145477152,0
2209104,Santa Cruz do Piauí,PI,Piauí,Nordeste,Sudeste Piauiense,Picos,6254.0,61012.0,32844.0,5483.0,2863.0,16627.0,9755.67636712504,0
2209153,Santa Cruz dos Milagres,PI,Piauí,Nordeste,Centro-Norte Piauiense,Valença do Piauí,4046.0,45473.0,23416.0,9834.0,2250.0,8150.0,11239.00148294612,0
2209203,Santa Filomena,PI,Piauí,Nordeste,Sudoeste Piauiense,Alto Parnaíba Piauiense,6256.0,615148.0,40607.0,412011.0,34662.0,85531.0,98329.28388746805,0
2209302,Santa Luz,PI,Piauí,Nordeste,Sudoeste Piauiense,Alto Médio Gurguéia,5903.0,62465.0,29997.0,15112.0,3122.0,11432.0,10581.907504658648,0
2209351,Santana do Piauí,PI,Piauí,Nordeste,Sudeste Piauiense,Picos,4650.0,40807.0,24245.0,5840.0,1782.0,7544.0,8775.698924731183,0
2209377,Santa Rosa do Piauí,PI,Piauí,Nordeste,Sudeste Piauiense,Picos,5254.0,50228.0,26093.0,5111.0,4988.0,11454.0,9559.9543205177,0
2209401,Santo Antônio de Lisboa,PI,Piauí,Nordeste,Sudeste Piauiense,Pio IX,6466.0,72021.0,31463.0,6244.0,10773.0,15634.0,11138.416331580574,0
2209450,Santo Antônio dos Milagres,PI,Piauí,Nordeste,Centro-Norte Piauiense,Médio Parnaíba Piauiense,2172.0,18051.0,13439.0,661.0,804.0,2713.0,8310.773480662983,0
2209500,Santo Inácio do Piauí,PI,Piauí,Nordeste,Sudeste Piauiense,Alto Médio Canindé,3809.0,40377.0,22144.0,6730.0,1915.0,8054.0,10600.42005775794,0
2209559,São Braz do Piauí,PI,Piauí,Nordeste,Sudoeste Piauiense,São Raimundo Nonato,4454.0,39471.0,23670.0,6190.0,1451.0,6881.0,8861.921867983834,0
2209609,São Félix do Piauí,PI,Piauí,Nordeste,Centro-Norte Piauiense,Valença do Piauí,2923.0,32116.0,17933.0,4306.0,1617.0,6721.0,10987.341772151898,0
2209658,São Francisco de Assis do Piauí,PI,Piauí,Nordeste,Sudeste Piauiense,Alto Médio Canindé,5801.0,55545.0,31596.0,6310.0,2128.0,12755.0,9575.073263230475,0
2209708,São Francisco do Piauí,PI,Piauí,Nordeste,Sudoeste Piauiense,Floriano,6417.0,58406.0,35245.0,6834.0,2363.0,11540.0,9101.760947483248,0
2209757,São Gonçalo do Gurguéia,PI,Piauí,Nordeste,Sudoeste Piauiense,Alto Médio Gurguéia,3071.0,54607.0,21722.0,9094.0,1616.0,10327.0,17781.504395962227,0
2209807,São Gonçalo do Piauí,PI,Piauí,Nordeste,Centro-Norte Piauiense,Médio Parnaíba Piauiense,5044.0,56735.0,25700.0,15016.0,2843.0,10572.0,11248.017446471054,0
2209856,São João da Canabrava,PI,Piauí,Nordeste,Sudeste Piauiense,Picos,4619.0,49321.0,27317.0,7421.0,2167.0,10134.0,10677.852348993289,0
2209872,São João da Fronteira,PI,Piauí,Nordeste,Norte Piauiense,Litoral Piauiense,6084.0,60925.0,34750.0,4143.0,1927.0,16585.0,10013.97107166338,0
2209906,São João da Serra,PI,Piauí,Nordeste,Centro-Norte Piauiense,Campo Maior,6106.0,59723.0,32324.0,8494.0,2628.0,13828.0,9781.035047494268,0
2209955,São João da Varjota,PI,Piauí,Nordeste,Sudeste Piauiense,Picos,4856.0,36648.0,25315.0,2344.0,1442.0,6375.0,7546.9522240527185,0
2209971,São João do Arraial,PI,Piauí,Nordeste,Norte Piauiense,Baixo Parnaíba Piauiense,8085.0,68235.0,45456.0,3570.0,2328.0,14353.0,8439.703153988869,0
2210003,São João do Piauí,PI,Piauí,Nordeste,Sudeste Piauiense,Alto Médio Canindé,20720.0,426952.0,108299.0,10926.0,165720.0,117764.0,20605.791505791505,0
2210052,São José do Divino,PI,Piauí,Nordeste,Norte Piauiense,Litoral Piauiense,5361.0,63754.0,28610.0,17417.0,2457.0,12331.0,11892.184293975004,0
2210102,São José do Peixe,PI,Piauí,Nordeste,Sudoeste Piauiense,Floriano,3737.0,42837.0,24014.0,6102.0,1882.0,8874.0,11462.938185710464,0
2210201,São José do Piauí,PI,Piauí,Nordeste,Sudeste Piauiense,Picos,6696.0,68088.0,34056.0,13042.0,3501.0,14111.0,10168.458781362007,0
2210300,São Julião,PI,Piauí,Nordeste,Sudeste Piauiense,Pio IX,6379.0,59545.0,31601.0,6018.0,4528.0,14130.0,9334.535193604012,0
2210359,São Lourenço do Piauí,PI,Piauí,Nordeste,Sudoeste Piauiense,São Raimundo Nonato,4581.0,45314.0,28703.0,5280.0,1797.0,7999.0,9891.72669722768,0
2210375,São Luis do Piauí,PI,Piauí,Nordeste,Sudeste Piauiense,Picos,2648.0,25333.0,15780.0,3134.0,1116.0,4464.0,9566.842900302116,0
2210383,São Miguel da Baixa Grande,PI,Piauí,Nordeste,Centro-Norte Piauiense,Valença do Piauí,2456.0,27272.0,16923.0,2919.0,1002.0,5432.0,11104.234527687297,0
2210391,São Miguel do Fidalgo,PI,Piauí,Nordeste,Sudoeste Piauiense,Floriano,3037.0,47464.0,18456.0,3463.0,14791.0,6410.0,15628.580836351664,0
2210409,São Miguel do Tapuio,PI,Piauí,Nordeste,Centro-Norte Piauiense,Campo Maior,17617.0,163378.0,96151.0,20495.0,7176.0,32941.0,9273.883181018336,0
2210508,São Pedro do Piauí,PI,Piauí,Nordeste,Centro-Norte Piauiense,Médio Parnaíba Piauiense,14356.0,134836.0,73954.0,12271.0,7061.0,35072.0,9392.309835608805,0
2210607,São Raimundo Nonato,PI,Piauí,Nordeste,Sudoeste Piauiense,São Raimundo Nonato,35035.0,566295.0,176413.0,23320.0,44905.0,264147.0,16163.693449407736,1
2210623,Sebastião Barros,PI,Piauí,Nordeste,Sudoeste Piauiense,Chapadas do Extremo Sul Piauiense,3434.0,46712.0,24297.0,13082.0,1268.0,6400.0,13602.795573675014,0
2210631,Sebastião Leal,PI,Piauí,Nordeste,Sudoeste Piauiense,Bertolínia,4311.0,255418.0,28800.0,162750.0,11011.0,35304.0,59247.970308513104,0
2210656,Sigefredo Pacheco,PI,Piauí,Nordeste,Centro-Norte Piauiense,Campo Maior,10074.0,78161.0,48934.0,7993.0,2720.0,15627.0,7758.685725630336,0
2210706,Simões,PI,Piauí,Nordeste,Sudeste Piauiense,Alto Médio Canindé,14664.0,434505.0,87877.0,23503.0,266067.0,41484.0,29630.728314238957,0
2210805,Simplício Mendes,PI,Piauí,Nordeste,Sudeste Piauiense,Alto Médio Canindé,12778.0,182912.0,70602.0,20292.0,10675.0,66536.0,14314.603224291752,0
2210904,Socorro do Piauí,PI,Piauí,Nordeste,Sudeste Piauiense,Alto Médio Canindé,4557.0,41067.0,24230.0,4593.0,2010.0,8481.0,9011.849901250824,0
2210938,Sussuapara,PI,Piauí,Nordeste,Sudeste Piauiense,Picos,6801.0,76908.0,34084.0,18164.0,3664.0,16896.0,11308.337009263343,0
2210953,Tamboril do Piauí,PI,Piauí,Nordeste,Sudoeste Piauiense,São Raimundo Nonato,2939.0,30388.0,19103.0,3227.0,1043.0,5972.0,10339.571282749235,0
2210979,Tanque do Piauí,PI,Piauí,Nordeste,Sudeste Piauiense,Picos,2781.0,33181.0,17518.0,7188.0,1256.0,5835.0,11931.319669183747,0
2211001,Teresina,PI,Piauí,Nordeste,Centro-Norte Piauiense,Teresina,871126.0,23954511.0,4558115.0,55079.0,3540780.0,12461692.0,27498.330895874995,1
2211100,União,PI,Piauí,Nordeste,Centro-Norte Piauiense,Teresina,44649.0,420370.0,208950.0,32606.0,28185.0,123253.0,9414.992497032408,0
2211209,Uruçuí,PI,Piauí,Nordeste,Sudoeste Piauiense,Alto Parnaíba Piauiense,21746.0,2829979.0,131806.0,1130774.0,537026.0,642861.0,130137.91042030718,1
2211308,Valença do Piauí,PI,Piauí,Nordeste,Centro-Norte Piauiense,Valença do Piauí,20940.0,289698.0,101960.0,19147.0,21586.0,121869.0,13834.670487106016,0
2211357,Várzea Branca,PI,Piauí,Nordeste,Sudoeste Piauiense,São Raimundo Nonato,4930.0,44541.0,27923.0,6273.0,1507.0,7443.0,9034.685598377282,0
2211407,Várzea Grande,PI,Piauí,Nordeste,Centro-Norte Piauiense,Valença do Piauí,4382.0,40996.0,22551.0,5267.0,2004.0,9119.0,9355.5454130534,0
2211506,Vera Mendes,PI,Piauí,Nordeste,Sudeste Piauiense,Alto Médio Canindé,3082.0,31078.0,17243.0,4612.0,1129.0,6593.0,10083.71187540558,0
2211605,Vila Nova do Piauí,PI,Piauí,Nordeste,Sudeste Piauiense,Alto Médio Canindé,2935.0,37035.0,18008.0,6398.0,1509.0,8684.0,12618.39863713799,0
2211704,Wall Ferraz,PI,Piauí,Nordeste,Sudeste Piauiense,Picos,4479.0,38008.0,23482.0,4571.0,1570.0,6930.0,8485.822728287565,0
2300101,Abaiara,CE,Ceará,Nordeste,Sul Cearense,Brejo Santo,11965.0,117971.0,56904.0,23663.0,3053.0,29093.0,9859.674049310488,0
2300150,Acarape,CE,Ceará,Nordeste,Norte Cearense,Baturité,15140.0,179994.0,68079.0,9312.0,34204.0,57169.0,11888.639365918098,0
2300200,Acaraú,CE,Ceará,Nordeste,Noroeste Cearense,Litoral de Camocim e Acaraú,63556.0,1020201.0,265682.0,133170.0,264942.0,289733.0,16052.001384605705,1
2300309,Acopiara,CE,Ceará,Nordeste,Sertões Cearenses,Sertão de Senador Pompeu,54687.0,564520.0,190733.0,145254.0,19614.0,171031.0,10322.745807961674,1
2300408,Aiuaba,CE,Ceará,Nordeste,Sertões Cearenses,Sertão de Inhamuns,17584.0,151596.0,75084.0,34133.0,3098.0,33933.0,8621.246587807098,0
2300507,Alcântaras,CE,Ceará,Nordeste,Noroeste Cearense,Meruoca,11846.0,98202.0,54764.0,8402.0,4789.0,26247.0,8289.886881647813,0
2300606,Altaneira,CE,Ceará,Nordeste,Sul Cearense,Caririaçu,7712.0,74654.0,40753.0,9574.0,2561.0,19194.0,9680.238589211618,0
2300705,Alto Santo,CE,Ceará,Nordeste,Jaguaribe,Baixo Jaguaribe,16077.0,232268.0,81358.0,72845.0,10252.0,56941.0,14447.22274056105,0
2300754,Amontada,CE,Ceará,Nordeste,Norte Cearense,Itapipoca,44195.0,665472.0,199442.0,54293.0,226018.0,147238.0,15057.630953727798,1
2300804,Antonina do Norte,CE,Ceará,Nordeste,Centro-Sul Cearense,Várzea Alegre,7402.0,78953.0,40074.0,5681.0,2950.0,25682.0,10666.441502296677,0
2300903,Apuiarés,CE,Ceará,Nordeste,Norte Cearense,Médio Curu,14742.0,120978.0,61699.0,11491.0,5448.0,35732.0,8206.349206349207,0
2301000,Aquiraz,CE,Ceará,Nordeste,Metropolitana de Fortaleza,Fortaleza,81581.0,3854401.0,434603.0,94738.0,974487.0,1347196.0,47246.30735097633,1
2301109,Aracati,CE,Ceará,Nordeste,Jaguaribe,Litoral de Aracati,75392.0,1706227.0,297681.0,130621.0,529562.0,598729.0,22631.40651528013,1
2301208,Aracoiaba,CE,Ceará,Nordeste,Norte Cearense,Baturité,26600.0,266422.0,117271.0,42995.0,10560.0,80019.0,10015.864661654135,0
2301257,Ararendá,CE,Ceará,Nordeste,Sertões Cearenses,Sertão de Cratéus,10983.0,106784.0,55233.0,13293.0,5563.0,27874.0,9722.662296276065,0
2301307,Araripe,CE,Ceará,Nordeste,Sul Cearense,Chapada do Araripe,21707.0,207982.0,107395.0,36361.0,8032.0,48531.0,9581.333210485098,0
2301406,Aratuba,CE,Ceará,Nordeste,Norte Cearense,Baturité,11759.0,151645.0,58320.0,51354.0,3980.0,32495.0,12896.079598605324,0
2301505,Arneiroz,CE,Ceará,Nordeste,Sertões Cearenses,Sertão de Inhamuns,7848.0,70224.0,33827.0,14423.0,1828.0,17066.0,8948.012232415902,0
2301604,Assaré,CE,Ceará,Nordeste,Sul Cearense,Chapada do Araripe,23537.0,237259.0,96689.0,44520.0,7706.0,75910.0,10080.25661724094,0
2301703,Aurora,CE,Ceará,Nordeste,Sul Cearense,Barro,24567.0,216792.0,99768.0,31833.0,6992.0,65680.0,8824.520698497985,0
2301802,Baixio,CE,Ceará,Nordeste,Centro-Sul Cearense,Lavras da Mangabeira,6318.0,67541.0,34708.0,14267.0,2166.0,14465.0,10690.250079138968,0
2301851,Banabuiú,CE,Ceará,Nordeste,Sertões Cearenses,Sertão de Quixeramobim,18313.0,260031.0,85966.0,52282.0,40825.0,66669.0,14199.257358160869,0
2301901,Barbalha,CE,Ceará,Nordeste,Sul Cearense,Cariri,61662.0,1345205.0,289848.0,143307.0,199962.0,584349.0,21815.78605948558,1
2301950,Barreira,CE,Ceará,Nordeste,Norte Cearense,Chorozinho,22715.0,240016.0,106114.0,35044.0,13548.0,71941.0,10566.409861325115,0
2302008,Barro,CE,Ceará,Nordeste,Sul Cearense,Barro,22834.0,242027.0,95433.0,44071.0,11318.0,77545.0,10599.413155820268,0
2302057,Barroquinha,CE,Ceará,Nordeste,Noroeste Cearense,Litoral de Camocim e Acaraú,15069.0,133335.0,73082.0,13203.0,4479.0,36510.0,8848.297829982082,0
2302107,Baturité,CE,Ceará,Nordeste,Norte Cearense,Baturité,36127.0,448272.0,151595.0,36852.0,22651.0,208836.0,12408.22653417112,0
2302206,Beberibe,CE,Ceará,Nordeste,Norte Cearense,Cascavel,54315.0,1059006.0,228880.0,370244.0,168283.0,247368.0,19497.486882076773,1
2302305,Bela Cruz,CE,Ceará,Nordeste,Noroeste Cearense,Litoral de Camocim e Acaraú,32851.0,322244.0,140282.0,65661.0,15483.0,85925.0,9809.259992085475,0
2302404,Boa Viagem,CE,Ceará,Nordeste,Sertões Cearenses,Sertão de Quixeramobim,54680.0,539218.0,214382.0,61799.0,36881.0,189399.0,9861.338697878566,1
2302503,Brejo Santo,CE,Ceará,Nordeste,Sul Cearense,Brejo Santo,50195.0,817034.0,228570.0,83140.0,117723.0,318299.0,16277.198924195636,1
2302602,Camocim,CE,Ceará,Nordeste,Noroeste Cearense,Litoral de Camocim e Acaraú,64147.0,839500.0,257794.0,96180.0,154076.0,280667.0,13087.128002868412,1
2302701,Campos Sales,CE,Ceará,Nordeste,Sul Cearense,Chapada do Araripe,27513.0,292357.0,115455.0,38765.0,10162.0,110385.0,10626.140370006906,0
2302800,Canindé,CE,Ceará,Nordeste,Norte Cearense,Canindé,77484.0,911356.0,342393.0,60721.0,72822.0,370446.0,11761.860513138196,1
2302909,Capistrano,CE,Ceará,Nordeste,Norte Cearense,Baturité,17830.0,176809.0,83480.0,26508.0,5289.0,51841.0,9916.376892877171,0
2303006,Caridade,CE,Ceará,Nordeste,Norte Cearense,Canindé,23011.0,186169.0,88751.0,20721.0,7324.0,55813.0,8090.435009343358,0
2303105,Cariré,CE,Ceará,Nordeste,Noroeste Cearense,Sobral,18470.0,193105.0,79957.0,54357.0,8167.0,42335.0,10455.0622631294,0
2303204,Caririaçu,CE,Ceará,Nordeste,Sul Cearense,Caririaçu,27008.0,253127.0,122751.0,46161.0,8182.0,65384.0,9372.297097156395,0
2303303,Cariús,CE,Ceará,Nordeste,Centro-Sul Cearense,Várzea Alegre,18700.0,180984.0,74755.0,51365.0,5192.0,41909.0,9678.288770053476,0
2303402,Carnaubal,CE,Ceará,Nordeste,Noroeste Cearense,Ibiapaba,17763.0,166772.0,85051.0,17685.0,6906.0,48573.0,9388.729381298204,0
2303501,Cascavel,CE,Ceará,Nordeste,Norte Cearense,Cascavel,72706.0,1074377.0,315633.0,127386.0,128475.0,411528.0,14777.006024262097,1
2303600,Catarina,CE,Ceará,Nordeste,Sertões Cearenses,Sertão de Inhamuns,21041.0,154108.0,84679.0,24702.0,3744.0,35333.0,7324.176607575686,0
2303659,Catunda,CE,Ceará,Nordeste,Noroeste Cearense,Santa Quitéria,10410.0,112081.0,58554.0,16349.0,3338.0,29683.0,10766.666666666666,0
2303709,Caucaia,CE,Ceará,Nordeste,Metropolitana de Fortaleza,Fortaleza,368918.0,10422701.0,1356908.0,64801.0,3696044.0,3305418.0,28252.08040811237,1
2303808,Cedro,CE,Ceará,Nordeste,Centro-Sul Cearense,Iguatu,25612.0,247325.0,104589.0,40875.0,8038.0,79138.0,9656.606278307045,0
2303907,Chaval,CE,Ceará,Nordeste,Noroeste Cearense,Litoral de Camocim e Acaraú,13112.0,110318.0,60249.0,5685.0,4771.0,34129.0,8413.514338010982,0
2303931,Choró,CE,Ceará,Nordeste,Sertões Cearenses,Sertão de Quixeramobim,13608.0,178989.0,60724.0,13500.0,7985.0,84820.0,13153.21869488536,0
2303956,Chorozinho,CE,Ceará,Nordeste,Norte Cearense,Chorozinho,20286.0,260273.0,88964.0,18176.0,23333.0,78132.0,12830.17844819087,0
2304004,Coreaú,CE,Ceará,Nordeste,Noroeste Cearense,Coreaú,23340.0,225090.0,106463.0,25966.0,9537.0,70140.0,9643.958868894602,0
2304103,Crateús,CE,Ceará,Nordeste,Sertões Cearenses,Sertão de Cratéus,75241.0,952649.0,307802.0,92298.0,50095.0,438111.0,12661.30168392233,1
2304202,Crato,CE,Ceará,Nordeste,Sul Cearense,Cariri,133913.0,1871587.0,509428.0,66634.0,190332.0,913224.0,13976.14122601988,1
2304236,Croatá,CE,Ceará,Nordeste,Noroeste Cearense,Ibiapaba,18201.0,224437.0,82445.0,75084.0,5636.0,53249.0,12331.025767814956,0
2304251,Cruz,CE,Ceará,Nordeste,Noroeste Cearense,Litoral de Camocim e Acaraú,25121.0,372681.0,129314.0,26657.0,17685.0,166099.0,14835.43648740098,0
2304269,Deputado Irapuan Pinheiro,CE,Ceará,Nordeste,Sertões Cearenses,Sertão de Senador Pompeu,9698.0,100883.0,44770.0,23492.0,2228.0,26363.0,10402.45411425036,0
2304277,Ereré,CE,Ceará,Nordeste,Jaguaribe,Serra do Pereiro,7254.0,80690.0,36908.0,20726.0,2512.0,17845.0,11123.51805900193,0
2304285,Eusébio,CE,Ceará,Nordeste,Metropolitana de Fortaleza,Fortaleza,55035.0,3577497.0,370720.0,24767.0,928477.0,1503329.0,65004.03379667484,1
2304301,Farias Brito,CE,Ceará,Nordeste,Sul Cearense,Caririaçu,19330.0,202248.0,91025.0,46355.0,6239.0,49617.0,10462.907397827212,0
2304350,Forquilha,CE,Ceará,Nordeste,Noroeste Cearense,Sobral,24680.0,304957.0,103602.0,26869.0,52447.0,96570.0,12356.442463533223,0
2304400,Fortaleza,CE,Ceará,Nordeste,Metropolitana de Fortaleza,Fortaleza,2703391.0,73437739.0,10205847.0,107143.0,8474214.0,41839224.0,27165.045307911438,1
2304459,Fortim,CE,Ceará,Nordeste,Jaguaribe,Litoral de Aracati,16776.0,312460.0,72704.0,26665.0,108281.0,84875.0,18625.41726275632,0
2304509,Frecheirinha,CE,Ceará,Nordeste,Noroeste Cearense,Coreaú,14195.0,275921.0,71252.0,11323.0,87796.0,75995.0,19437.90066924973,0
2304608,General Sampaio,CE,Ceará,Nordeste,Norte Cearense,Médio Curu,7767.0,86963.0,42113.0,8641.0,2373.0,26864.0,11196.472254409682,0
2304657,Graça,CE,Ceará,Nordeste,Noroeste Cearense,Sobral,14415.0,129711.0,74061.0,13642.0,4534.0,32559.0,8998.335067637878,0
2304707,Granja,CE,Ceará,Nordeste,Noroeste Cearense,Litoral de Camocim e Acaraú,55170.0,469407.0,220770.0,64860.0,19260.0,140722.0,8508.374116367591,1
2304806,Granjeiro,CE,Ceará,Nordeste,Sul Cearense,Caririaçu,4784.0,51337.0,27444.0,10225.0,1717.0,10300.0,10730.978260869566,0
2304905,Groaíras,CE,Ceará,Nordeste,Noroeste Cearense,Sobral,11219.0,110755.0,53620.0,10043.0,5890.0,33769.0,9872.091986808093,0
2304954,Guaiúba,CE,Ceará,Nordeste,Metropolitana de Fortaleza,Fortaleza,26508.0,231993.0,116452.0,23415.0,15170.0,65325.0,8751.81077410593,0
2305001,Guaraciaba do Norte,CE,Ceará,Nordeste,Noroeste Cearense,Ibiapaba,40921.0,669209.0,177601.0,252867.0,19745.0,181927.0,16353.681483834704,1
2305100,Guaramiranga,CE,Ceará,Nordeste,Norte Cearense,Baturité,5073.0,80396.0,30660.0,9979.0,3213.0,32717.0,15847.821801695249,0
2305209,Hidrolândia,CE,Ceará,Nordeste,Noroeste Cearense,Santa Quitéria,20126.0,185025.0,82322.0,32788.0,8759.0,53115.0,9193.332008347412,0
2305233,Horizonte,CE,Ceará,Nordeste,Metropolitana de Fortaleza,Pacajus,69688.0,2116782.0,310614.0,103735.0,740785.0,609647.0,30375.12914705545,1
2305266,Ibaretama,CE,Ceará,Nordeste,Sertões Cearenses,Sertão de Quixeramobim,13385.0,132265.0,65914.0,21880.0,4728.0,33518.0,9881.583862532683,0
2305308,Ibiapina,CE,Ceará,Nordeste,Noroeste Cearense,Ibiapaba,25165.0,348540.0,114962.0,94854.0,36953.0,83134.0,13850.188754222134,0
2305332,Ibicuitinga,CE,Ceará,Nordeste,Jaguaribe,Baixo Jaguaribe,12730.0,124951.0,63774.0,19062.0,4144.0,32427.0,9815.475255302435,0
2305357,Icapuí,CE,Ceará,Nordeste,Jaguaribe,Litoral de Aracati,20183.0,411021.0,106043.0,52514.0,118421.0,103076.0,20364.71287717386,0
2305407,Icó,CE,Ceará,Nordeste,Centro-Sul Cearense,Iguatu,68303.0,737489.0,275568.0,110148.0,42021.0,261107.0,10797.31490564104,1
2305506,Iguatu,CE,Ceará,Nordeste,Centro-Sul Cearense,Iguatu,103633.0,1904815.0,438026.0,225091.0,147308.0,884619.0,18380.390416180173,1
2305605,Independência,CE,Ceará,Nordeste,Sertões Cearenses,Sertão de Cratéus,26196.0,306809.0,99953.0,113623.0,12412.0,69067.0,11712.055275614595,0
2305654,Ipaporanga,CE,Ceará,Nordeste,Sertões Cearenses,Sertão de Cratéus,11597.0,114127.0,52051.0,26432.0,3157.0,27825.0,9841.07958954902,0
2305704,Ipaumirim,CE,Ceará,Nordeste,Centro-Sul Cearense,Lavras da Mangabeira,12507.0,143451.0,55318.0,24282.0,7523.0,46333.0,11469.656992084432,0
2305803,Ipu,CE,Ceará,Nordeste,Noroeste Cearense,Ipu,42148.0,519845.0,175870.0,113185.0,19294.0,179310.0,12333.799943057797,1
2305902,Ipueiras,CE,Ceará,Nordeste,Noroeste Cearense,Ipu,38064.0,328115.0,166790.0,34647.0,7743.0,102283.0,8620.087221521648,0
2306009,Iracema,CE,Ceará,Nordeste,Jaguaribe,Serra do Pereiro,14351.0,195282.0,76388.0,45057.0,7351.0,56868.0,13607.553480593688,0
2306108,Irauçuba,CE,Ceará,Nordeste,Noroeste Cearense,Sobral,24450.0,220294.0,105882.0,21074.0,14546.0,65103.0,9009.979550102247,0
2306207,Itaiçaba,CE,Ceará,Nordeste,Jaguaribe,Litoral de Aracati,7904.0,82855.0,40423.0,9883.0,3875.0,23458.0,10482.667004048582,0
2306256,Itaitinga,CE,Ceará,Nordeste,Metropolitana de Fortaleza,Fortaleza,38661.0,1258826.0,191380.0,7208.0,183795.0,620820.0,32560.6166420941,1
2306306,Itapajé,CE,Ceará,Nordeste,Norte Cearense,Uruburetama,53448.0,594581.0,209087.0,62630.0,82239.0,199604.0,11124.476126328394,1
2306405,Itapipoca,CE,Ceará,Nordeste,Norte Cearense,Itapipoca,131687.0,1784007.0,525386.0,99881.0,262471.0,724250.0,13547.328134136247,1
2306504,Itapiúna,CE,Ceará,Nordeste,Norte Cearense,Baturité,20653.0,170314.0,92535.0,19789.0,5360.0,44797.0,8246.453299762747,0
2306553,Itarema,CE,Ceará,Nordeste,Noroeste Cearense,Litoral de Camocim e Acaraú,42595.0,766786.0,183032.0,77678.0,305283.0,157933.0,18001.784246977346,1
2306603,Itatira,CE,Ceará,Nordeste,Norte Cearense,Canindé,22018.0,174029.0,96437.0,19478.0,4314.0,45940.0,7903.942229085294,0
2306702,Jaguaretama,CE,Ceará,Nordeste,Jaguaribe,Médio Jaguaribe,18133.0,226644.0,78258.0,70782.0,10078.0,56205.0,12498.979760657365,0
2306801,Jaguaribara,CE,Ceará,Nordeste,Jaguaribe,Médio Jaguaribe,11580.0,154002.0,62461.0,31063.0,6416.0,45304.0,13298.963730569949,0
2306900,Jaguaribe,CE,Ceará,Nordeste,Jaguaribe,Médio Jaguaribe,34592.0,561175.0,155035.0,89542.0,52360.0,215448.0,16222.681544865864,1
2307007,Jaguaruana,CE,Ceará,Nordeste,Jaguaribe,Baixo Jaguaribe,33960.0,566961.0,151554.0,86794.0,120924.0,141165.0,16694.964664310955,1
2307106,Jardim,CE,Ceará,Nordeste,Sul Cearense,Cariri,27187.0,294154.0,128953.0,67180.0,10125.0,75399.0,10819.656453452017,0
2307205,Jati,CE,Ceará,Nordeste,Sul Cearense,Brejo Santo,8150.0,129729.0,39429.0,16466.0,3242.0,56137.0,15917.668711656444,0
2307254,Jijoca de Jericoacoara,CE,Ceará,Nordeste,Noroeste Cearense,Litoral de Camocim e Acaraú,20351.0,551638.0,120726.0,9075.0,26430.0,347801.0,27106.18642818535,0
2307304,Juazeiro do Norte,CE,Ceará,Nordeste,Sul Cearense,Cariri,278264.0,5114786.0,1048872.0,31925.0,423899.0,2988180.0,18381.05540062674,1
2307403,Jucás,CE,Ceará,Nordeste,Centro-Sul Cearense,Várzea Alegre,24949.0,319373.0,114276.0,54654.0,31507.0,97526.0,12801.03410958355,0
2307502,Lavras da Mangabeira,CE,Ceará,Nordeste,Centro-Sul Cearense,Lavras da Mangabeira,31476.0,343304.0,129650.0,89546.0,13624.0,95604.0,10906.849663235482,0
2307601,Limoeiro do Norte,CE,Ceará,Nordeste,Jaguaribe,Baixo Jaguaribe,60232.0,1423366.0,250412.0,329454.0,150059.0,524692.0,23631.39195112233,1
2307635,Madalena,CE,Ceará,Nordeste,Sertões Cearenses,Sertão de Quixeramobim,20031.0,174831.0,88358.0,21177.0,5525.0,50606.0,8728.021566571813,0
2307650,Maracanaú,CE,Ceará,Nordeste,Metropolitana de Fortaleza,Fortaleza,230986.0,12336717.0,1084777.0,19854.0,3664406.0,4907454.0,53408.938204047,1
2307700,Maranguape,CE,Ceará,Nordeste,Metropolitana de Fortaleza,Fortaleza,131677.0,1649528.0,480375.0,64265.0,295420.0,571469.0,12527.077621756269,1
2307809,Marco,CE,Ceará,Nordeste,Noroeste Cearense,Litoral de Camocim e Acaraú,27822.0,390969.0,131626.0,25369.0,43229.0,145584.0,14052.512400258787,0
2307908,Martinópole,CE,Ceará,Nordeste,Noroeste Cearense,Litoral de Camocim e Acaraú,11407.0,96327.0,53938.0,7437.0,3354.0,27561.0,8444.551591128255,0
2308005,Massapê,CE,Ceará,Nordeste,Noroeste Cearense,Sobral,39341.0,378718.0,161237.0,27082.0,54004.0,115808.0,9626.54736788592,0
2308104,Mauriti,CE,Ceará,Nordeste,Sul Cearense,Barro,48370.0,517496.0,209165.0,128284.0,18641.0,134582.0,10698.697539797397,1
2308203,Meruoca,CE,Ceará,Nordeste,Noroeste Cearense,Meruoca,15309.0,129293.0,72577.0,8694.0,7854.0,34959.0,8445.554902345026,0
2308302,Milagres,CE,Ceará,Nordeste,Sul Cearense,Brejo Santo,27413.0,287223.0,114788.0,34876.0,32240.0,86872.0,10477.620107248384,0
2308351,Milhã,CE,Ceará,Nordeste,Sertões Cearenses,Sertão de Senador Pompeu,13129.0,195290.0,60472.0,80564.0,3688.0,43137.0,14874.704851854673,0
2308377,Miraíma,CE,Ceará,Nordeste,Noroeste Cearense,Sobral,13965.0,112599.0,66207.0,14084.0,3268.0,25252.0,8062.943071965628,0
2308401,Missão Velha,CE,Ceará,Nordeste,Sul Cearense,Cariri,35566.0,515937.0,163691.0,198476.0,20554.0,112924.0,14506.466850362704,1
2308500,Mombaça,CE,Ceará,Nordeste,Sertões Cearenses,Sertão de Senador Pompeu,43917.0,446847.0,176331.0,74484.0,29987.0,139510.0,10174.80702233759,1
2308609,Monsenhor Tabosa,CE,Ceará,Nordeste,Sertões Cearenses,Sertão de Cratéus,17264.0,160699.0,80573.0,20111.0,4102.0,47068.0,9308.329471733086,0
2308708,Morada Nova,CE,Ceará,Nordeste,Jaguaribe,Baixo Jaguaribe,61590.0,1276864.0,261784.0,205851.0,312099.0,376388.0,20731.677220327976,1
2308807,Moraújo,CE,Ceará,Nordeste,Noroeste Cearense,Coreaú,8833.0,75575.0,38739.0,13677.0,2159.0,18413.0,8555.98324465074,0
2308906,Morrinhos,CE,Ceará,Nordeste,Noroeste Cearense,Litoral de Camocim e Acaraú,22830.0,193204.0,93911.0,14053.0,11036.0,61542.0,8462.724485326326,0
2309003,Mucambo,CE,Ceará,Nordeste,Noroeste Cearense,Sobral,14561.0,131292.0,65917.0,10837.0,4924.0,42409.0,9016.688414257262,0
2309102,Mulungu,CE,Ceará,Nordeste,Norte Cearense,Baturité,11056.0,123801.0,54771.0,31128.0,3842.0,29819.0,11197.63024602026,0
2309201,Nova Olinda,CE,Ceará,Nordeste,Sul Cearense,Cariri,15798.0,163381.0,73924.0,16968.0,13135.0,50242.0,10341.878718825168,0
2309300,Nova Russas,CE,Ceará,Nordeste,Sertões Cearenses,Sertão de Cratéus,32487.0,336930.0,141317.0,15980.0,10874.0,139866.0,10371.22541324222,0
2309409,Novo Oriente,CE,Ceará,Nordeste,Sertões Cearenses,Sertão de Cratéus,28737.0,283185.0,124882.0,44097.0,20264.0,79829.0,9854.368932038837,0
2309458,Ocara,CE,Ceará,Nordeste,Norte Cearense,Chorozinho,25958.0,284836.0,110770.0,48855.0,32721.0,74395.0,10972.956314045769,0
2309508,Orós,CE,Ceará,Nordeste,Centro-Sul Cearense,Iguatu,21342.0,218899.0,97746.0,33614.0,7586.0,68849.0,10256.72383094368,0
2309607,Pacajus,CE,Ceará,Nordeste,Metropolitana de Fortaleza,Pacajus,74145.0,1360535.0,283862.0,47299.0,427831.0,456707.0,18349.65270753254,1
2309706,Pacatuba,CE,Ceará,Nordeste,Metropolitana de Fortaleza,Fortaleza,85647.0,1235176.0,303701.0,27969.0,323978.0,420947.0,14421.707707216832,1
2309805,Pacoti,CE,Ceará,Nordeste,Norte Cearense,Baturité,12313.0,148366.0,54736.0,45198.0,5037.0,37160.0,12049.541135385363,0
2309904,Pacujá,CE,Ceará,Nordeste,Noroeste Cearense,Sobral,6565.0,59940.0,32469.0,4262.0,2640.0,17818.0,9130.23610053313,0
2310001,Palhano,CE,Ceará,Nordeste,Jaguaribe,Baixo Jaguaribe,9458.0,98773.0,44103.0,17809.0,4412.0,26999.0,10443.32839923874,0
2310100,Palmácia,CE,Ceará,Nordeste,Norte Cearense,Baturité,13553.0,115124.0,57422.0,28075.0,2963.0,22983.0,8494.355493248728,0
2310209,Paracuru,CE,Ceará,Nordeste,Norte Cearense,Baixo Curu,35526.0,555931.0,169458.0,49258.0,95384.0,203579.0,15648.567246523671,1
2310258,Paraipaba,CE,Ceará,Nordeste,Norte Cearense,Baixo Curu,33232.0,535129.0,143423.0,126270.0,81922.0,142824.0,16102.82258064516,1
2310308,Parambu,CE,Ceará,Nordeste,Sertões Cearenses,Sertão de Inhamuns,31391.0,288689.0,128656.0,47932.0,8133.0,87813.0,9196.553152177376,0
2310407,Paramoti,CE,Ceará,Nordeste,Norte Cearense,Canindé,12276.0,110908.0,56110.0,18704.0,3869.0,27935.0,9034.538937764744,0
2310506,Pedra Branca,CE,Ceará,Nordeste,Sertões Cearenses,Sertão de Senador Pompeu,43359.0,389914.0,195399.0,40783.0,9630.0,123938.0,8992.688945778269,0
2310605,Penaforte,CE,Ceará,Nordeste,Sul Cearense,Brejo Santo,9207.0,122162.0,48972.0,13898.0,5295.0,43357.0,13268.38275225372,0
2310704,Pentecoste,CE,Ceará,Nordeste,Norte Cearense,Médio Curu,38045.0,484760.0,179643.0,59071.0,73375.0,139880.0,12741.753187015376,1
2310803,Pereiro,CE,Ceará,Nordeste,Jaguaribe,Serra do Pereiro,16356.0,560571.0,74775.0,34847.0,13827.0,358702.0,34273.110785033015,0
2310852,Pindoretama,CE,Ceará,Nordeste,Norte Cearense,Cascavel,20964.0,274852.0,107772.0,26560.0,15563.0,103708.0,13110.66590345354,0
2310902,Piquet Carneiro,CE,Ceará,Nordeste,Sertões Cearenses,Sertão de Senador Pompeu,17210.0,162092.0,76893.0,28524.0,4316.0,44220.0,9418.477629285298,0
2310951,Pires Ferreira,CE,Ceará,Nordeste,Noroeste Cearense,Ipu,11052.0,84230.0,43382.0,17675.0,2794.0,17209.0,7621.245023525154,0
2311009,Poranga,CE,Ceará,Nordeste,Noroeste Cearense,Ipu,12358.0,109402.0,57397.0,10439.0,3790.0,32583.0,8852.72697847548,0
2311108,Porteiras,CE,Ceará,Nordeste,Sul Cearense,Cariri,14920.0,186375.0,74879.0,50607.0,8198.0,44200.0,12491.621983914209,0
2311207,Potengi,CE,Ceará,Nordeste,Sul Cearense,Chapada do Araripe,11165.0,110570.0,49672.0,20472.0,4819.0,31212.0,9903.269144648457,0
2311231,Potiretama,CE,Ceará,Nordeste,Jaguaribe,Serra do Pereiro,6455.0,96816.0,37897.0,29676.0,4355.0,21161.0,14998.605731990703,0
2311264,Quiterianópolis,CE,Ceará,Nordeste,Sertões Cearenses,Sertão de Cratéus,21246.0,184720.0,89826.0,27760.0,5411.0,51976.0,8694.3424644639,0
2311306,Quixadá,CE,Ceará,Nordeste,Sertões Cearenses,Sertão de Quixeramobim,88899.0,1109869.0,361528.0,104794.0,66048.0,489828.0,12484.60612605316,1
2311355,Quixelô,CE,Ceará,Nordeste,Centro-Sul Cearense,Iguatu,16116.0,198820.0,72389.0,67571.0,4256.0,45199.0,12336.80814097791,0
2311405,Quixeramobim,CE,Ceará,Nordeste,Sertões Cearenses,Sertão de Quixeramobim,82455.0,1402461.0,320101.0,149436.0,290142.0,520662.0,17008.804802619612,1
2311504,Quixeré,CE,Ceará,Nordeste,Jaguaribe,Baixo Jaguaribe,22432.0,637015.0,105545.0,108210.0,235182.0,133180.0,28397.601640513552,1
2311603,Redenção,CE,Ceará,Nordeste,Norte Cearense,Baturité,29238.0,409867.0,131891.0,95815.0,30414.0,127843.0,14018.298105205557,0
2311702,Reriutaba,CE,Ceará,Nordeste,Noroeste Cearense,Ipu,18279.0,190710.0,80539.0,22122.0,14054.0,62340.0,10433.284096504183,0
2311801,Russas,CE,Ceará,Nordeste,Jaguaribe,Baixo Jaguaribe,79550.0,1158523.0,332272.0,120601.0,152377.0,432063.0,14563.45694531741,1
2311900,Saboeiro,CE,Ceará,Nordeste,Sertões Cearenses,Sertão de Inhamuns,15757.0,169856.0,72951.0,53256.0,4014.0,34207.0,10779.716951196291,0
2311959,Salitre,CE,Ceará,Nordeste,Sul Cearense,Chapada do Araripe,16714.0,159284.0,87086.0,25194.0,3856.0,37686.0,9529.974871365324,0
2312007,Santana do Acaraú,CE,Ceará,Nordeste,Noroeste Cearense,Sobral,32851.0,280072.0,135882.0,49538.0,10897.0,72123.0,8525.524337158686,0
2312106,Santana do Cariri,CE,Ceará,Nordeste,Sul Cearense,Cariri,17726.0,159277.0,83710.0,28383.0,5157.0,36529.0,8985.50152318628,0
2312205,Santa Quitéria,CE,Ceará,Nordeste,Noroeste Cearense,Santa Quitéria,43719.0,633710.0,197237.0,97193.0,108317.0,188009.0,14495.070793019053,1
2312304,São Benedito,CE,Ceará,Nordeste,Noroeste Cearense,Ibiapaba,48354.0,627180.0,195862.0,154035.0,31074.0,206784.0,12970.591884849237,1
2312403,São Gonçalo do Amarante,CE,Ceará,Nordeste,Norte Cearense,Baixo Curu,49306.0,8624987.0,312348.0,47518.0,5238850.0,1454218.0,174927.73698941304,1
2312502,São João do Jaguaribe,CE,Ceará,Nordeste,Jaguaribe,Baixo Jaguaribe,7557.0,107898.0,35208.0,46655.0,2531.0,19676.0,14277.888050813815,0
2312601,São Luís do Curu,CE,Ceará,Nordeste,Norte Cearense,Médio Curu,13086.0,133109.0,57523.0,15048.0,14153.0,36820.0,10171.86305975852,0
2312700,Senador Pompeu,CE,Ceará,Nordeste,Sertões Cearenses,Sertão de Senador Pompeu,25418.0,352272.0,106017.0,45086.0,54320.0,119903.0,13859.154929577464,0
2312809,Senador Sá,CE,Ceará,Nordeste,Noroeste Cearense,Sobral,7758.0,62766.0,34287.0,7651.0,1876.0,16709.0,8090.487238979118,0
2312908,Sobral,CE,Ceará,Nordeste,Noroeste Cearense,Sobral,212437.0,5395130.0,965637.0,51617.0,1228331.0,2596111.0,25396.37633745534,1
2313005,Solonópole,CE,Ceará,Nordeste,Sertões Cearenses,Sertão de Senador Pompeu,18389.0,303284.0,86356.0,63627.0,57521.0,77541.0,16492.68584479852,0
2313104,Tabuleiro do Norte,CE,Ceará,Nordeste,Jaguaribe,Baixo Jaguaribe,32079.0,450593.0,126963.0,54072.0,54133.0,176995.0,14046.3543127903,1
2313203,Tamboril,CE,Ceará,Nordeste,Sertões Cearenses,Sertão de Cratéus,26199.0,282247.0,117292.0,70097.0,8718.0,75382.0,10773.197450284362,0
2313252,Tarrafas,CE,Ceará,Nordeste,Centro-Sul Cearense,Várzea Alegre,8555.0,85682.0,42203.0,19124.0,3296.0,18272.0,10015.429573348918,0
2313302,Tauá,CE,Ceará,Nordeste,Sertões Cearenses,Sertão de Inhamuns,59259.0,711836.0,224021.0,99459.0,39185.0,294449.0,12012.28505374711,1
2313351,Tejuçuoca,CE,Ceará,Nordeste,Norte Cearense,Médio Curu,19551.0,136988.0,82178.0,12026.0,4304.0,32854.0,7006.700424530714,0
2313401,Tianguá,CE,Ceará,Nordeste,Noroeste Cearense,Ibiapaba,77111.0,1732690.0,326956.0,344455.0,177027.0,678008.0,22470.07560529626,1
2313500,Trairi,CE,Ceará,Nordeste,Norte Cearense,Itapipoca,56653.0,1115144.0,250907.0,72027.0,491503.0,224615.0,19683.759024235256,1
2313559,Tururu,CE,Ceará,Nordeste,Norte Cearense,Uruburetama,16588.0,138079.0,76714.0,17268.0,5184.0,33971.0,8324.029418857004,0
2313609,Ubajara,CE,Ceará,Nordeste,Noroeste Cearense,Ibiapaba,35295.0,642046.0,151549.0,169107.0,116158.0,162615.0,18190.84856211928,1
2313708,Umari,CE,Ceará,Nordeste,Centro-Sul Cearense,Lavras da Mangabeira,7740.0,69441.0,35204.0,15164.0,2032.0,14875.0,8971.70542635659,0
2313757,Umirim,CE,Ceará,Nordeste,Norte Cearense,Uruburetama,19976.0,172797.0,81745.0,33360.0,7327.0,38466.0,8650.230276331598,0
2313807,Uruburetama,CE,Ceará,Nordeste,Norte Cearense,Uruburetama,22223.0,299474.0,100173.0,56494.0,55522.0,71909.0,13475.858344957927,0
2313906,Uruoca,CE,Ceará,Nordeste,Noroeste Cearense,Coreaú,13988.0,298207.0,65409.0,25219.0,124894.0,69188.0,21318.773234200744,0
2313955,Varjota,CE,Ceará,Nordeste,Noroeste Cearense,Ipu,18520.0,375819.0,89137.0,153292.0,18081.0,97380.0,20292.602591792656,0
2314003,Várzea Alegre,CE,Ceará,Nordeste,Centro-Sul Cearense,Várzea Alegre,41078.0,468101.0,169262.0,64327.0,31745.0,168249.0,11395.418472174886,1
2314102,Viçosa do Ceará,CE,Ceará,Nordeste,Noroeste Cearense,Ibiapaba,61916.0,603321.0,245596.0,127798.0,34449.0,145587.0,9744.185670908972,1
2400109,Acari,RN,Rio Grande do Norte,Nordeste,Central Potiguar,Seridó Oriental,11106.0,141992.0,63154.0,17169.0,8762.0,41690.0,12785.161174140105,0
2400208,Assú,RN,Rio Grande do Norte,Nordeste,Oeste Potiguar,Vale do Açu,58743.0,1467562.0,330939.0,35044.0,483176.0,518977.0,24982.75539213183,1
2400307,Afonso Bezerra,RN,Rio Grande do Norte,Nordeste,Central Potiguar,Angicos,11024.0,138262.0,73059.0,8878.0,21455.0,28612.0,12541.90856313498,0
2400406,Água Nova,RN,Rio Grande do Norte,Nordeste,Oeste Potiguar,Serra de São Miguel,3293.0,34552.0,22038.0,1135.0,1001.0,8887.0,10492.559975706044,0
2400505,Alexandria,RN,Rio Grande do Norte,Nordeste,Oeste Potiguar,Pau dos Ferros,13529.0,150789.0,72752.0,6760.0,3027.0,58180.0,11145.61312735605,0
2400604,Almino Afonso,RN,Rio Grande do Norte,Nordeste,Oeste Potiguar,Umarizal,4685.0,50061.0,29925.0,2673.0,2238.0,12956.0,10685.37886872999,0
2400703,Alto do Rodrigues,RN,Rio Grande do Norte,Nordeste,Oeste Potiguar,Vale do Açu,14923.0,616322.0,109153.0,21237.0,304515.0,141516.0,41300.14072237486,1
2400802,Angicos,RN,Rio Grande do Norte,Nordeste,Central Potiguar,Angicos,11695.0,180163.0,71611.0,6314.0,6847.0,78364.0,15405.130397605815,0
2400901,Antônio Martins,RN,Rio Grande do Norte,Nordeste,Oeste Potiguar,Umarizal,7162.0,65525.0,40751.0,3497.0,2870.0,15339.0,9148.980731639209,0
2401008,Apodi,RN,Rio Grande do Norte,Nordeste,Oeste Potiguar,Chapada do Apodi,35904.0,709586.0,191888.0,65975.0,168019.0,229538.0,19763.424688057043,1
2401107,Areia Branca,RN,Rio Grande do Norte,Nordeste,Oeste Potiguar,Mossoró,28156.0,935968.0,176058.0,18116.0,388193.0,273953.0,33242.22190652081,1
2401206,Arez,RN,Rio Grande do Norte,Nordeste,Leste Potiguar,Litoral Sul,14526.0,386631.0,94452.0,92347.0,82343.0,74999.0,26616.48079306072,0
2401305,Campo Grande,RN,Rio Grande do Norte,Nordeste,Oeste Potiguar,Médio Oeste,9686.0,105354.0,55108.0,10856.0,3784.0,30123.0,10876.935783605204,0
2401404,Baía Formosa,RN,Rio Grande do Norte,Nordeste,Leste Potiguar,Litoral Sul,9373.0,325030.0,56159.0,74901.0,97477.0,64390.0,34677.264483089726,0
2401453,Baraúna,RN,Rio Grande do Norte,Nordeste,Oeste Potiguar,Mossoró,29112.0,746395.0,183388.0,73461.0,197064.0,189703.0,25638.740038472108,1
2401503,Barcelona,RN,Rio Grande do Norte,Nordeste,Agreste Potiguar,Borborema Potiguar,3989.0,45864.0,30481.0,1593.0,1790.0,10446.0,11497.618450739534,0
2401602,Bento Fernandes,RN,Rio Grande do Norte,Nordeste,Agreste Potiguar,Baixa Verde,5552.0,88429.0,38549.0,5428.0,31441.0,10398.0,15927.413544668589,0
2401651,Bodó,RN,Rio Grande do Norte,Nordeste,Central Potiguar,Serra de Santana,2171.0,286574.0,24181.0,4083.0,246251.0,9465.0,132000.92123445417,0
2401701,Bom Jesus,RN,Rio Grande do Norte,Nordeste,Agreste Potiguar,Agreste Potiguar,10323.0,109336.0,57970.0,5411.0,4441.0,33612.0,10591.494720526978,0
2401800,Brejinho,RN,Rio Grande do Norte,Nordeste,Agreste Potiguar,Agreste Potiguar,12873.0,139463.0,74582.0,4170.0,5022.0,45048.0,10833.760584168414,0
2401859,Caiçara do Norte,RN,Rio Grande do Norte,Nordeste,Central Potiguar,Macau,6572.0,112176.0,43210.0,15686.0,17591.0,25458.0,17068.776628119293,0
2401909,Caiçara do Rio do Vento,RN,Rio Grande do Norte,Nordeste,Central Potiguar,Angicos,3745.0,60456.0,28012.0,1983.0,13544.0,13343.0,16143.124165554073,0
2402006,Caicó,RN,Rio Grande do Norte,Nordeste,Central Potiguar,Seridó Ocidental,68726.0,1394838.0,392190.0,54394.0,80879.0,687110.0,20295.63774990542,1
2402105,Campo Redondo,RN,Rio Grande do Norte,Nordeste,Agreste Potiguar,Borborema Potiguar,11363.0,106965.0,73375.0,2431.0,4589.0,22890.0,9413.44715304057,0
2402204,Canguaretama,RN,Rio Grande do Norte,Nordeste,Leste Potiguar,Litoral Sul,34814.0,605673.0,197510.0,194645.0,16405.0,146734.0,17397.3975986672,1
2402303,Caraúbas,RN,Rio Grande do Norte,Nordeste,Oeste Potiguar,Chapada do Apodi,20588.0,373657.0,125133.0,22127.0,89197.0,114031.0,18149.26170584807,0
2402402,Carnaúba dos Dantas,RN,Rio Grande do Norte,Nordeste,Central Potiguar,Seridó Oriental,8297.0,118372.0,49044.0,3912.0,12552.0,41702.0,14266.843437387008,0
2402501,Carnaubais,RN,Rio Grande do Norte,Nordeste,Oeste Potiguar,Vale do Açu,10972.0,210948.0,69035.0,12107.0,74994.0,47258.0,19226.02989427634,0
2402600,Ceará-Mirim,RN,Rio Grande do Norte,Nordeste,Leste Potiguar,Macaíba,74268.0,1002193.0,419272.0,74458.0,45712.0,365315.0,13494.277481553294,1
2402709,Cerro Corá,RN,Rio Grande do Norte,Nordeste,Central Potiguar,Serra de Santana,11182.0,140410.0,69139.0,22925.0,5741.0,31221.0,12556.787694509032,0
2402808,Coronel Ezequiel,RN,Rio Grande do Norte,Nordeste,Agreste Potiguar,Borborema Potiguar,5501.0,52506.0,34364.0,3831.0,1596.0,10733.0,9544.810034539174,0
2402907,Coronel João Pessoa,RN,Rio Grande do Norte,Nordeste,Oeste Potiguar,Serra de São Miguel,4918.0,48166.0,33140.0,2481.0,1156.0,9922.0,9793.818625457505,0
2403004,Cruzeta,RN,Rio Grande do Norte,Nordeste,Central Potiguar,Seridó Oriental,7968.0,123141.0,48024.0,19906.0,7914.0,36105.0,15454.442771084336,0
2403103,Currais Novos,RN,Rio Grande do Norte,Nordeste,Central Potiguar,Seridó Oriental,45022.0,804224.0,252593.0,19164.0,80321.0,364932.0,17862.911465505753,1
2403202,Doutor Severiano,RN,Rio Grande do Norte,Nordeste,Oeste Potiguar,Serra de São Miguel,7068.0,78555.0,47602.0,5559.0,1492.0,19755.0,11114.176570458403,0
2403251,Parnamirim,RN,Rio Grande do Norte,Nordeste,Leste Potiguar,Natal,272490.0,6845358.0,1550432.0,84031.0,577662.0,3470184.0,25121.501706484643,1
2403301,Encanto,RN,Rio Grande do Norte,Nordeste,Oeste Potiguar,Serra de São Miguel,5697.0,62292.0,38366.0,3253.0,2314.0,15739.0,10934.17588204318,0
2403400,Equador,RN,Rio Grande do Norte,Nordeste,Central Potiguar,Seridó Oriental,6064.0,81976.0,40623.0,1959.0,11891.0,21595.0,13518.469656992083,0
2403509,Espírito Santo,RN,Rio Grande do Norte,Nordeste,Leste Potiguar,Litoral Sul,10463.0,97584.0,61582.0,4803.0,3117.0,22482.0,9326.579374940266,0
2403608,Extremoz,RN,Rio Grande do Norte,Nordeste,Leste Potiguar,Natal,29282.0,570418.0,190176.0,14469.0,83820.0,221907.0,19480.158459121645,1
2403707,Felipe Guerra,RN,Rio Grande do Norte,Nordeste,Oeste Potiguar,Chapada do Apodi,6009.0,173825.0,42662.0,5087.0,81301.0,40754.0,28927.44217007821,0
2403756,Fernando Pedroza,RN,Rio Grande do Norte,Nordeste,Central Potiguar,Angicos,3081.0,39069.0,23689.0,1308.0,1768.0,10633.0,12680.62317429406,0
2403806,Florânia,RN,Rio Grande do Norte,Nordeste,Central Potiguar,Serra de Santana,9772.0,120492.0,56103.0,13214.0,10285.0,32503.0,12330.33155955792,0
2403905,Francisco Dantas,RN,Rio Grande do Norte,Nordeste,Oeste Potiguar,Pau dos Ferros,2801.0,32758.0,20834.0,3207.0,1082.0,6640.0,11695.108889682257,0
2404002,Frutuoso Gomes,RN,Rio Grande do Norte,Nordeste,Oeste Potiguar,Umarizal,4015.0,44911.0,24771.0,2009.0,2284.0,13145.0,11185.803237858032,0
2404101,Galinhos,RN,Rio Grande do Norte,Nordeste,Central Potiguar,Macau,2903.0,162616.0,26292.0,28640.0,78754.0,19906.0,56016.534619359285,0
2404200,Goianinha,RN,Rio Grande do Norte,Nordeste,Leste Potiguar,Litoral Sul,27004.0,546570.0,176852.0,42508.0,75316.0,199599.0,20240.334765219966,1
2404309,Governador Dix-Sept Rosado,RN,Rio Grande do Norte,Nordeste,Oeste Potiguar,Chapada do Apodi,13115.0,386259.0,82795.0,33017.0,171946.0,80074.0,29451.69653069005,0
2404408,Grossos,RN,Rio Grande do Norte,Nordeste,Oeste Potiguar,Mossoró,10541.0,158308.0,67523.0,3782.0,28640.0,45728.0,15018.309458305665,0
2404507,Guamaré,RN,Rio Grande do Norte,Nordeste,Central Potiguar,Macau,16261.0,2042133.0,190763.0,41293.0,1471020.0,258287.0,125584.7118873378,1
2404606,Ielmo Marinho,RN,Rio Grande do Norte,Nordeste,Agreste Potiguar,Agreste Potiguar,14033.0,140718.0,86470.0,16513.0,2968.0,28023.0,10027.64911280553,0
2404705,Ipanguaçu,RN,Rio Grande do Norte,Nordeste,Oeste Potiguar,Vale do Açu,15759.0,196498.0,86022.0,48341.0,7935.0,40826.0,12468.938384415254,0
2404804,Ipueira,RN,Rio Grande do Norte,Nordeste,Central Potiguar,Seridó Ocidental,2264.0,34929.0,19281.0,4817.0,1491.0,7640.0,15428.003533568904,0
2404853,Itajá,RN,Rio Grande do Norte,Nordeste,Oeste Potiguar,Vale do Açu,7641.0,99444.0,44885.0,3287.0,10198.0,32214.0,13014.526894385552,0
2404903,Itaú,RN,Rio Grande do Norte,Nordeste,Oeste Potiguar,Pau dos Ferros,5916.0,73781.0,36168.0,6546.0,2926.0,22671.0,12471.433400946586,0
2405009,Jaçanã,RN,Rio Grande do Norte,Nordeste,Agreste Potiguar,Borborema Potiguar,9341.0,86389.0,52812.0,6103.0,3671.0,19724.0,9248.367412482605,0
2405108,Jandaíra,RN,Rio Grande do Norte,Nordeste,Agreste Potiguar,Baixa Verde,6907.0,101429.0,48265.0,8303.0,3878.0,22218.0,14684.957289706095,0
2405207,Janduís,RN,Rio Grande do Norte,Nordeste,Oeste Potiguar,Médio Oeste,5228.0,84497.0,36183.0,4414.0,24352.0,16287.0,16162.3947972456,0
2405306,Januário Cicco,RN,Rio Grande do Norte,Nordeste,Agreste Potiguar,Agreste Potiguar,10367.0,84899.0,55623.0,3235.0,3843.0,17635.0,8189.350824732323,0
2405405,Japi,RN,Rio Grande do Norte,Nordeste,Agreste Potiguar,Borborema Potiguar,4935.0,51547.0,34372.0,2327.0,1896.0,11357.0,10445.1874366768,0
2405504,Jardim de Angicos,RN,Rio Grande do Norte,Nordeste,Central Potiguar,Angicos,2600.0,64391.0,22687.0,5032.0,27698.0,6118.0,24765.76923076923,0
2405603,Jardim de Piranhas,RN,Rio Grande do Norte,Nordeste,Central Potiguar,Seridó Ocidental,15044.0,213313.0,89061.0,20915.0,21275.0,65103.0,14179.274129220952,0
2405702,Jardim do Seridó,RN,Rio Grande do Norte,Nordeste,Central Potiguar,Seridó Oriental,12397.0,207991.0,71059.0,17299.0,30304.0,68528.0,16777.52682100508,0
2405801,João Câmara,RN,Rio Grande do Norte,Nordeste,Agreste Potiguar,Baixa Verde,35360.0,1269833.0,222640.0,21379.0,712023.0,241850.0,35911.56674208145,1
2405900,João Dias,RN,Rio Grande do Norte,Nordeste,Oeste Potiguar,Umarizal,2653.0,27991.0,19827.0,1587.0,560.0,5316.0,10550.697323784396,0
2406007,José da Penha,RN,Rio Grande do Norte,Nordeste,Oeste Potiguar,Pau dos Ferros,5941.0,67413.0,38241.0,5960.0,2134.0,17592.0,11347.079616226223,0
2406106,Jucurutu,RN,Rio Grande do Norte,Nordeste,Oeste Potiguar,Vale do Açu,18335.0,315838.0,104650.0,36871.0,54305.0,87739.0,17225.961276247614,0
2406155,Jundiá,RN,Rio Grande do Norte,Nordeste,Agreste Potiguar,Agreste Potiguar,3945.0,42147.0,29090.0,3326.0,1185.0,7499.0,10683.65019011407,0
2406205,Lagoa d'Anta,RN,Rio Grande do Norte,Nordeste,Agreste Potiguar,Agreste Potiguar,6851.0,70837.0,43222.0,2180.0,2514.0,19367.0,10339.65844402277,0
2406304,Lagoa de Pedras,RN,Rio Grande do Norte,Nordeste,Agreste Potiguar,Agreste Potiguar,7624.0,81381.0,47813.0,9881.0,2793.0,17204.0,10674.317943336831,0
2406403,Lagoa de Velhos,RN,Rio Grande do Norte,Nordeste,Agreste Potiguar,Borborema Potiguar,2732.0,38240.0,22391.0,1762.0,5959.0,7104.0,13997.071742313325,0
2406502,Lagoa Nova,RN,Rio Grande do Norte,Nordeste,Central Potiguar,Serra de Santana,15880.0,269032.0,97120.0,15412.0,77170.0,47028.0,16941.56171284635,0
2406601,Lagoa Salgada,RN,Rio Grande do Norte,Nordeste,Agreste Potiguar,Agreste Potiguar,8348.0,94311.0,55367.0,4297.0,3545.0,26199.0,11297.43651173934,0
2406700,Lajes,RN,Rio Grande do Norte,Nordeste,Central Potiguar,Angicos,11410.0,165928.0,66485.0,3765.0,10585.0,63549.0,14542.331288343556,0
2406809,Lajes Pintadas,RN,Rio Grande do Norte,Nordeste,Agreste Potiguar,Borborema Potiguar,4768.0,51593.0,34222.0,1473.0,2244.0,11904.0,10820.679530201342,0
2406908,Lucrécia,RN,Rio Grande do Norte,Nordeste,Oeste Potiguar,Umarizal,4053.0,51509.0,25618.0,2535.0,6960.0,13375.0,12708.857636318777,0
2407005,Luís Gomes,RN,Rio Grande do Norte,Nordeste,Oeste Potiguar,Serra de São Miguel,10175.0,87825.0,59670.0,1866.0,2330.0,20589.0,8631.449631449632,0
2407104,Macaíba,RN,Rio Grande do Norte,Nordeste,Leste Potiguar,Macaíba,82828.0,1828142.0,433168.0,36133.0,485851.0,605895.0,22071.54585405901,1
2407203,Macau,RN,Rio Grande do Norte,Nordeste,Central Potiguar,Macau,32260.0,1111118.0,186985.0,40768.0,546975.0,290912.0,34442.59144451333,1
2407252,Major Sales,RN,Rio Grande do Norte,Nordeste,Oeste Potiguar,Serra de São Miguel,4102.0,48003.0,29332.0,2225.0,968.0,13168.0,11702.340321794249,0
2407302,Marcelino Vieira,RN,Rio Grande do Norte,Nordeste,Oeste Potiguar,Pau dos Ferros,8325.0,82889.0,47215.0,9625.0,2720.0,19383.0,9956.636636636636,0
2407401,Martins,RN,Rio Grande do Norte,Nordeste,Oeste Potiguar,Umarizal,8790.0,108194.0,52392.0,2108.0,4241.0,40504.0,12308.759954493742,0
2407500,Maxaranguape,RN,Rio Grande do Norte,Nordeste,Leste Potiguar,Litoral Nordeste,12714.0,134892.0,74779.0,15016.0,5242.0,32076.0,10609.72156677678,0
2407609,Messias Targino,RN,Rio Grande do Norte,Nordeste,Oeste Potiguar,Médio Oeste,4665.0,55529.0,29496.0,3235.0,2024.0,16792.0,11903.322615219722,0
2407708,Montanhas,RN,Rio Grande do Norte,Nordeste,Leste Potiguar,Litoral Sul,11166.0,130282.0,67507.0,4784.0,4756.0,42404.0,11667.741357692996,0
2407807,Monte Alegre,RN,Rio Grande do Norte,Nordeste,Agreste Potiguar,Agreste Potiguar,22698.0,271451.0,136183.0,14648.0,23674.0,78453.0,11959.247510793904,0
2407906,Monte das Gameleiras,RN,Rio Grande do Norte,Nordeste,Agreste Potiguar,Borborema Potiguar,2063.0,32366.0,21099.0,1227.0,987.0,8061.0,15688.802714493457,0
2408003,Mossoró,RN,Rio Grande do Norte,Nordeste,Oeste Potiguar,Mossoró,303792.0,8071719.0,1662885.0,184225.0,1285190.0,3766138.0,26569.886632959395,1
2408102,Natal,RN,Rio Grande do Norte,Nordeste,Leste Potiguar,Natal,896708.0,24186139.0,4851091.0,19998.0,2556518.0,13347894.0,26972.14589364654,1
2408201,Nísia Floresta,RN,Rio Grande do Norte,Nordeste,Leste Potiguar,Macaíba,28266.0,474716.0,175294.0,123070.0,24345.0,119029.0,16794.594212127646,1
2408300,Nova Cruz,RN,Rio Grande do Norte,Nordeste,Agreste Potiguar,Agreste Potiguar,37554.0,560495.0,212905.0,16591.0,28436.0,234694.0,14925.041273898918,1
2408409,Olho d'Água do Borges,RN,Rio Grande do Norte,Nordeste,Oeste Potiguar,Umarizal,4231.0,47532.0,26708.0,3285.0,5355.0,10288.0,11234.2235878043,0
2408508,Ouro Branco,RN,Rio Grande do Norte,Nordeste,Central Potiguar,Seridó Oriental,4813.0,61703.0,30523.0,8753.0,3206.0,15374.0,12820.07064201122,0
2408607,Paraná,RN,Rio Grande do Norte,Nordeste,Oeste Potiguar,Pau dos Ferros,4298.0,43930.0,29928.0,2526.0,829.0,9234.0,10221.033038622616,0
2408706,Paraú,RN,Rio Grande do Norte,Nordeste,Oeste Potiguar,Médio Oeste,3732.0,55256.0,27172.0,10097.0,2012.0,12992.0,14806.002143622722,0
2408805,Parazinho,RN,Rio Grande do Norte,Nordeste,Agreste Potiguar,Baixa Verde,5307.0,606239.0,40792.0,5512.0,528052.0,20688.0,114233.84209534575,0
2408904,Parelhas,RN,Rio Grande do Norte,Nordeste,Central Potiguar,Seridó Oriental,21611.0,368924.0,124957.0,12580.0,63401.0,137530.0,17071.121188283745,0
2408953,Rio do Fogo,RN,Rio Grande do Norte,Nordeste,Leste Potiguar,Litoral Nordeste,10961.0,185590.0,76527.0,32817.0,31176.0,35592.0,16931.849283824467,0
2409100,Passa e Fica,RN,Rio Grande do Norte,Nordeste,Agreste Potiguar,Agreste Potiguar,13667.0,152322.0,82094.0,3065.0,7012.0,49064.0,11145.24035999122,0
2409209,Passagem,RN,Rio Grande do Norte,Nordeste,Agreste Potiguar,Agreste Potiguar,3114.0,46128.0,24886.0,2108.0,1796.0,15810.0,14813.102119460502,0
2409308,Patu,RN,Rio Grande do Norte,Nordeste,Oeste Potiguar,Umarizal,12861.0,160912.0,70134.0,5482.0,6372.0,64954.0,12511.62429049063,0
2409332,Santa Maria,RN,Rio Grande do Norte,Nordeste,Agreste Potiguar,Agreste Potiguar,5689.0,78031.0,36402.0,3376.0,2107.0,29354.0,13716.118825804184,0
2409407,Pau dos Ferros,RN,Rio Grande do Norte,Nordeste,Oeste Potiguar,Pau dos Ferros,30802.0,709328.0,175826.0,9012.0,38730.0,389068.0,23028.63450425297,1
2409506,Pedra Grande,RN,Rio Grande do Norte,Nordeste,Leste Potiguar,Litoral Nordeste,3163.0,293283.0,33888.0,7183.0,213403.0,18822.0,92723.04773948784,0
2409605,Pedra Preta,RN,Rio Grande do Norte,Nordeste,Central Potiguar,Angicos,2419.0,36126.0,22804.0,3507.0,808.0,6585.0,14934.27035965275,0
2409704,Pedro Avelino,RN,Rio Grande do Norte,Nordeste,Central Potiguar,Angicos,6591.0,79994.0,49395.0,4115.0,2807.0,17562.0,12136.85328478228,0
2409803,Pedro Velho,RN,Rio Grande do Norte,Nordeste,Leste Potiguar,Litoral Sul,14881.0,173615.0,99185.0,17036.0,6916.0,41799.0,11666.89066594987,0
2409902,Pendências,RN,Rio Grande do Norte,Nordeste,Oeste Potiguar,Vale do Açu,15411.0,757491.0,98121.0,277388.0,223525.0,104514.0,49152.61825968464,1
2410009,Pilões,RN,Rio Grande do Norte,Nordeste,Oeste Potiguar,Pau dos Ferros,3900.0,41829.0,25145.0,1846.0,1290.0,11231.0,10725.384615384615,0
2410108,Poço Branco,RN,Rio Grande do Norte,Nordeste,Agreste Potiguar,Baixa Verde,15646.0,131859.0,85973.0,11691.0,5353.0,23998.0,8427.649239422217,0
2410207,Portalegre,RN,Rio Grande do Norte,Nordeste,Oeste Potiguar,Pau dos Ferros,7944.0,78933.0,45523.0,2476.0,6033.0,21020.0,9936.178247734138,0
2410256,Porto do Mangue,RN,Rio Grande do Norte,Nordeste,Oeste Potiguar,Vale do Açu,6605.0,149471.0,44488.0,7666.0,59725.0,31046.0,22629.97728993187,0
2410306,Serra Caiada,RN,Rio Grande do Norte,Nordeste,Agreste Potiguar,Agreste Potiguar,10646.0,109306.0,62406.0,5397.0,7404.0,26790.0,10267.330452752209,0
2410405,Pureza,RN,Rio Grande do Norte,Nordeste,Leste Potiguar,Litoral Nordeste,9825.0,169428.0,63397.0,66327.0,4920.0,24359.0,17244.580152671755,0
2410504,Rafael Fernandes,RN,Rio Grande do Norte,Nordeste,Oeste Potiguar,Pau dos Ferros,5158.0,53271.0,25663.0,5580.0,1871.0,16590.0,10327.840248158202,0
2410603,Rafael Godeiro,RN,Rio Grande do Norte,Nordeste,Oeste Potiguar,Umarizal,3214.0,43450.0,25054.0,3293.0,3794.0,9584.0,13518.97946484132,0
2410702,Riacho da Cruz,RN,Rio Grande do Norte,Nordeste,Oeste Potiguar,Pau dos Ferros,3648.0,37507.0,24804.0,1939.0,1679.0,7704.0,10281.524122807015,0
2410801,Riacho de Santana,RN,Rio Grande do Norte,Nordeste,Oeste Potiguar,Serra de São Miguel,4194.0,43512.0,28696.0,2802.0,1136.0,9478.0,10374.821173104436,0
2410900,Riachuelo,RN,Rio Grande do Norte,Nordeste,Agreste Potiguar,Agreste Potiguar,8310.0,192156.0,53625.0,2108.0,84834.0,39733.0,23123.46570397112,0
2411007,Rodolfo Fernandes,RN,Rio Grande do Norte,Nordeste,Oeste Potiguar,Pau dos Ferros,4457.0,59192.0,33146.0,5548.0,2095.0,15464.0,13280.68207314337,0
2411056,Tibau,RN,Rio Grande do Norte,Nordeste,Oeste Potiguar,Mossoró,4173.0,115022.0,36367.0,17060.0,6620.0,43278.0,27563.3836568416,0
2411106,Ruy Barbosa,RN,Rio Grande do Norte,Nordeste,Agreste Potiguar,Borborema Potiguar,3584.0,126772.0,28489.0,2151.0,84829.0,8647.0,35371.65178571428,0
2411205,Santa Cruz,RN,Rio Grande do Norte,Nordeste,Agreste Potiguar,Borborema Potiguar,40295.0,619036.0,224065.0,33781.0,31230.0,268281.0,15362.600818960169,1
2411403,Santana do Matos,RN,Rio Grande do Norte,Nordeste,Central Potiguar,Serra de Santana,11808.0,147037.0,75868.0,15114.0,5192.0,40083.0,12452.320460704606,0
2411429,Santana do Seridó,RN,Rio Grande do Norte,Nordeste,Central Potiguar,Seridó Oriental,2699.0,36353.0,20660.0,2836.0,3284.0,7772.0,13469.062615783623,0
2411502,Santo Antônio,RN,Rio Grande do Norte,Nordeste,Agreste Potiguar,Agreste Potiguar,24422.0,302533.0,142440.0,9218.0,11342.0,113420.0,12387.724183113583,0
2411601,São Bento do Norte,RN,Rio Grande do Norte,Nordeste,Central Potiguar,Macau,2687.0,549241.0,27247.0,10552.0,452181.0,19561.0,204406.773353182,0
2411700,São Bento do Trairí,RN,Rio Grande do Norte,Nordeste,Agreste Potiguar,Borborema Potiguar,4541.0,45623.0,30965.0,3432.0,1741.0,8121.0,10046.905967848492,0
2411809,São Fernando,RN,Rio Grande do Norte,Nordeste,Central Potiguar,Seridó Ocidental,3606.0,63596.0,26599.0,13130.0,8497.0,11786.0,17636.161952301718,0
2411908,São Francisco do Oeste,RN,Rio Grande do Norte,Nordeste,Oeste Potiguar,Pau dos Ferros,4281.0,54447.0,30777.0,2443.0,3572.0,14869.0,12718.290119131045,0
2412005,São Gonçalo do Amarante,RN,Rio Grande do Norte,Nordeste,Leste Potiguar,Macaíba,104919.0,1905641.0,589005.0,38448.0,169638.0,878071.0,18162.973341339508,1
2412104,São João do Sabugi,RN,Rio Grande do Norte,Nordeste,Central Potiguar,Seridó Ocidental,6221.0,84585.0,36943.0,19648.0,3161.0,19201.0,13596.68863526764,0
2412203,São José de Mipibu,RN,Rio Grande do Norte,Nordeste,Leste Potiguar,Macaíba,44566.0,1040956.0,261506.0,58942.0,122526.0,435717.0,23357.626890454605,1
2412302,São José do Campestre,RN,Rio Grande do Norte,Nordeste,Agreste Potiguar,Borborema Potiguar,12901.0,125090.0,79426.0,3717.0,5058.0,31292.0,9696.147585458491,0
2412401,São José do Seridó,RN,Rio Grande do Norte,Nordeste,Central Potiguar,Seridó Oriental,4696.0,83854.0,30956.0,12666.0,10076.0,22957.0,17856.47359454855,0
2412500,São Miguel,RN,Rio Grande do Norte,Nordeste,Oeste Potiguar,Serra de São Miguel,23789.0,319740.0,137393.0,10348.0,8963.0,129482.0,13440.665853966118,0
2412559,São Miguel do Gostoso,RN,Rio Grande do Norte,Nordeste,Leste Potiguar,Litoral Nordeste,10441.0,492637.0,77780.0,12444.0,310242.0,64906.0,47182.93266928455,0
2412609,São Paulo do Potengi,RN,Rio Grande do Norte,Nordeste,Agreste Potiguar,Agreste Potiguar,17858.0,231552.0,105894.0,6972.0,13377.0,86723.0,12966.289618098332,0
2412708,São Pedro,RN,Rio Grande do Norte,Nordeste,Agreste Potiguar,Agreste Potiguar,5889.0,55799.0,36141.0,3588.0,2219.0,11932.0,9475.1231108847,0
2412807,São Rafael,RN,Rio Grande do Norte,Nordeste,Oeste Potiguar,Vale do Açu,8183.0,88674.0,47204.0,13206.0,3755.0,20342.0,10836.368080166198,0
2412906,São Tomé,RN,Rio Grande do Norte,Nordeste,Agreste Potiguar,Borborema Potiguar,11051.0,111773.0,69995.0,3311.0,4759.0,27294.0,10114.288299701384,0
2413003,São Vicente,RN,Rio Grande do Norte,Nordeste,Central Potiguar,Serra de Santana,6476.0,76920.0,41504.0,6676.0,5155.0,18729.0,11877.702285361334,0
2413102,Senador Elói de Souza,RN,Rio Grande do Norte,Nordeste,Agreste Potiguar,Agreste Potiguar,6167.0,60475.0,39694.0,2257.0,3011.0,13302.0,9806.226690449164,0
2413201,Senador Georgino Avelino,RN,Rio Grande do Norte,Nordeste,Leste Potiguar,Litoral Sul,4527.0,116486.0,31285.0,65429.0,1754.0,10249.0,25731.389441130992,0
2413300,Serra de São Bento,RN,Rio Grande do Norte,Nordeste,Agreste Potiguar,Borborema Potiguar,5739.0,57410.0,34228.0,1617.0,2755.0,15823.0,10003.48492768775,0
2413359,Serra do Mel,RN,Rio Grande do Norte,Nordeste,Oeste Potiguar,Mossoró,12225.0,858721.0,80731.0,45640.0,565336.0,80193.0,70243.02658486708,1
2413409,Serra Negra do Norte,RN,Rio Grande do Norte,Nordeste,Central Potiguar,Seridó Ocidental,8105.0,118874.0,46063.0,16410.0,6653.0,41904.0,14666.748920419494,0
2413508,Serrinha,RN,Rio Grande do Norte,Nordeste,Agreste Potiguar,Agreste Potiguar,6128.0,71897.0,43900.0,7661.0,2343.0,15200.0,11732.53916449086,0
2413557,Serrinha dos Pintos,RN,Rio Grande do Norte,Nordeste,Oeste Potiguar,Umarizal,4832.0,49786.0,29640.0,2102.0,3051.0,12535.0,10303.3940397351,0
2413607,Severiano Melo,RN,Rio Grande do Norte,Nordeste,Oeste Potiguar,Pau dos Ferros,1743.0,63098.0,21259.0,8293.0,4556.0,22768.0,36200.8032128514,0
2413706,Sítio Novo,RN,Rio Grande do Norte,Nordeste,Agreste Potiguar,Borborema Potiguar,5600.0,53783.0,36020.0,3122.0,1613.0,11158.0,9604.107142857143,0
2413805,Taboleiro Grande,RN,Rio Grande do Norte,Nordeste,Oeste Potiguar,Pau dos Ferros,2606.0,32472.0,20648.0,1470.0,1477.0,7701.0,12460.475825019186,0
2413904,Taipu,RN,Rio Grande do Norte,Nordeste,Leste Potiguar,Litoral Nordeste,12314.0,155197.0,71871.0,38026.0,8996.0,26351.0,12603.297060256618,0
2414001,Tangará,RN,Rio Grande do Norte,Nordeste,Agreste Potiguar,Borborema Potiguar,16008.0,201782.0,94105.0,5256.0,18673.0,64277.0,12605.072463768116,0
2414100,Tenente Ananias,RN,Rio Grande do Norte,Nordeste,Oeste Potiguar,Pau dos Ferros,10923.0,113586.0,65178.0,5346.0,4534.0,32517.0,10398.791540785498,0
2414159,Tenente Laurentino Cruz,RN,Rio Grande do Norte,Nordeste,Central Potiguar,Serra de Santana,6085.0,107284.0,43470.0,8971.0,21190.0,26124.0,17630.89564502876,0
2414209,Tibau do Sul,RN,Rio Grande do Norte,Nordeste,Leste Potiguar,Litoral Sul,14694.0,415829.0,99757.0,19198.0,34868.0,228062.0,28299.23778412958,0
2414308,Timbaúba dos Batistas,RN,Rio Grande do Norte,Nordeste,Central Potiguar,Seridó Ocidental,2427.0,43617.0,20312.0,10870.0,1281.0,8684.0,17971.569839307787,0
2414407,Touros,RN,Rio Grande do Norte,Nordeste,Leste Potiguar,Litoral Nordeste,33716.0,814838.0,207128.0,99515.0,286754.0,173527.0,24167.69486297307,1
2414456,Triunfo Potiguar,RN,Rio Grande do Norte,Nordeste,Oeste Potiguar,Médio Oeste,3195.0,45829.0,27621.0,4594.0,1789.0,10043.0,14343.974960876369,0
2414506,Umarizal,RN,Rio Grande do Norte,Nordeste,Oeste Potiguar,Umarizal,10485.0,151205.0,62538.0,8624.0,5764.0,61441.0,14421.077730090605,0
2414605,Upanema,RN,Rio Grande do Norte,Nordeste,Oeste Potiguar,Médio Oeste,14937.0,214152.0,91275.0,13530.0,40968.0,55723.0,14337.0154649528,0
2414704,Várzea,RN,Rio Grande do Norte,Nordeste,Agreste Potiguar,Agreste Potiguar,5529.0,56555.0,35561.0,2199.0,2190.0,14542.0,10228.793633568455,0
2414753,Venha-Ver,RN,Rio Grande do Norte,Nordeste,Oeste Potiguar,Serra de São Miguel,4232.0,43202.0,30311.0,2096.0,1032.0,8432.0,10208.412098298675,0
2414803,Vera Cruz,RN,Rio Grande do Norte,Nordeste,Agreste Potiguar,Agreste Potiguar,12789.0,133469.0,75508.0,8133.0,6328.0,34880.0,10436.23426382047,0
2414902,Viçosa,RN,Rio Grande do Norte,Nordeste,Oeste Potiguar,Pau dos Ferros,1731.0,23238.0,14892.0,1075.0,879.0,5477.0,13424.610051993068,0
2415008,Vila Flor,RN,Rio Grande do Norte,Nordeste,Leste Potiguar,Litoral Sul,3217.0,44403.0,24950.0,5807.0,1976.0,9616.0,13802.611128380478,0
2500106,Água Branca,PB,Paraíba,Nordeste,Sertão Paraibano,Serra do Teixeira,10375.0,92268.0,57405.0,6074.0,3755.0,20935.0,8893.301204819278,0
2500205,Aguiar,PB,Paraíba,Nordeste,Sertão Paraibano,Piancó,5622.0,60256.0,31700.0,5837.0,5974.0,12376.0,10717.89398790466,0
2500304,Alagoa Grande,PB,Paraíba,Nordeste,Agreste Paraibano,Brejo Paraibano,28384.0,300766.0,151078.0,29548.0,15614.0,86554.0,10596.321871476888,0
2500403,Alagoa Nova,PB,Paraíba,Nordeste,Agreste Paraibano,Brejo Paraibano,20992.0,335568.0,102036.0,106987.0,47694.0,61155.0,15985.518292682927,0
2500502,Alagoinha,PB,Paraíba,Nordeste,Agreste Paraibano,Guarabira,14629.0,138844.0,80676.0,12233.0,4814.0,34655.0,9491.011005536948,0
2500536,Alcantil,PB,Paraíba,Nordeste,Borborema,Cariri Oriental,5527.0,55221.0,34076.0,6316.0,1919.0,11031.0,9991.134430975211,0
2500577,Algodão de Jandaíra,PB,Paraíba,Nordeste,Agreste Paraibano,Curimataú Ocidental,2588.0,28688.0,19709.0,1977.0,931.0,5452.0,11085.007727975271,0
2500601,Alhandra,PB,Paraíba,Nordeste,Mata Paraibana,Litoral Sul,19865.0,3391901.0,136909.0,30131.0,181910.0,2232427.0,170747.59627485528,1
2500700,São João do Rio do Peixe,PB,Paraíba,Nordeste,Sertão Paraibano,Cajazeiras,18020.0,226326.0,98895.0,24076.0,11447.0,71169.0,12559.711431742508,0
2500734,Amparo,PB,Paraíba,Nordeste,Borborema,Cariri Ocidental,2264.0,29514.0,17849.0,2456.0,1423.0,6616.0,13036.219081272086,0
2500775,Aparecida,PB,Paraíba,Nordeste,Sertão Paraibano,Sousa,8482.0,105562.0,44699.0,8676.0,10588.0,31384.0,12445.413817495872,0
2500809,Araçagi,PB,Paraíba,Nordeste,Agreste Paraibano,Guarabira,16857.0,186121.0,97068.0,33101.0,9282.0,39230.0,11041.169840422375,0
2500908,Arara,PB,Paraíba,Nordeste,Agreste Paraibano,Curimataú Ocidental,13613.0,112505.0,67610.0,5684.0,2979.0,29678.0,8264.52655549842,0
2501005,Araruna,PB,Paraíba,Nordeste,Agreste Paraibano,Curimataú Oriental,20610.0,204618.0,114393.0,13816.0,8888.0,55605.0,9928.093158660844,0
2501104,Areia,PB,Paraíba,Nordeste,Agreste Paraibano,Brejo Paraibano,22493.0,258030.0,113542.0,34024.0,19434.0,70906.0,11471.568932556796,0
2501153,Areia de Baraúnas,PB,Paraíba,Nordeste,Sertão Paraibano,Patos,2105.0,26146.0,16678.0,1341.0,1871.0,4367.0,12420.902612826603,0
2501203,Areial,PB,Paraíba,Nordeste,Agreste Paraibano,Esperança,7054.0,62686.0,40232.0,2767.0,1790.0,15112.0,8886.589169265664,0
2501302,Aroeiras,PB,Paraíba,Nordeste,Agreste Paraibano,Umbuzeiro,19081.0,286086.0,103968.0,10750.0,17815.0,136394.0,14993.239348042556,0
2501351,Assunção,PB,Paraíba,Nordeste,Borborema,Cariri Ocidental,4067.0,48605.0,25940.0,2899.0,6198.0,11061.0,11951.06958446029,0
2501401,Baía da Traição,PB,Paraíba,Nordeste,Mata Paraibana,Litoral Norte,9197.0,108130.0,54904.0,20787.0,3569.0,24693.0,11757.09470479504,0
2501500,Bananeiras,PB,Paraíba,Nordeste,Agreste Paraibano,Brejo Paraibano,21220.0,279647.0,110499.0,58599.0,17114.0,80356.0,13178.463713477851,0
2501534,Baraúna,PB,Paraíba,Nordeste,Borborema,Seridó Oriental Paraibano,5033.0,49872.0,30986.0,1613.0,1444.0,13296.0,9909.000596065966,0
2501575,Barra de Santana,PB,Paraíba,Nordeste,Borborema,Cariri Oriental,8338.0,90980.0,49441.0,20245.0,2379.0,16154.0,10911.489565843129,0
2501609,Barra de Santa Rosa,PB,Paraíba,Nordeste,Agreste Paraibano,Curimataú Ocidental,15607.0,151140.0,81743.0,14942.0,8422.0,37232.0,9684.116101749216,0
2501708,Barra de São Miguel,PB,Paraíba,Nordeste,Borborema,Cariri Oriental,6095.0,85061.0,37753.0,29865.0,2951.0,12300.0,13955.865463494669,0
2501807,Bayeux,PB,Paraíba,Nordeste,Mata Paraibana,João Pessoa,97519.0,1367700.0,487098.0,5475.0,113218.0,570475.0,14024.959238712456,1
2501906,Belém,PB,Paraíba,Nordeste,Agreste Paraibano,Guarabira,17733.0,217642.0,92072.0,9453.0,26487.0,65732.0,12273.27581345514,0
2502003,Belém do Brejo do Cruz,PB,Paraíba,Nordeste,Sertão Paraibano,Catolé do Rocha,7356.0,78754.0,43611.0,8248.0,3129.0,18178.0,10706.090266449157,0
2502052,Bernardino Batista,PB,Paraíba,Nordeste,Sertão Paraibano,Cajazeiras,3571.0,40115.0,25638.0,2406.0,2372.0,8279.0,11233.548025763092,0
2502102,Boa Ventura,PB,Paraíba,Nordeste,Sertão Paraibano,Itaporanga,5248.0,51771.0,30274.0,5516.0,2484.0,11639.0,9864.900914634149,0
2502151,Boa Vista,PB,Paraíba,Nordeste,Agreste Paraibano,Campina Grande,7218.0,203601.0,43936.0,15345.0,81833.0,38412.0,28207.39817123857,0
2502201,Bom Jesus,PB,Paraíba,Nordeste,Sertão Paraibano,Cajazeiras,2588.0,32154.0,17937.0,2552.0,1794.0,8236.0,12424.265842349305,0
2502300,Bom Sucesso,PB,Paraíba,Nordeste,Sertão Paraibano,Catolé do Rocha,4937.0,54738.0,29779.0,6920.0,4722.0,11122.0,11087.299979744785,0
2502409,Bonito de Santa Fé,PB,Paraíba,Nordeste,Sertão Paraibano,Cajazeiras,12126.0,96760.0,61026.0,7564.0,4276.0,20271.0,7979.5480785089885,0
2502508,Boqueirão,PB,Paraíba,Nordeste,Borborema,Cariri Oriental,17934.0,260287.0,98366.0,51267.0,23098.0,62111.0,14513.605442176871,0
2502607,Igaracy,PB,Paraíba,Nordeste,Sertão Paraibano,Piancó,6092.0,60877.0,34268.0,7635.0,3062.0,13525.0,9992.941562705188,0
2502706,Borborema,PB,Paraíba,Nordeste,Agreste Paraibano,Brejo Paraibano,5311.0,69315.0,32761.0,20521.0,3005.0,11415.0,13051.214460553569,0
2502805,Brejo do Cruz,PB,Paraíba,Nordeste,Sertão Paraibano,Catolé do Rocha,14287.0,147569.0,77951.0,7229.0,8681.0,45093.0,10328.900398964091,0
2502904,Brejo dos Santos,PB,Paraíba,Nordeste,Sertão Paraibano,Catolé do Rocha,6479.0,64523.0,38202.0,3312.0,3579.0,16740.0,9958.78993671863,0
2503001,Caaporã,PB,Paraíba,Nordeste,Mata Paraibana,Litoral Sul,22079.0,416707.0,122797.0,21187.0,105499.0,113931.0,18873.454413696272,0
2503100,Cabaceiras,PB,Paraíba,Nordeste,Borborema,Cariri Oriental,5710.0,116784.0,31714.0,65120.0,3413.0,13031.0,20452.539404553416,0
2503209,Cabedelo,PB,Paraíba,Nordeste,Mata Paraibana,João Pessoa,69773.0,3137677.0,432132.0,4911.0,541835.0,1507458.0,44969.78774024336,1
2503308,Cachoeira dos Índios,PB,Paraíba,Nordeste,Sertão Paraibano,Cajazeiras,10364.0,125141.0,52427.0,7339.0,4674.0,46870.0,12074.585102277111,0
2503407,Cacimba de Areia,PB,Paraíba,Nordeste,Sertão Paraibano,Patos,3708.0,39217.0,22469.0,5836.0,2393.0,7391.0,10576.321467098169,0
2503506,Cacimba de Dentro,PB,Paraíba,Nordeste,Agreste Paraibano,Curimataú Oriental,17169.0,154293.0,92588.0,13291.0,5200.0,36418.0,8986.720251616285,0
2503555,Cacimbas,PB,Paraíba,Nordeste,Sertão Paraibano,Serra do Teixeira,7225.0,67251.0,43816.0,4920.0,2578.0,13795.0,9308.09688581315,0
2503605,Caiçara,PB,Paraíba,Nordeste,Agreste Paraibano,Guarabira,7182.0,65797.0,38918.0,5685.0,2951.0,15555.0,9161.37566137566,0
2503704,Cajazeiras,PB,Paraíba,Nordeste,Sertão Paraibano,Cajazeiras,62576.0,1231837.0,333275.0,19796.0,117305.0,604188.0,19685.45448734339,1
2503753,Cajazeirinhas,PB,Paraíba,Nordeste,Sertão Paraibano,Sousa,3217.0,42140.0,24114.0,7219.0,2348.0,7273.0,13099.160708734846,0
2503803,Caldas Brandão,PB,Paraíba,Nordeste,Agreste Paraibano,Itabaiana,6077.0,74927.0,35210.0,6366.0,6096.0,21820.0,12329.603422741484,0
2503902,Camalaú,PB,Paraíba,Nordeste,Borborema,Cariri Ocidental,6048.0,71860.0,36371.0,6733.0,3661.0,20805.0,11881.613756613757,0
2504009,Campina Grande,PB,Paraíba,Nordeste,Agreste Paraibano,Campina Grande,413830.0,10349781.0,2081468.0,36425.0,1953756.0,4765996.0,25009.740714786265,1
2504033,Capim,PB,Paraíba,Nordeste,Mata Paraibana,Litoral Norte,6715.0,75876.0,40308.0,10683.0,3063.0,18180.0,11299.478778853314,0
2504074,Caraúbas,PB,Paraíba,Nordeste,Borborema,Cariri Oriental,4206.0,42317.0,25653.0,4099.0,1797.0,9243.0,10061.103185924869,0
2504108,Carrapateira,PB,Paraíba,Nordeste,Sertão Paraibano,Cajazeiras,2714.0,31011.0,20787.0,1848.0,1293.0,6400.0,11426.308032424466,0
2504157,Casserengue,PB,Paraíba,Nordeste,Agreste Paraibano,Curimataú Oriental,7530.0,70122.0,44105.0,5410.0,2817.0,14975.0,9312.350597609562,0
2504207,Catingueira,PB,Paraíba,Nordeste,Sertão Paraibano,Piancó,4938.0,53095.0,30441.0,5472.0,3279.0,11457.0,10752.328878088294,0
2504306,Catolé do Rocha,PB,Paraíba,Nordeste,Sertão Paraibano,Catolé do Rocha,30819.0,506809.0,158142.0,14235.0,48008.0,228296.0,16444.693208734872,1
2504355,Caturité,PB,Paraíba,Nordeste,Borborema,Cariri Oriental,4898.0,61814.0,30537.0,11731.0,4457.0,12217.0,12620.253164556962,0
2504405,Conceição,PB,Paraíba,Nordeste,Sertão Paraibano,Itaporanga,19030.0,209556.0,103229.0,16115.0,10610.0,66803.0,11011.87598528639,0
2504504,Condado,PB,Paraíba,Nordeste,Sertão Paraibano,Sousa,6662.0,90623.0,37888.0,8296.0,25483.0,15983.0,13602.97208045632,0
2504603,Conde,PB,Paraíba,Nordeste,Mata Paraibana,João Pessoa,25341.0,1274198.0,164987.0,23858.0,241363.0,523257.0,50282.07253068151,1
2504702,Congo,PB,Paraíba,Nordeste,Borborema,Cariri Ocidental,4787.0,61917.0,28767.0,10620.0,3930.0,15506.0,12934.405682055569,0
2504801,Coremas,PB,Paraíba,Nordeste,Sertão Paraibano,Piancó,15438.0,250138.0,70304.0,23867.0,90110.0,49131.0,16202.746469749967,0
2504850,Coxixola,PB,Paraíba,Nordeste,Borborema,Cariri Ocidental,1948.0,24115.0,14801.0,1830.0,1199.0,5342.0,12379.363449691991,0
2504900,Cruz do Espírito Santo,PB,Paraíba,Nordeste,Mata Paraibana,Sapé,17599.0,191764.0,96345.0,29332.0,13670.0,43195.0,10896.300926188987,0
2505006,Cubati,PB,Paraíba,Nordeste,Borborema,Seridó Oriental Paraibano,7866.0,76970.0,45667.0,8562.0,3591.0,16407.0,9785.15128400712,0
2505105,Cuité,PB,Paraíba,Nordeste,Agreste Paraibano,Curimataú Ocidental,20331.0,220943.0,101955.0,24375.0,7060.0,71532.0,10867.296247110324,0
2505204,Cuitegi,PB,Paraíba,Nordeste,Agreste Paraibano,Guarabira,6748.0,66817.0,40476.0,5236.0,3781.0,14852.0,9901.748666271487,0
2505238,Cuité de Mamanguape,PB,Paraíba,Nordeste,Mata Paraibana,Litoral Norte,6360.0,74254.0,42302.0,9636.0,3042.0,16092.0,11675.157232704403,0
2505279,Curral de Cima,PB,Paraíba,Nordeste,Mata Paraibana,Litoral Norte,5209.0,55714.0,32590.0,10084.0,2022.0,9545.0,10695.71894797466,0
2505303,Curral Velho,PB,Paraíba,Nordeste,Sertão Paraibano,Itaporanga,2508.0,26853.0,16559.0,3786.0,866.0,4898.0,10706.937799043062,0
2505352,Damião,PB,Paraíba,Nordeste,Agreste Paraibano,Curimataú Ocidental,5409.0,50368.0,33796.0,2372.0,1415.0,11009.0,9311.88759474949,0
2505402,Desterro,PB,Paraíba,Nordeste,Sertão Paraibano,Serra do Teixeira,8332.0,72920.0,41109.0,5256.0,3605.0,19240.0,8751.800288046088,0
2505501,Vista Serrana,PB,Paraíba,Nordeste,Sertão Paraibano,Sousa,3850.0,39511.0,24251.0,1550.0,1841.0,10104.0,10262.597402597405,0
2505600,Diamante,PB,Paraíba,Nordeste,Sertão Paraibano,Itaporanga,6506.0,59527.0,34421.0,5012.0,2977.0,14427.0,9149.55425760836,0
2505709,Dona Inês,PB,Paraíba,Nordeste,Agreste Paraibano,Curimataú Oriental,10375.0,94022.0,58715.0,8213.0,3412.0,19990.0,9062.361445783132,0
2505808,Duas Estradas,PB,Paraíba,Nordeste,Agreste Paraibano,Guarabira,3569.0,45155.0,24257.0,6334.0,1900.0,10703.0,12652.003362286354,0
2505907,Emas,PB,Paraíba,Nordeste,Sertão Paraibano,Piancó,3556.0,41741.0,24135.0,7050.0,1906.0,7392.0,11738.188976377953,0
2506004,Esperança,PB,Paraíba,Nordeste,Agreste Paraibano,Esperança,33386.0,709828.0,183586.0,25947.0,45648.0,372667.0,21261.247229377583,1
2506103,Fagundes,PB,Paraíba,Nordeste,Agreste Paraibano,Campina Grande,11180.0,105579.0,62613.0,8837.0,4500.0,24757.0,9443.55992844365,0
2506202,Frei Martinho,PB,Paraíba,Nordeste,Borborema,Seridó Oriental Paraibano,2989.0,30352.0,18879.0,1942.0,1147.0,7110.0,10154.56674473068,0
2506251,Gado Bravo,PB,Paraíba,Nordeste,Agreste Paraibano,Umbuzeiro,8292.0,76350.0,48125.0,11060.0,1991.0,13237.0,9207.67004341534,0
2506301,Guarabira,PB,Paraíba,Nordeste,Agreste Paraibano,Guarabira,59389.0,1778824.0,286374.0,31115.0,214143.0,954120.0,29952.07866776676,1
2506400,Gurinhém,PB,Paraíba,Nordeste,Agreste Paraibano,Itabaiana,14125.0,151393.0,77896.0,15751.0,10458.0,39414.0,10718.08849557522,0
2506509,Gurjão,PB,Paraíba,Nordeste,Borborema,Cariri Oriental,3477.0,38417.0,23174.0,3806.0,2314.0,7857.0,11048.892723612307,0
2506608,Ibiara,PB,Paraíba,Nordeste,Sertão Paraibano,Itaporanga,5877.0,58012.0,33143.0,6199.0,3113.0,12846.0,9871.02263059384,0
2506707,Imaculada,PB,Paraíba,Nordeste,Sertão Paraibano,Serra do Teixeira,11877.0,98470.0,61465.0,7109.0,3199.0,22125.0,8290.814178664647,0
2506806,Ingá,PB,Paraíba,Nordeste,Agreste Paraibano,Itabaiana,18184.0,195442.0,103681.0,7093.0,16161.0,55984.0,10748.02023757149,0
2506905,Itabaiana,PB,Paraíba,Nordeste,Agreste Paraibano,Itabaiana,24363.0,336826.0,129119.0,22987.0,19308.0,137053.0,13825.3088700078,0
2507002,Itaporanga,PB,Paraíba,Nordeste,Sertão Paraibano,Itaporanga,24960.0,342219.0,129928.0,14207.0,28756.0,136589.0,13710.697115384615,0
2507101,Itapororoca,PB,Paraíba,Nordeste,Mata Paraibana,Litoral Norte,18978.0,206834.0,101322.0,30029.0,7467.0,56926.0,10898.619454104752,0
2507200,Itatuba,PB,Paraíba,Nordeste,Agreste Paraibano,Itabaiana,11069.0,154474.0,59351.0,16870.0,33319.0,31576.0,13955.55154033788,0
2507309,Jacaraú,PB,Paraíba,Nordeste,Mata Paraibana,Litoral Norte,14467.0,165481.0,89455.0,18410.0,8341.0,41610.0,11438.515241584297,0
2507408,Jericó,PB,Paraíba,Nordeste,Sertão Paraibano,Catolé do Rocha,7751.0,76561.0,42593.0,8598.0,3970.0,17935.0,9877.564185266418,0
2507507,João Pessoa,PB,Paraíba,Nordeste,Mata Paraibana,João Pessoa,825796.0,21865637.0,4288992.0,43109.0,3251253.0,11135922.0,26478.25492010133,1
2507606,Juarez Távora,PB,Paraíba,Nordeste,Agreste Paraibano,Itabaiana,8014.0,73279.0,43965.0,4307.0,3267.0,18577.0,9143.873221861742,0
2507705,Juazeirinho,PB,Paraíba,Nordeste,Borborema,Seridó Oriental Paraibano,18422.0,210738.0,101010.0,10124.0,12588.0,68900.0,11439.474541309304,0
2507804,Junco do Seridó,PB,Paraíba,Nordeste,Borborema,Seridó Ocidental Paraibano,7238.0,96811.0,40775.0,6582.0,11287.0,30725.0,13375.379939209726,0
2507903,Juripiranga,PB,Paraíba,Nordeste,Mata Paraibana,Sapé,10830.0,117631.0,61466.0,14645.0,5257.0,30129.0,10861.588180978762,0
2508000,Juru,PB,Paraíba,Nordeste,Sertão Paraibano,Serra do Teixeira,9831.0,87525.0,51509.0,9432.0,3967.0,18953.0,8902.960024412572,0
2508109,Lagoa,PB,Paraíba,Nordeste,Sertão Paraibano,Catolé do Rocha,4640.0,51364.0,27989.0,3141.0,2123.0,16228.0,11069.827586206897,0
2508208,Lagoa de Dentro,PB,Paraíba,Nordeste,Agreste Paraibano,Guarabira,7754.0,83716.0,47194.0,9038.0,2970.0,20759.0,10796.492133092595,0
2508307,Lagoa Seca,PB,Paraíba,Nordeste,Agreste Paraibano,Campina Grande,27728.0,310520.0,144872.0,49480.0,20496.0,78603.0,11198.788228505482,0
2508406,Lastro,PB,Paraíba,Nordeste,Sertão Paraibano,Sousa,2698.0,29567.0,17962.0,2747.0,1195.0,6606.0,10958.858413639731,0
2508505,Livramento,PB,Paraíba,Nordeste,Borborema,Cariri Ocidental,7274.0,70182.0,42826.0,6732.0,2835.0,15128.0,9648.336541105307,0
2508554,Logradouro,PB,Paraíba,Nordeste,Agreste Paraibano,Guarabira,4406.0,48759.0,26910.0,5157.0,1889.0,12453.0,11066.500226963231,0
2508604,Lucena,PB,Paraíba,Nordeste,Mata Paraibana,João Pessoa,13344.0,222862.0,89744.0,21854.0,35355.0,59599.0,16701.28896882494,0
2508703,Mãe d'Água,PB,Paraíba,Nordeste,Sertão Paraibano,Patos,3988.0,38696.0,26016.0,2136.0,1364.0,8158.0,9703.109327983952,0
2508802,Malta,PB,Paraíba,Nordeste,Sertão Paraibano,Sousa,5745.0,79951.0,32489.0,4095.0,25970.0,14480.0,13916.623150565709,0
2508901,Mamanguape,PB,Paraíba,Nordeste,Mata Paraibana,Litoral Norte,45385.0,807657.0,237008.0,86079.0,107584.0,291587.0,17795.681392530572,1
2509008,Manaíra,PB,Paraíba,Nordeste,Sertão Paraibano,Serra do Teixeira,10988.0,101623.0,60612.0,6748.0,10175.0,20612.0,9248.543866035676,0
2509057,Marcação,PB,Paraíba,Nordeste,Mata Paraibana,Litoral Norte,8746.0,104110.0,48492.0,24251.0,7668.0,17709.0,11903.727418248342,0
2509107,Mari,PB,Paraíba,Nordeste,Mata Paraibana,Sapé,21895.0,242496.0,115403.0,33468.0,11448.0,67689.0,11075.405343685774,0
2509156,Marizópolis,PB,Paraíba,Nordeste,Sertão Paraibano,Sousa,6689.0,82151.0,37776.0,4720.0,4817.0,28229.0,12281.506951711766,0
2509206,Massaranduba,PB,Paraíba,Nordeste,Agreste Paraibano,Campina Grande,14077.0,130597.0,76014.0,10464.0,11142.0,25191.0,9277.331817858918,0
2509305,Mataraca,PB,Paraíba,Nordeste,Mata Paraibana,Litoral Norte,8642.0,229876.0,59358.0,17194.0,106723.0,36591.0,26599.861143253875,0
2509339,Matinhas,PB,Paraíba,Nordeste,Agreste Paraibano,Brejo Paraibano,4528.0,54111.0,27425.0,15962.0,1769.0,7881.0,11950.309187279152,0
2509370,Mato Grosso,PB,Paraíba,Nordeste,Sertão Paraibano,Catolé do Rocha,2944.0,31916.0,19440.0,2106.0,1519.0,7611.0,10841.032608695652,0
2509396,Maturéia,PB,Paraíba,Nordeste,Sertão Paraibano,Serra do Teixeira,6690.0,61962.0,38333.0,3180.0,2602.0,15309.0,9261.88340807175,0
2509404,Mogeiro,PB,Paraíba,Nordeste,Agreste Paraibano,Itabaiana,13238.0,164588.0,76839.0,16307.0,24093.0,36262.0,12432.995920833962,0
2509503,Montadas,PB,Paraíba,Nordeste,Agreste Paraibano,Esperança,5806.0,55405.0,34287.0,7723.0,1753.0,10207.0,9542.714433344816,0
2509602,Monte Horebe,PB,Paraíba,Nordeste,Sertão Paraibano,Cajazeiras,4867.0,48173.0,31369.0,2846.0,2256.0,10217.0,9897.88370659544,0
2509701,Monteiro,PB,Paraíba,Nordeste,Borborema,Cariri Ocidental,33638.0,636488.0,189169.0,22162.0,30690.0,360370.0,18921.69570129021,1
2509800,Mulungu,PB,Paraíba,Nordeste,Agreste Paraibano,Guarabira,9962.0,98547.0,48934.0,22032.0,6193.0,16840.0,9892.290704677776,0
2509909,Natuba,PB,Paraíba,Nordeste,Agreste Paraibano,Umbuzeiro,10449.0,95639.0,58687.0,16161.0,3323.0,14881.0,9152.933295052158,0
2510006,Nazarezinho,PB,Paraíba,Nordeste,Sertão Paraibano,Sousa,7271.0,66198.0,38437.0,7746.0,3186.0,14249.0,9104.387291981846,0
2510105,Nova Floresta,PB,Paraíba,Nordeste,Agreste Paraibano,Curimataú Ocidental,10614.0,99828.0,59216.0,3152.0,3450.0,28866.0,9405.313736574337,0
2510204,Nova Olinda,PB,Paraíba,Nordeste,Sertão Paraibano,Piancó,5892.0,57973.0,34773.0,3855.0,2702.0,13878.0,9839.273591310252,0
2510303,Nova Palmeira,PB,Paraíba,Nordeste,Borborema,Seridó Oriental Paraibano,5011.0,49111.0,30436.0,2745.0,3457.0,10351.0,9800.6385950908,0
2510402,Olho d'Água,PB,Paraíba,Nordeste,Sertão Paraibano,Piancó,6399.0,62018.0,35702.0,8350.0,2904.0,12868.0,9691.82684794499,0
2510501,Olivedos,PB,Paraíba,Nordeste,Agreste Paraibano,Curimataú Ocidental,3989.0,43664.0,24903.0,6978.0,2468.0,8095.0,10946.10177989471,0
2510600,Ouro Velho,PB,Paraíba,Nordeste,Borborema,Cariri Ocidental,3052.0,38371.0,21179.0,4717.0,1569.0,9254.0,12572.411533420707,0
2510659,Parari,PB,Paraíba,Nordeste,Borborema,Cariri Ocidental,1747.0,21547.0,13609.0,1856.0,800.0,4530.0,12333.714939896969,0
2510709,Passagem,PB,Paraíba,Nordeste,Sertão Paraibano,Patos,2453.0,28935.0,17729.0,1879.0,1719.0,6461.0,11795.76029351814,0
2510808,Patos,PB,Paraíba,Nordeste,Sertão Paraibano,Patos,108766.0,1998302.0,546229.0,14352.0,173028.0,1023454.0,18372.48772594377,1
2510907,Paulista,PB,Paraíba,Nordeste,Sertão Paraibano,Sousa,12411.0,157586.0,63585.0,23784.0,19006.0,38673.0,12697.284666827814,0
2511004,Pedra Branca,PB,Paraíba,Nordeste,Sertão Paraibano,Itaporanga,3802.0,37568.0,23629.0,3345.0,1810.0,7436.0,9881.115202524988,0
2511103,Pedra Lavrada,PB,Paraíba,Nordeste,Borborema,Seridó Oriental Paraibano,7954.0,80276.0,45686.0,6478.0,10315.0,13948.0,10092.532059341213,0
2511202,Pedras de Fogo,PB,Paraíba,Nordeste,Mata Paraibana,Litoral Sul,28607.0,656966.0,168264.0,153169.0,96753.0,186255.0,22965.2183032125,1
2511301,Piancó,PB,Paraíba,Nordeste,Sertão Paraibano,Piancó,16147.0,206946.0,91887.0,18692.0,10798.0,71150.0,12816.37455874156,0
2511400,Picuí,PB,Paraíba,Nordeste,Borborema,Seridó Oriental Paraibano,18737.0,213731.0,101152.0,11646.0,9547.0,76116.0,11406.895447510276,0
2511509,Pilar,PB,Paraíba,Nordeste,Mata Paraibana,Sapé,12036.0,122047.0,67171.0,11480.0,5536.0,31635.0,10140.162844798935,0
2511608,Pilões,PB,Paraíba,Nordeste,Agreste Paraibano,Brejo Paraibano,6518.0,95609.0,35893.0,33291.0,4579.0,18297.0,14668.45658177355,0
2511707,Pilõezinhos,PB,Paraíba,Nordeste,Agreste Paraibano,Guarabira,4937.0,51324.0,27555.0,11725.0,2101.0,8651.0,10395.786915130646,0
2511806,Pirpirituba,PB,Paraíba,Nordeste,Agreste Paraibano,Guarabira,10590.0,95327.0,54675.0,7507.0,4174.0,25327.0,9001.605288007555,0
2511905,Pitimbu,PB,Paraíba,Nordeste,Mata Paraibana,Litoral Sul,19478.0,431304.0,117405.0,43314.0,113281.0,95872.0,22143.13584556936,0
2512002,Pocinhos,PB,Paraíba,Nordeste,Agreste Paraibano,Curimataú Ocidental,18848.0,285031.0,105215.0,88951.0,18107.0,61197.0,15122.61247877759,0
2512036,Poço Dantas,PB,Paraíba,Nordeste,Sertão Paraibano,Cajazeiras,3877.0,40318.0,25562.0,3274.0,1563.0,8438.0,10399.2777921073,0
2512077,Poço de José de Moura,PB,Paraíba,Nordeste,Sertão Paraibano,Cajazeiras,4366.0,46932.0,28718.0,4511.0,1844.0,10146.0,10749.42739349519,0
2512101,Pombal,PB,Paraíba,Nordeste,Sertão Paraibano,Sousa,32803.0,466596.0,180836.0,27228.0,30334.0,191429.0,14224.186812181812,1
2512200,Prata,PB,Paraíba,Nordeste,Borborema,Cariri Ocidental,4265.0,64814.0,27727.0,16497.0,5498.0,13004.0,15196.717467760844,0
2512309,Princesa Isabel,PB,Paraíba,Nordeste,Sertão Paraibano,Serra do Teixeira,23749.0,266954.0,113857.0,45002.0,11192.0,79292.0,11240.641711229946,0
2512408,Puxinanã,PB,Paraíba,Nordeste,Agreste Paraibano,Campina Grande,13801.0,138075.0,76600.0,13547.0,14424.0,26474.0,10004.709803637415,0
2512507,Queimadas,PB,Paraíba,Nordeste,Agreste Paraibano,Campina Grande,44388.0,607307.0,223214.0,27422.0,112383.0,178865.0,13681.783364873389,1
2512606,Quixaba,PB,Paraíba,Nordeste,Sertão Paraibano,Patos,2009.0,26818.0,17282.0,1635.0,1442.0,5582.0,13348.929815828771,0
2512705,Remígio,PB,Paraíba,Nordeste,Agreste Paraibano,Curimataú Ocidental,19973.0,181633.0,103858.0,10944.0,6630.0,49801.0,9093.926801181597,0
2512721,Pedro Régis,PB,Paraíba,Nordeste,Mata Paraibana,Litoral Norte,6139.0,57292.0,35909.0,6566.0,2254.0,10947.0,9332.464570777,0
2512747,Riachão,PB,Paraíba,Nordeste,Agreste Paraibano,Curimataú Oriental,3650.0,36562.0,24996.0,2388.0,1139.0,7088.0,10016.986301369863,0
2512754,Riachão do Bacamarte,PB,Paraíba,Nordeste,Agreste Paraibano,Itabaiana,4562.0,50199.0,30491.0,1801.0,1883.0,13643.0,11003.726435773784,0
2512762,Riachão do Poço,PB,Paraíba,Nordeste,Mata Paraibana,Sapé,4571.0,56334.0,29675.0,8042.0,3217.0,12920.0,12324.217895427695,0
2512788,Riacho de Santo Antônio,PB,Paraíba,Nordeste,Borborema,Cariri Oriental,1999.0,30616.0,18193.0,5426.0,879.0,5520.0,15315.657828914456,0
2512804,Riacho dos Cavalos,PB,Paraíba,Nordeste,Sertão Paraibano,Catolé do Rocha,8555.0,92854.0,50844.0,8910.0,4354.0,23748.0,10853.769725306838,0
2512903,Rio Tinto,PB,Paraíba,Nordeste,Mata Paraibana,Litoral Norte,24258.0,323318.0,138124.0,46338.0,36273.0,79034.0,13328.30406463847,0
2513000,Salgadinho,PB,Paraíba,Nordeste,Borborema,Seridó Ocidental Paraibano,3975.0,33513.0,24458.0,1472.0,1133.0,5656.0,8430.943396226416,0
2513109,Salgado de São Félix,PB,Paraíba,Nordeste,Agreste Paraibano,Itabaiana,12123.0,129057.0,69765.0,11873.0,19286.0,24238.0,10645.632269240286,0
2513158,Santa Cecília,PB,Paraíba,Nordeste,Agreste Paraibano,Umbuzeiro,6526.0,65826.0,39119.0,7980.0,2698.0,13790.0,10086.730003064664,0
2513208,Santa Cruz,PB,Paraíba,Nordeste,Sertão Paraibano,Sousa,6579.0,62329.0,35061.0,4957.0,3224.0,16040.0,9473.932208542332,0
2513307,Santa Helena,PB,Paraíba,Nordeste,Sertão Paraibano,Cajazeiras,5853.0,62387.0,33557.0,11351.0,2764.0,12506.0,10658.97830172561,0
2513356,Santa Inês,PB,Paraíba,Nordeste,Sertão Paraibano,Itaporanga,3591.0,36845.0,24029.0,4509.0,1117.0,6268.0,10260.373155109995,0
2513406,Santa Luzia,PB,Paraíba,Nordeste,Borborema,Seridó Ocidental Paraibano,15470.0,372903.0,82844.0,8873.0,158985.0,92741.0,24104.912734324495,0
2513505,Santana de Mangueira,PB,Paraíba,Nordeste,Sertão Paraibano,Itaporanga,5098.0,51164.0,31787.0,6583.0,1989.0,9405.0,10036.09258532758,0
2513604,Santana dos Garrotes,PB,Paraíba,Nordeste,Sertão Paraibano,Piancó,6942.0,67491.0,39046.0,8529.0,3687.0,13509.0,9722.126188418324,0
2513653,Joca Claudino,PB,Paraíba,Nordeste,Sertão Paraibano,Cajazeiras,2640.0,33077.0,21026.0,2126.0,1818.0,7083.0,12529.166666666666,0
2513703,Santa Rita,PB,Paraíba,Nordeste,Mata Paraibana,João Pessoa,138093.0,2580592.0,685912.0,89197.0,567741.0,883696.0,18687.348381163418,1
2513802,Santa Teresinha,PB,Paraíba,Nordeste,Sertão Paraibano,Patos,4550.0,57292.0,30097.0,9070.0,2677.0,12982.0,12591.648351648351,0
2513851,Santo André,PB,Paraíba,Nordeste,Borborema,Cariri Oriental,2496.0,29441.0,17850.0,2844.0,1153.0,6407.0,11795.272435897436,0
2513901,São Bento,PB,Paraíba,Nordeste,Sertão Paraibano,Catolé do Rocha,34650.0,568731.0,201738.0,11284.0,59434.0,226865.0,16413.593073593074,1
2513927,São Bentinho,PB,Paraíba,Nordeste,Sertão Paraibano,Sousa,4602.0,55647.0,28428.0,5280.0,4455.0,13080.0,12091.916558018253,0
2513943,São Domingos do Cariri,PB,Paraíba,Nordeste,Borborema,Cariri Oriental,2645.0,28821.0,18290.0,2266.0,1585.0,5798.0,10896.40831758034,0
2513968,São Domingos,PB,Paraíba,Nordeste,Sertão Paraibano,Sousa,3119.0,36270.0,21274.0,5313.0,1875.0,6304.0,11628.727156139788,0
2513984,São Francisco,PB,Paraíba,Nordeste,Sertão Paraibano,Sousa,3377.0,39305.0,21859.0,3797.0,1830.0,9584.0,11639.028723719275,0
2514008,São João do Cariri,PB,Paraíba,Nordeste,Borborema,Cariri Oriental,4170.0,55476.0,28287.0,9836.0,2651.0,12329.0,13303.59712230216,0
2514107,São João do Tigre,PB,Paraíba,Nordeste,Borborema,Cariri Ocidental,4408.0,41004.0,26607.0,4426.0,1174.0,7564.0,9302.1778584392,0
2514206,São José da Lagoa Tapada,PB,Paraíba,Nordeste,Sertão Paraibano,Sousa,7622.0,72192.0,39893.0,8924.0,4044.0,15844.0,9471.529782209394,0
2514305,São José de Caiana,PB,Paraíba,Nordeste,Sertão Paraibano,Itaporanga,6394.0,55708.0,36810.0,4645.0,2235.0,10156.0,8712.543009071003,0
2514404,São José de Espinharas,PB,Paraíba,Nordeste,Sertão Paraibano,Patos,4631.0,55035.0,28837.0,14036.0,2192.0,8507.0,11884.042323472251,0
2514453,São José dos Ramos,PB,Paraíba,Nordeste,Mata Paraibana,Sapé,6037.0,86773.0,36086.0,6117.0,29250.0,13449.0,14373.529898956434,0
2514503,São José de Piranhas,PB,Paraíba,Nordeste,Sertão Paraibano,Cajazeiras,20406.0,230936.0,111632.0,17526.0,14259.0,73005.0,11317.063608742526,0
2514552,São José de Princesa,PB,Paraíba,Nordeste,Sertão Paraibano,Serra do Teixeira,3898.0,34093.0,19476.0,7399.0,814.0,5195.0,8746.280143663416,0
2514602,São José do Bonfim,PB,Paraíba,Nordeste,Sertão Paraibano,Patos,3619.0,32491.0,20144.0,2424.0,1549.0,6906.0,8977.894445979553,0
2514651,São José do Brejo do Cruz,PB,Paraíba,Nordeste,Sertão Paraibano,Catolé do Rocha,1821.0,29166.0,16418.0,5009.0,1144.0,5784.0,16016.474464579902,0
2514701,São José do Sabugi,PB,Paraíba,Nordeste,Borborema,Seridó Ocidental Paraibano,4153.0,125303.0,26162.0,6658.0,71524.0,12815.0,30171.683120635684,0
2514800,São José dos Cordeiros,PB,Paraíba,Nordeste,Borborema,Cariri Ocidental,3607.0,37037.0,21056.0,3622.0,2902.0,7805.0,10268.089825339615,0
2514909,São Mamede,PB,Paraíba,Nordeste,Borborema,Seridó Ocidental Paraibano,7682.0,82591.0,41685.0,11361.0,5680.0,19232.0,10751.236657120542,0
2515005,São Miguel de Taipu,PB,Paraíba,Nordeste,Mata Paraibana,Sapé,7450.0,82966.0,40451.0,21896.0,3140.0,13594.0,11136.375838926177,0
2515104,São Sebastião de Lagoa de Roça,PB,Paraíba,Nordeste,Agreste Paraibano,Esperança,11793.0,106031.0,61465.0,12584.0,4885.0,22499.0,8991.011617060969,0
2515203,São Sebastião do Umbuzeiro,PB,Paraíba,Nordeste,Borborema,Cariri Ocidental,3534.0,40497.0,22459.0,6337.0,1362.0,8724.0,11459.25297113752,0
2515302,Sapé,PB,Paraíba,Nordeste,Mata Paraibana,Sapé,52977.0,677858.0,275256.0,53940.0,37121.0,250059.0,12795.32627366593,1
2515401,São Vicente do Seridó,PB,Paraíba,Nordeste,Borborema,Seridó Oriental Paraibano,10919.0,90035.0,60074.0,4336.0,3190.0,19129.0,8245.718472387582,0
2515500,Serra Branca,PB,Paraíba,Nordeste,Borborema,Cariri Ocidental,13807.0,148076.0,74003.0,6894.0,7421.0,49710.0,10724.704859853697,0
2515609,Serra da Raiz,PB,Paraíba,Nordeste,Agreste Paraibano,Guarabira,3114.0,37107.0,22242.0,4387.0,1701.0,7495.0,11916.184971098266,0
2515708,Serra Grande,PB,Paraíba,Nordeste,Sertão Paraibano,Itaporanga,2921.0,33251.0,20536.0,2385.0,1547.0,7554.0,11383.430332078056,0
2515807,Serra Redonda,PB,Paraíba,Nordeste,Agreste Paraibano,Campina Grande,7001.0,71258.0,38217.0,6032.0,9869.0,13923.0,10178.260248535924,0
2515906,Serraria,PB,Paraíba,Nordeste,Agreste Paraibano,Brejo Paraibano,6037.0,67798.0,34484.0,19576.0,2251.0,9782.0,11230.412456518136,0
2515930,Sertãozinho,PB,Paraíba,Nordeste,Agreste Paraibano,Guarabira,5152.0,55027.0,30225.0,7764.0,3020.0,11585.0,10680.70652173913,0
2515971,Sobrado,PB,Paraíba,Nordeste,Mata Paraibana,Sapé,7845.0,113089.0,45274.0,14061.0,5459.0,37406.0,14415.42383683875,0
2516003,Solânea,PB,Paraíba,Nordeste,Agreste Paraibano,Curimataú Oriental,26051.0,353670.0,138096.0,14042.0,20165.0,143755.0,13576.06233925761,0
2516102,Soledade,PB,Paraíba,Nordeste,Agreste Paraibano,Curimataú Ocidental,15211.0,253441.0,83305.0,26852.0,17968.0,107517.0,16661.69219643679,0
2516151,Sossêgo,PB,Paraíba,Nordeste,Agreste Paraibano,Curimataú Ocidental,3631.0,38789.0,25395.0,1779.0,1169.0,8958.0,10682.732029743873,0
2516201,Sousa,PB,Paraíba,Nordeste,Sertão Paraibano,Sousa,69997.0,1320173.0,338498.0,48495.0,148524.0,600178.0,18860.42258953955,1
2516300,Sumé,PB,Paraíba,Nordeste,Borborema,Cariri Ocidental,17096.0,201613.0,88064.0,16301.0,13987.0,66147.0,11792.992512868508,0
2516409,Tacima,PB,Paraíba,Nordeste,Agreste Paraibano,Curimataú Oriental,11024.0,91865.0,57466.0,10360.0,2338.0,18323.0,8333.182148040638,0
2516508,Taperoá,PB,Paraíba,Nordeste,Borborema,Cariri Ocidental,15505.0,139501.0,79123.0,16214.0,6997.0,31296.0,8997.162205740084,0
2516607,Tavares,PB,Paraíba,Nordeste,Sertão Paraibano,Serra do Teixeira,14791.0,140211.0,80806.0,12133.0,6712.0,33605.0,9479.480765330269,0
2516706,Teixeira,PB,Paraíba,Nordeste,Sertão Paraibano,Serra do Teixeira,15333.0,169461.0,85099.0,19488.0,10863.0,45817.0,11052.044609665429,0
2516755,Tenório,PB,Paraíba,Nordeste,Borborema,Seridó Oriental Paraibano,3103.0,34675.0,20746.0,2393.0,2661.0,7404.0,11174.66967450854,0
2516805,Triunfo,PB,Paraíba,Nordeste,Sertão Paraibano,Cajazeiras,9473.0,87702.0,49150.0,9613.0,3413.0,21263.0,9258.10197403146,0
2516904,Uiraúna,PB,Paraíba,Nordeste,Sertão Paraibano,Cajazeiras,15356.0,193071.0,83405.0,10425.0,9358.0,74776.0,12573.000781453504,0
2517001,Umbuzeiro,PB,Paraíba,Nordeste,Agreste Paraibano,Umbuzeiro,9914.0,91270.0,57629.0,9467.0,2949.0,18011.0,9206.17308856163,0
2517100,Várzea,PB,Paraíba,Nordeste,Borborema,Seridó Ocidental Paraibano,2870.0,37673.0,20789.0,5318.0,2206.0,7904.0,13126.480836236931,0
2517209,Vieirópolis,PB,Paraíba,Nordeste,Sertão Paraibano,Sousa,5395.0,52851.0,29964.0,4882.0,5209.0,10697.0,9796.292863762745,0
2517407,Zabelê,PB,Paraíba,Nordeste,Borborema,Cariri Ocidental,2269.0,27048.0,16127.0,2869.0,1045.0,5994.0,11920.66989863376,0
2600054,Abreu e Lima,PE,Pernambuco,Nordeste,Metropolitana de Recife,Recife,100698.0,1724258.0,421930.0,13674.0,396476.0,610997.0,17123.0610339828,1
2600104,Afogados da Ingazeira,PE,Pernambuco,Nordeste,Sertão Pernambucano,Pajeú,37546.0,541816.0,172519.0,9863.0,33955.0,268673.0,14430.724977361104,1
2600203,Afrânio,PE,Pernambuco,Nordeste,São Francisco Pernambucano,Petrolina,19981.0,209815.0,94701.0,17293.0,7426.0,71102.0,10500.725689404935,0
2600302,Agrestina,PE,Pernambuco,Nordeste,Agreste Pernambucano,Brejo Pernambucano,25240.0,352858.0,128628.0,62108.0,39094.0,99115.0,13980.110935023771,0
2600401,Água Preta,PE,Pernambuco,Nordeste,Mata Pernambucana,Mata Meridional Pernambucana,37386.0,259866.0,161166.0,20762.0,6278.0,61329.0,6950.890707751565,0
2600500,Águas Belas,PE,Pernambuco,Nordeste,Agreste Pernambucano,Vale do Ipanema,43923.0,401111.0,187522.0,45481.0,10290.0,126114.0,9132.14033649796,0
2600609,Alagoinha,PE,Pernambuco,Nordeste,Agreste Pernambucano,Vale do Ipojuca,14798.0,144945.0,68679.0,30535.0,4103.0,35859.0,9794.904716853627,0
2600708,Aliança,PE,Pernambuco,Nordeste,Mata Pernambucana,Mata Setentrional Pernambucana,38408.0,413314.0,178065.0,105474.0,16448.0,98029.0,10761.14351176838,0
2600807,Altinho,PE,Pernambuco,Nordeste,Agreste Pernambucano,Brejo Pernambucano,22996.0,222589.0,102779.0,24053.0,8599.0,73319.0,9679.465994085927,0
2600906,Amaraji,PE,Pernambuco,Nordeste,Mata Pernambucana,Mata Meridional Pernambucana,22910.0,294407.0,109221.0,101906.0,11652.0,60038.0,12850.58926233086,0
2601003,Angelim,PE,Pernambuco,Nordeste,Agreste Pernambucano,Garanhuns,11301.0,142260.0,57190.0,49336.0,5113.0,26107.0,12588.266525086276,0
2601052,Araçoiaba,PE,Pernambuco,Nordeste,Metropolitana de Recife,Itamaracá,20936.0,161884.0,100370.0,7018.0,4436.0,42533.0,7732.32709209018,0
2601102,Araripina,PE,Pernambuco,Nordeste,Sertão Pernambucano,Araripina,85301.0,1272092.0,379730.0,48235.0,282611.0,447586.0,14912.97874585292,1
2601201,Arcoverde,PE,Pernambuco,Nordeste,Sertão Pernambucano,Sertão do Moxotó,75295.0,1215383.0,327799.0,13672.0,117925.0,610999.0,16141.616309183875,1
2601300,Barra de Guabiraba,PE,Pernambuco,Nordeste,Agreste Pernambucano,Brejo Pernambucano,14632.0,146943.0,74157.0,30777.0,5941.0,30295.0,10042.57791142701,0
2601409,Barreiros,PE,Pernambuco,Nordeste,Mata Pernambucana,Mata Meridional Pernambucana,42866.0,503988.0,221496.0,16421.0,21622.0,202413.0,11757.290160033594,1
2601508,Belém de Maria,PE,Pernambuco,Nordeste,Mata Pernambucana,Mata Meridional Pernambucana,12169.0,99499.0,57078.0,12693.0,2984.0,22921.0,8176.431917166571,0
2601607,Belém do São Francisco,PE,Pernambuco,Nordeste,São Francisco Pernambucano,Itaparica,20730.0,366293.0,100136.0,156895.0,11327.0,81817.0,17669.705740472746,0
2601706,Belo Jardim,PE,Pernambuco,Nordeste,Agreste Pernambucano,Vale do Ipojuca,76930.0,2765036.0,374979.0,181576.0,968962.0,807522.0,35942.23319901209,1
2601805,Betânia,PE,Pernambuco,Nordeste,Sertão Pernambucano,Sertão do Moxotó,12811.0,105307.0,67430.0,5784.0,3318.0,24611.0,8220.045273593007,0
2601904,Bezerros,PE,Pernambuco,Nordeste,Agreste Pernambucano,Vale do Ipojuca,60960.0,962826.0,291303.0,25870.0,184472.0,359491.0,15794.389763779527,1
2602001,Bodocó,PE,Pernambuco,Nordeste,Sertão Pernambucano,Araripina,38605.0,317010.0,158867.0,62861.0,8800.0,72933.0,8211.630617795623,0
2602100,Bom Conselho,PE,Pernambuco,Nordeste,Agreste Pernambucano,Garanhuns,48975.0,643151.0,207847.0,124941.0,85243.0,177311.0,13132.230729964269,1
2602209,Bom Jardim,PE,Pernambuco,Nordeste,Agreste Pernambucano,Médio Capibaribe,40038.0,366988.0,174834.0,45994.0,25156.0,100591.0,9165.992307308055,0
2602308,Bonito,PE,Pernambuco,Nordeste,Agreste Pernambucano,Brejo Pernambucano,38101.0,539340.0,176366.0,108609.0,70047.0,146970.0,14155.533975486209,1
2602407,Brejão,PE,Pernambuco,Nordeste,Agreste Pernambucano,Garanhuns,8981.0,183679.0,49076.0,91150.0,3790.0,27395.0,20451.954125375796,0
2602506,Brejinho,PE,Pernambuco,Nordeste,Sertão Pernambucano,Pajeú,7489.0,83879.0,42874.0,5968.0,13459.0,18541.0,11200.293764187474,0
2602605,Brejo da Madre de Deus,PE,Pernambuco,Nordeste,Agreste Pernambucano,Vale do Ipojuca,51696.0,461357.0,245304.0,10778.0,20873.0,145992.0,8924.423553079541,0
2602704,Buenos Aires,PE,Pernambuco,Nordeste,Mata Pernambucana,Mata Setentrional Pernambucana,13224.0,133152.0,68988.0,21973.0,7292.0,30504.0,10068.96551724138,0
2602803,Buíque,PE,Pernambuco,Nordeste,Agreste Pernambucano,Vale do Ipanema,59448.0,549015.0,272593.0,102417.0,12646.0,134023.0,9235.213968510294,1
2602902,Cabo de Santo Agostinho,PE,Pernambuco,Nordeste,Metropolitana de Recife,Suape,210796.0,13706389.0,1144312.0,69213.0,4050765.0,4924609.0,65022.05449818782,1
2603009,Cabrobó,PE,Pernambuco,Nordeste,São Francisco Pernambucano,Petrolina,34778.0,440863.0,159879.0,47081.0,16916.0,164995.0,12676.490885042267,0
2603108,Cachoeirinha,PE,Pernambuco,Nordeste,Agreste Pernambucano,Vale do Ipojuca,20618.0,254369.0,90916.0,35192.0,9398.0,95737.0,12337.22960519934,0
2603207,Caetés,PE,Pernambuco,Nordeste,Agreste Pernambucano,Garanhuns,29065.0,423727.0,137035.0,44979.0,175968.0,52999.0,14578.599690349218,0
2603306,Calçado,PE,Pernambuco,Nordeste,Agreste Pernambucano,Garanhuns,10983.0,115299.0,56768.0,31529.0,2936.0,20932.0,10497.951379404534,0
2603405,Calumbi,PE,Pernambuco,Nordeste,Sertão Pernambucano,Pajeú,5744.0,50300.0,30768.0,1708.0,1484.0,13612.0,8756.963788300836,0
2603454,Camaragibe,PE,Pernambuco,Nordeste,Metropolitana de Recife,Recife,159945.0,2229680.0,717766.0,26089.0,118835.0,1015256.0,13940.291975366532,1
2603504,Camocim de São Félix,PE,Pernambuco,Nordeste,Agreste Pernambucano,Brejo Pernambucano,19032.0,181161.0,83666.0,16528.0,9385.0,58741.0,9518.7578814628,0
2603603,Camutanga,PE,Pernambuco,Nordeste,Mata Pernambucana,Mata Setentrional Pernambucana,8592.0,285369.0,49240.0,13985.0,126305.0,68762.0,33213.33798882682,0
2603702,Canhotinho,PE,Pernambuco,Nordeste,Agreste Pernambucano,Garanhuns,24743.0,253171.0,123340.0,43542.0,10323.0,64365.0,10232.02521925393,0
2603801,Capoeiras,PE,Pernambuco,Nordeste,Agreste Pernambucano,Vale do Ipojuca,20048.0,244054.0,96793.0,52971.0,24733.0,56871.0,12173.483639265762,0
2603900,Carnaíba,PE,Pernambuco,Nordeste,Sertão Pernambucano,Pajeú,19666.0,193546.0,98087.0,20365.0,12023.0,51998.0,9841.655649344046,0
2603926,Carnaubeira da Penha,PE,Pernambuco,Nordeste,São Francisco Pernambucano,Itaparica,13117.0,83423.0,55115.0,7658.0,1394.0,15858.0,6359.914614622246,0
2604007,Carpina,PE,Pernambuco,Nordeste,Mata Pernambucana,Mata Setentrional Pernambucana,85131.0,1744915.0,386929.0,40159.0,302036.0,783577.0,20496.822544079125,1
2604106,Caruaru,PE,Pernambuco,Nordeste,Agreste Pernambucano,Vale do Ipojuca,369343.0,8663525.0,1669301.0,165520.0,1067237.0,4439363.0,23456.58371757418,1
2604155,Casinhas,PE,Pernambuco,Nordeste,Agreste Pernambucano,Alto Capibaribe,14395.0,101521.0,68620.0,7236.0,2617.0,20097.0,7052.518235498437,0
2604205,Catende,PE,Pernambuco,Nordeste,Mata Pernambucana,Mata Meridional Pernambucana,43778.0,360566.0,195965.0,11198.0,15711.0,116258.0,8236.237379505688,0
2604304,Cedro,PE,Pernambuco,Nordeste,Sertão Pernambucano,Salgueiro,11972.0,125401.0,61835.0,27213.0,4137.0,27929.0,10474.523889074508,0
2604403,Chã de Alegria,PE,Pernambuco,Nordeste,Mata Pernambucana,Vitória de Santo Antão,13641.0,168758.0,68984.0,29625.0,13027.0,47726.0,12371.380397331572,0
2604502,Chã Grande,PE,Pernambuco,Nordeste,Mata Pernambucana,Vitória de Santo Antão,21929.0,251193.0,114852.0,33317.0,10814.0,76189.0,11454.831501664465,0
2604601,Condado,PE,Pernambuco,Nordeste,Mata Pernambucana,Mata Setentrional Pernambucana,26755.0,250915.0,122288.0,32257.0,9473.0,73093.0,9378.24705662493,0
2604700,Correntes,PE,Pernambuco,Nordeste,Agreste Pernambucano,Garanhuns,18327.0,192016.0,88523.0,60169.0,4808.0,32770.0,10477.219403066514,0
2604809,Cortês,PE,Pernambuco,Nordeste,Mata Pernambucana,Mata Meridional Pernambucana,12543.0,121502.0,72048.0,11975.0,4821.0,28394.0,9686.837279757634,0
2604908,Cumaru,PE,Pernambuco,Nordeste,Agreste Pernambucano,Médio Capibaribe,9494.0,109260.0,56031.0,11219.0,5134.0,29387.0,11508.321044870445,0
2605004,Cupira,PE,Pernambuco,Nordeste,Agreste Pernambucano,Brejo Pernambucano,24237.0,283576.0,123785.0,15728.0,28537.0,97104.0,11700.127903618437,0
2605103,Custódia,PE,Pernambuco,Nordeste,Sertão Pernambucano,Sertão do Moxotó,37633.0,593880.0,209659.0,32084.0,76582.0,216257.0,15780.830653947334,1
2605152,Dormentes,PE,Pernambuco,Nordeste,São Francisco Pernambucano,Petrolina,19246.0,246023.0,90644.0,17771.0,8870.0,89965.0,12783.071807128754,0
2605202,Escada,PE,Pernambuco,Nordeste,Mata Pernambucana,Mata Meridional Pernambucana,69701.0,1306431.0,311638.0,77709.0,349087.0,422778.0,18743.36092738985,1
2605301,Exu,PE,Pernambuco,Nordeste,Sertão Pernambucano,Araripina,31709.0,325117.0,150969.0,60075.0,8748.0,89470.0,10253.145794569366,0
2605400,Feira Nova,PE,Pernambuco,Nordeste,Agreste Pernambucano,Médio Capibaribe,22360.0,247550.0,108805.0,14378.0,25113.0,77965.0,11071.109123434704,0
2605459,Fernando de Noronha,PE,Pernambuco,Nordeste,Metropolitana de Recife,Fernando de Noronha,3140.0,229561.0,9420.0,849.0,10187.0,180902.0,73108.59872611465,0
2605509,Ferreiros,PE,Pernambuco,Nordeste,Mata Pernambucana,Mata Setentrional Pernambucana,12216.0,132503.0,60574.0,21697.0,6636.0,36666.0,10846.676489849378,0
2605608,Flores,PE,Pernambuco,Nordeste,Sertão Pernambucano,Pajeú,22612.0,192902.0,101411.0,15377.0,17149.0,48180.0,8530.957013974881,0
2605707,Floresta,PE,Pernambuco,Nordeste,São Francisco Pernambucano,Itaparica,33488.0,445213.0,165535.0,18941.0,28615.0,172521.0,13294.702580028666,0
2605806,Frei Miguelinho,PE,Pernambuco,Nordeste,Agreste Pernambucano,Alto Capibaribe,15633.0,131441.0,77013.0,6491.0,6612.0,35307.0,8407.919145397556,0
2605905,Gameleira,PE,Pernambuco,Nordeste,Mata Pernambucana,Mata Meridional Pernambucana,31578.0,274258.0,147718.0,55530.0,5669.0,56880.0,8685.097219583255,0
2606002,Garanhuns,PE,Pernambuco,Nordeste,Agreste Pernambucano,Garanhuns,141347.0,3077112.0,628044.0,104364.0,308913.0,1630539.0,21769.913758339408,1
2606101,Glória do Goitá,PE,Pernambuco,Nordeste,Mata Pernambucana,Vitória de Santo Antão,30847.0,554616.0,149540.0,41771.0,154864.0,147099.0,17979.576620092717,1
2606200,Goiana,PE,Pernambuco,Nordeste,Mata Pernambucana,Mata Setentrional Pernambucana,80345.0,10662964.0,492782.0,247063.0,5131372.0,2017569.0,132714.7177795756,1
2606309,Granito,PE,Pernambuco,Nordeste,Sertão Pernambucano,Araripina,7586.0,78432.0,39368.0,15881.0,2907.0,17138.0,10339.045610334828,0
2606408,Gravatá,PE,Pernambuco,Nordeste,Agreste Pernambucano,Vale do Ipojuca,85309.0,1359681.0,397991.0,46950.0,167548.0,605845.0,15938.306626498965,1
2606507,Iati,PE,Pernambuco,Nordeste,Agreste Pernambucano,Garanhuns,19284.0,195800.0,98230.0,46075.0,3375.0,41199.0,10153.495125492636,0
2606606,Ibimirim,PE,Pernambuco,Nordeste,Sertão Pernambucano,Sertão do Moxotó,29585.0,330119.0,133008.0,99352.0,8579.0,75392.0,11158.323474733816,0
2606705,Ibirajuba,PE,Pernambuco,Nordeste,Agreste Pernambucano,Brejo Pernambucano,7773.0,85527.0,44570.0,17815.0,2186.0,17772.0,11003.087610961018,0
2606804,Igarassu,PE,Pernambuco,Nordeste,Metropolitana de Recife,Itamaracá,119690.0,3471427.0,565015.0,65720.0,1118978.0,1156041.0,29003.4840003342,1
2606903,Iguaracy,PE,Pernambuco,Nordeste,Sertão Pernambucano,Pajeú,12265.0,112369.0,59377.0,18880.0,3305.0,26011.0,9161.76110884631,0
2607000,Inajá,PE,Pernambuco,Nordeste,Sertão Pernambucano,Sertão do Moxotó,24034.0,196880.0,107711.0,21351.0,7336.0,48665.0,8191.728384788216,0
2607109,Ingazeira,PE,Pernambuco,Nordeste,Sertão Pernambucano,Pajeú,4537.0,50497.0,29218.0,7080.0,1506.0,11102.0,11130.041877892882,0
2607208,Ipojuca,PE,Pernambuco,Nordeste,Metropolitana de Recife,Suape,99101.0,14929346.0,869625.0,189929.0,7078373.0,3544329.0,150647.78357433327,1
2607307,Ipubi,PE,Pernambuco,Nordeste,Sertão Pernambucano,Araripina,31515.0,340374.0,146624.0,17123.0,68366.0,88116.0,10800.3807710614,0
2607406,Itacuruba,PE,Pernambuco,Nordeste,São Francisco Pernambucano,Itaparica,5013.0,71286.0,42351.0,8434.0,2303.0,15873.0,14220.227408737284,0
2607505,Itaíba,PE,Pernambuco,Nordeste,Agreste Pernambucano,Vale do Ipanema,26268.0,283413.0,128630.0,58431.0,7146.0,75347.0,10789.287345820008,0
2607604,Ilha de Itamaracá,PE,Pernambuco,Nordeste,Metropolitana de Recife,Itamaracá,27076.0,299232.0,136525.0,7123.0,25330.0,111365.0,11051.55857586054,0
2607653,Itambé,PE,Pernambuco,Nordeste,Mata Pernambucana,Mata Setentrional Pernambucana,36495.0,522657.0,175375.0,97936.0,17690.0,185377.0,14321.331689272503,1
2607703,Itapetim,PE,Pernambuco,Nordeste,Sertão Pernambucano,Pajeú,13492.0,139873.0,71778.0,18359.0,5773.0,37999.0,10367.10643344204,0
2607752,Itapissuma,PE,Pernambuco,Nordeste,Metropolitana de Recife,Itamaracá,27144.0,2383641.0,166573.0,30023.0,1129463.0,550803.0,87814.6551724138,1
2607802,Itaquitinga,PE,Pernambuco,Nordeste,Mata Pernambucana,Mata Setentrional Pernambucana,17056.0,160857.0,80872.0,33642.0,7539.0,33463.0,9431.109287054407,0
2607901,Jaboatão dos Guararapes,PE,Pernambuco,Nordeste,Metropolitana de Recife,Recife,711330.0,16133556.0,2851983.0,92991.0,2312757.0,7568042.0,22680.83168149804,1
2607950,Jaqueira,PE,Pernambuco,Nordeste,Mata Pernambucana,Mata Meridional Pernambucana,11632.0,111801.0,69232.0,8838.0,3524.0,26019.0,9611.502751031638,0
2608008,Jataúba,PE,Pernambuco,Nordeste,Agreste Pernambucano,Vale do Ipojuca,17305.0,154862.0,89101.0,12988.0,4096.0,41388.0,8948.97428488876,0
2608057,Jatobá,PE,Pernambuco,Nordeste,São Francisco Pernambucano,Itaparica,14904.0,153793.0,79367.0,15671.0,6098.0,42334.0,10318.907675791734,0
2608107,João Alfredo,PE,Pernambuco,Nordeste,Agreste Pernambucano,Médio Capibaribe,33570.0,316644.0,151805.0,9822.0,42103.0,92028.0,9432.350312779266,0
2608206,Joaquim Nabuco,PE,Pernambuco,Nordeste,Mata Pernambucana,Mata Meridional Pernambucana,15999.0,181310.0,78406.0,8706.0,39952.0,41871.0,11332.583286455403,0
2608255,Jucati,PE,Pernambuco,Nordeste,Agreste Pernambucano,Garanhuns,11545.0,129270.0,61343.0,37315.0,3038.0,24154.0,11197.05500216544,0
2608305,Jupi,PE,Pernambuco,Nordeste,Agreste Pernambucano,Garanhuns,15007.0,214224.0,84754.0,56131.0,17411.0,47414.0,14274.938362097688,0
2608404,Jurema,PE,Pernambuco,Nordeste,Agreste Pernambucano,Garanhuns,15483.0,132840.0,78475.0,16174.0,4550.0,29335.0,8579.73260995931,0
2608453,Lagoa do Carro,PE,Pernambuco,Nordeste,Mata Pernambucana,Mata Setentrional Pernambucana,18429.0,300635.0,104143.0,85625.0,11199.0,78057.0,16313.147756253731,0
2608503,Lagoa de Itaenga,PE,Pernambuco,Nordeste,Mata Pernambucana,Mata Setentrional Pernambucana,21490.0,482859.0,119740.0,33368.0,162881.0,127273.0,22469.008841321545,1
2608602,Lagoa do Ouro,PE,Pernambuco,Nordeste,Agreste Pernambucano,Garanhuns,13300.0,139223.0,69552.0,34520.0,3195.0,27305.0,10467.894736842103,0
2608701,Lagoa dos Gatos,PE,Pernambuco,Nordeste,Agreste Pernambucano,Brejo Pernambucano,16345.0,135443.0,75588.0,21770.0,4985.0,28229.0,8286.509635974304,0
2608750,Lagoa Grande,PE,Pernambuco,Nordeste,São Francisco Pernambucano,Petrolina,26090.0,456844.0,129089.0,153715.0,32672.0,109355.0,17510.310463779228,1
2608800,Lajedo,PE,Pernambuco,Nordeste,Agreste Pernambucano,Garanhuns,40883.0,585576.0,203222.0,56559.0,30779.0,231429.0,14323.215028251352,1
2608909,Limoeiro,PE,Pernambuco,Nordeste,Agreste Pernambucano,Médio Capibaribe,56149.0,838343.0,259225.0,38356.0,68987.0,382509.0,14930.684428930168,1
2609006,Macaparana,PE,Pernambuco,Nordeste,Mata Pernambucana,Mata Setentrional Pernambucana,25565.0,283578.0,126121.0,33241.0,11436.0,89975.0,11092.431058087228,0
2609105,Machados,PE,Pernambuco,Nordeste,Agreste Pernambucano,Médio Capibaribe,16549.0,216295.0,78645.0,33081.0,40947.0,49813.0,13069.974016556893,0
2609154,Manari,PE,Pernambuco,Nordeste,Sertão Pernambucano,Sertão do Moxotó,22110.0,139153.0,98892.0,8681.0,3322.0,24511.0,6293.66802351877,0
2609204,Maraial,PE,Pernambuco,Nordeste,Mata Pernambucana,Mata Meridional Pernambucana,11098.0,92490.0,62162.0,5645.0,2337.0,19995.0,8333.93404216976,0
2609303,Mirandiba,PE,Pernambuco,Nordeste,Sertão Pernambucano,Salgueiro,15548.0,163406.0,73440.0,8121.0,8569.0,58173.0,10509.776177000258,0
2609402,Moreno,PE,Pernambuco,Nordeste,Metropolitana de Recife,Recife,63792.0,892506.0,283920.0,64912.0,175308.0,279647.0,13990.876598946576,1
2609501,Nazaré da Mata,PE,Pernambuco,Nordeste,Mata Pernambucana,Mata Setentrional Pernambucana,32673.0,688468.0,176066.0,55048.0,144044.0,235329.0,21071.46573623481,1
2609600,Olinda,PE,Pernambuco,Nordeste,Metropolitana de Recife,Recife,393734.0,5788250.0,1567961.0,3884.0,633838.0,2887532.0,14700.914830824871,1
2609709,Orobó,PE,Pernambuco,Nordeste,Agreste Pernambucano,Médio Capibaribe,23985.0,398794.0,108895.0,193174.0,7939.0,72462.0,16626.808421930375,0
2609808,Orocó,PE,Pernambuco,Nordeste,São Francisco Pernambucano,Petrolina,15309.0,186448.0,81708.0,50997.0,7424.0,35426.0,12178.979685152524,0
2609907,Ouricuri,PE,Pernambuco,Nordeste,Sertão Pernambucano,Araripina,70466.0,780513.0,305462.0,35603.0,70981.0,302230.0,11076.448216160985,1
2610004,Palmares,PE,Pernambuco,Nordeste,Mata Pernambucana,Mata Meridional Pernambucana,63745.0,924146.0,284687.0,18402.0,29520.0,484185.0,14497.544905482782,1
2610103,Palmeirina,PE,Pernambuco,Nordeste,Agreste Pernambucano,Garanhuns,7509.0,79959.0,43319.0,17351.0,2171.0,15334.0,10648.421893727527,0
2610202,Panelas,PE,Pernambuco,Nordeste,Agreste Pernambucano,Brejo Pernambucano,26438.0,229556.0,135396.0,21253.0,6740.0,58067.0,8682.805053332324,0
2610301,Paranatama,PE,Pernambuco,Nordeste,Agreste Pernambucano,Garanhuns,11608.0,285773.0,69932.0,21883.0,153064.0,30355.0,24618.625086147484,0
2610400,Parnamirim,PE,Pernambuco,Nordeste,Sertão Pernambucano,Salgueiro,22198.0,213190.0,104874.0,16420.0,7707.0,66876.0,9604.018380034237,0
2610509,Passira,PE,Pernambuco,Nordeste,Agreste Pernambucano,Médio Capibaribe,28856.0,264547.0,144898.0,14458.0,9030.0,81096.0,9167.833379539785,0
2610608,Paudalho,PE,Pernambuco,Nordeste,Mata Pernambucana,Mata Setentrional Pernambucana,57346.0,926328.0,262252.0,358993.0,55295.0,204608.0,16153.314965298365,1
2610707,Paulista,PE,Pernambuco,Nordeste,Metropolitana de Recife,Recife,336919.0,5591652.0,1401680.0,14675.0,796496.0,2620163.0,16596.428221620034,1
2610806,Pedra,PE,Pernambuco,Nordeste,Agreste Pernambucano,Vale do Ipanema,22716.0,306398.0,99801.0,51635.0,76902.0,58877.0,13488.20214826554,0
2610905,Pesqueira,PE,Pernambuco,Nordeste,Agreste Pernambucano,Vale do Ipojuca,68067.0,869651.0,323233.0,48340.0,83534.0,318475.0,12776.39678552015,1
2611002,Petrolândia,PE,Pernambuco,Nordeste,São Francisco Pernambucano,Itaparica,37246.0,1675876.0,188181.0,62540.0,1104722.0,266999.0,44994.79138699458,1
2611101,Petrolina,PE,Pernambuco,Nordeste,São Francisco Pernambucano,Petrolina,359372.0,7994040.0,1759674.0,835938.0,916340.0,3494362.0,22244.47091036586,1
2611200,Poção,PE,Pernambuco,Nordeste,Agreste Pernambucano,Vale do Ipojuca,11308.0,102107.0,58438.0,6609.0,2933.0,28285.0,9029.625044216484,0
2611309,Pombos,PE,Pernambuco,Nordeste,Mata Pernambucana,Vitória de Santo Antão,27204.0,532583.0,135475.0,67006.0,110827.0,161893.0,19577.37832671666,1
2611408,Primavera,PE,Pernambuco,Nordeste,Mata Pernambucana,Mata Meridional Pernambucana,15231.0,291696.0,84483.0,59752.0,71466.0,59295.0,19151.46740200906,0
2611507,Quipapá,PE,Pernambuco,Nordeste,Mata Pernambucana,Mata Meridional Pernambucana,26309.0,192325.0,115875.0,15841.0,5762.0,45538.0,7310.236040898551,0
2611533,Quixaba,PE,Pernambuco,Nordeste,Sertão Pernambucano,Pajeú,6796.0,67064.0,36973.0,8922.0,1804.0,16748.0,9868.157739846967,0
2611606,Recife,PE,Pernambuco,Nordeste,Metropolitana de Recife,Recife,1661017.0,54970302.0,7699937.0,60088.0,6208334.0,31199526.0,33094.36447670313,1
2611705,Riacho das Almas,PE,Pernambuco,Nordeste,Agreste Pernambucano,Vale do Ipojuca,20744.0,260563.0,102213.0,66166.0,15962.0,62353.0,12560.885075202468,0
2611804,Ribeirão,PE,Pernambuco,Nordeste,Mata Pernambucana,Mata Meridional Pernambucana,47813.0,576407.0,223018.0,97905.0,50220.0,167869.0,12055.445171815196,1
2611903,Rio Formoso,PE,Pernambuco,Nordeste,Mata Pernambucana,Mata Meridional Pernambucana,23719.0,379871.0,130139.0,74281.0,65189.0,89161.0,16015.47282769088,0
2612000,Sairé,PE,Pernambuco,Nordeste,Agreste Pernambucano,Brejo Pernambucano,9600.0,176225.0,55877.0,59072.0,6481.0,45927.0,18356.77083333333,0
2612109,Salgadinho,PE,Pernambuco,Nordeste,Agreste Pernambucano,Médio Capibaribe,11214.0,80938.0,53611.0,5196.0,1847.0,17333.0,7217.585161405386,0
2612208,Salgueiro,PE,Pernambuco,Nordeste,Sertão Pernambucano,Salgueiro,61561.0,1002105.0,285642.0,15847.0,72095.0,492140.0,16278.244343009374,1
2612307,Saloá,PE,Pernambuco,Nordeste,Agreste Pernambucano,Garanhuns,15880.0,171051.0,82268.0,30621.0,8384.0,41102.0,10771.47355163728,0
2612406,Sanharó,PE,Pernambuco,Nordeste,Agreste Pernambucano,Vale do Ipojuca,27308.0,248264.0,126197.0,30097.0,9987.0,67495.0,9091.255309799326,0
2612455,Santa Cruz,PE,Pernambuco,Nordeste,Sertão Pernambucano,Araripina,15713.0,133592.0,78124.0,14997.0,3764.0,30544.0,8502.00470947623,0
2612471,Santa Cruz da Baixa Verde,PE,Pernambuco,Nordeste,Sertão Pernambucano,Pajeú,12708.0,113554.0,63680.0,5568.0,5999.0,31413.0,8935.631098520616,0
2612505,Santa Cruz do Capibaribe,PE,Pernambuco,Nordeste,Agreste Pernambucano,Alto Capibaribe,111812.0,1925734.0,482340.0,4629.0,228825.0,886124.0,17222.963545952134,1
2612554,Santa Filomena,PE,Pernambuco,Nordeste,Sertão Pernambucano,Araripina,14645.0,111830.0,69532.0,10157.0,4374.0,23547.0,7636.053260498464,0
2612604,Santa Maria da Boa Vista,PE,Pernambuco,Nordeste,São Francisco Pernambucano,Petrolina,42266.0,564000.0,207750.0,187333.0,23886.0,116386.0,13344.05905455922,1
2612703,Santa Maria do Cambucá,PE,Pernambuco,Nordeste,Agreste Pernambucano,Alto Capibaribe,14308.0,122262.0,69537.0,2730.0,7417.0,35001.0,8545.009784735812,0
2612802,Santa Terezinha,PE,Pernambuco,Nordeste,Sertão Pernambucano,Pajeú,11914.0,114824.0,58565.0,9066.0,9968.0,30704.0,9637.737115997985,0
2612901,São Benedito do Sul,PE,Pernambuco,Nordeste,Mata Pernambucana,Mata Meridional Pernambucana,16239.0,117017.0,79430.0,8696.0,2824.0,22833.0,7205.924010099144,0
2613008,São Bento do Una,PE,Pernambuco,Nordeste,Agreste Pernambucano,Vale do Ipojuca,60567.0,1485706.0,279074.0,917838.0,46600.0,195298.0,24529.95855829082,1
2613107,São Caitano,PE,Pernambuco,Nordeste,Agreste Pernambucano,Vale do Ipojuca,37488.0,447679.0,173176.0,34278.0,49095.0,144390.0,11941.928083653436,1
2613206,São João,PE,Pernambuco,Nordeste,Agreste Pernambucano,Garanhuns,23002.0,390211.0,114242.0,166128.0,12309.0,79225.0,16964.220502564993,0
2613305,São Joaquim do Monte,PE,Pernambuco,Nordeste,Agreste Pernambucano,Brejo Pernambucano,21439.0,185467.0,107462.0,17395.0,6234.0,46770.0,8650.916553943747,0
2613404,São José da Coroa Grande,PE,Pernambuco,Nordeste,Mata Pernambucana,Mata Meridional Pernambucana,21868.0,291007.0,112779.0,12899.0,12477.0,122077.0,13307.435522224254,0
2613503,São José do Belmonte,PE,Pernambuco,Nordeste,Sertão Pernambucano,Salgueiro,34082.0,341544.0,151805.0,21216.0,28856.0,110236.0,10021.24288480723,0
2613602,São José do Egito,PE,Pernambuco,Nordeste,Sertão Pernambucano,Pajeú,34210.0,441117.0,160246.0,66852.0,22212.0,151818.0,12894.38760596317,0
2613701,São Lourenço da Mata,PE,Pernambuco,Nordeste,Metropolitana de Recife,Recife,114910.0,1444200.0,494196.0,48159.0,229189.0,523610.0,12568.096771386305,1
2613800,São Vicente Férrer,PE,Pernambuco,Nordeste,Agreste Pernambucano,Médio Capibaribe,18150.0,209528.0,90634.0,45370.0,7005.0,53267.0,11544.242424242424,0
2613909,Serra Talhada,PE,Pernambuco,Nordeste,Sertão Pernambucano,Pajeú,87467.0,1693347.0,429764.0,49590.0,143768.0,813011.0,19359.838567688385,1
2614006,Serrita,PE,Pernambuco,Nordeste,Sertão Pernambucano,Salgueiro,19226.0,161153.0,95559.0,22085.0,3967.0,34130.0,8382.034744616665,0
2614105,Sertânia,PE,Pernambuco,Nordeste,Sertão Pernambucano,Sertão do Moxotó,36189.0,367389.0,172283.0,16355.0,18932.0,121836.0,10151.95225068391,0
2614204,Sirinhaém,PE,Pernambuco,Nordeste,Mata Pernambucana,Mata Meridional Pernambucana,46845.0,722495.0,225502.0,150069.0,127952.0,172543.0,15423.097449034049,1
2614303,Moreilândia,PE,Pernambuco,Nordeste,Sertão Pernambucano,Araripina,11269.0,90987.0,52600.0,11665.0,2124.0,21194.0,8074.09708048629,0
2614402,Solidão,PE,Pernambuco,Nordeste,Sertão Pernambucano,Pajeú,6034.0,56661.0,35516.0,6880.0,1310.0,11354.0,9390.288365926415,0
2614501,Surubim,PE,Pernambuco,Nordeste,Agreste Pernambucano,Alto Capibaribe,66192.0,915558.0,294477.0,16176.0,83789.0,423487.0,13831.852791878173,1
2614600,Tabira,PE,Pernambuco,Nordeste,Sertão Pernambucano,Pajeú,28860.0,314903.0,143230.0,19652.0,17679.0,111094.0,10911.39986139986,0
2614709,Tacaimbó,PE,Pernambuco,Nordeste,Agreste Pernambucano,Vale do Ipojuca,12843.0,149159.0,65638.0,17430.0,20107.0,37101.0,11614.030989644163,0
2614808,Tacaratu,PE,Pernambuco,Nordeste,São Francisco Pernambucano,Itaparica,26439.0,251978.0,128098.0,12097.0,49130.0,50435.0,9530.54200234502,0
2614857,Tamandaré,PE,Pernambuco,Nordeste,Mata Pernambucana,Mata Meridional Pernambucana,23852.0,395834.0,138400.0,12990.0,24087.0,189201.0,16595.421767566662,0
2615003,Taquaritinga do Norte,PE,Pernambuco,Nordeste,Agreste Pernambucano,Alto Capibaribe,29472.0,334642.0,136367.0,8806.0,55430.0,107340.0,11354.573832790446,0
2615102,Terezinha,PE,Pernambuco,Nordeste,Agreste Pernambucano,Garanhuns,7227.0,75618.0,42434.0,12959.0,3128.0,14736.0,10463.262764632627,0
2615201,Terra Nova,PE,Pernambuco,Nordeste,São Francisco Pernambucano,Petrolina,10314.0,95262.0,51610.0,4504.0,11139.0,21391.0,9236.183827806864,0
2615300,Timbaúba,PE,Pernambuco,Nordeste,Mata Pernambucana,Mata Setentrional Pernambucana,52587.0,746607.0,240795.0,42180.0,75802.0,317843.0,14197.558331907125,1
2615409,Toritama,PE,Pernambuco,Nordeste,Agreste Pernambucano,Alto Capibaribe,47088.0,764572.0,230999.0,444.0,109199.0,319330.0,16237.08800543663,1
2615508,Tracunhaém,PE,Pernambuco,Nordeste,Mata Pernambucana,Mata Setentrional Pernambucana,13856.0,176619.0,68406.0,30130.0,5120.0,54391.0,12746.752309468822,0
2615607,Trindade,PE,Pernambuco,Nordeste,Sertão Pernambucano,Araripina,31103.0,419024.0,133807.0,7965.0,64687.0,164920.0,13472.140951033662,0
2615706,Triunfo,PE,Pernambuco,Nordeste,Sertão Pernambucano,Pajeú,15232.0,157358.0,72467.0,8839.0,5662.0,59192.0,10330.751050420167,0
2615805,Tupanatinga,PE,Pernambuco,Nordeste,Agreste Pernambucano,Vale do Ipanema,27793.0,227130.0,135003.0,20834.0,5667.0,53504.0,8172.201633504839,0
2615904,Tuparetama,PE,Pernambuco,Nordeste,Sertão Pernambucano,Pajeú,8266.0,89139.0,41191.0,8237.0,5723.0,28293.0,10783.8132107428,0
2616001,Venturosa,PE,Pernambuco,Nordeste,Agreste Pernambucano,Vale do Ipanema,18835.0,247349.0,87603.0,34410.0,45074.0,67676.0,13132.41306079108,0
2616100,Verdejante,PE,Pernambuco,Nordeste,Sertão Pernambucano,Salgueiro,9572.0,80931.0,49898.0,5202.0,3221.0,19474.0,8454.972837442541,0
2616183,Vertente do Lério,PE,Pernambuco,Nordeste,Agreste Pernambucano,Alto Capibaribe,7526.0,74060.0,42324.0,3059.0,7975.0,17837.0,9840.552750465054,0
2616209,Vertentes,PE,Pernambuco,Nordeste,Agreste Pernambucano,Alto Capibaribe,21172.0,194511.0,102073.0,4660.0,13584.0,61490.0,9187.181182694125,0
2616308,Vicência,PE,Pernambuco,Nordeste,Mata Pernambucana,Mata Setentrional Pernambucana,32897.0,519426.0,164889.0,188123.0,42521.0,104486.0,15789.46408487096,1
2616407,Vitória de Santo Antão,PE,Pernambuco,Nordeste,Mata Pernambucana,Vitória de Santo Antão,140389.0,4551843.0,638099.0,124020.0,1100865.0,1816037.0,32423.074457400508,1
2616506,Xexéu,PE,Pernambuco,Nordeste,Mata Pernambucana,Mata Meridional Pernambucana,14789.0,141411.0,77235.0,13442.0,2932.0,39554.0,9561.904117925484,0
2700102,Água Branca,AL,Alagoas,Nordeste,Sertão Alagoano,Serrana do Sertão Alagoano,20263.0,202705.0,108513.0,34103.0,6900.0,46774.0,10003.701327542813,0
2700201,Anadia,AL,Alagoas,Nordeste,Leste Alagoano,São Miguel dos Campos,17507.0,250500.0,93059.0,87012.0,14074.0,47812.0,14308.562289369966,0
2700300,Arapiraca,AL,Alagoas,Nordeste,Agreste Alagoano,Arapiraca,234309.0,5916238.0,952829.0,1159463.0,466663.0,2675436.0,25249.72578944897,1
2700409,Atalaia,AL,Alagoas,Nordeste,Leste Alagoano,Mata Alagoana,47540.0,1500460.0,251802.0,888067.0,92737.0,219985.0,31562.05300799327,1
2700508,Barra de Santo Antônio,AL,Alagoas,Nordeste,Leste Alagoano,Maceió,16201.0,262047.0,88312.0,107404.0,13175.0,46809.0,16174.742299858031,0
2700607,Barra de São Miguel,AL,Alagoas,Nordeste,Leste Alagoano,Maceió,8434.0,238456.0,49913.0,42233.0,28738.0,102825.0,28273.17998577188,0
2700706,Batalha,AL,Alagoas,Nordeste,Sertão Alagoano,Batalha,18440.0,229982.0,102911.0,33769.0,11766.0,68514.0,12471.908893709327,0
2700805,Belém,AL,Alagoas,Nordeste,Agreste Alagoano,Palmeira dos Índios,4226.0,191336.0,30643.0,137599.0,4535.0,17461.0,45275.91102697586,0
2700904,Belo Monte,AL,Alagoas,Nordeste,Sertão Alagoano,Batalha,6717.0,151407.0,39973.0,76750.0,16366.0,15593.0,22540.866458240285,0
2701001,Boca da Mata,AL,Alagoas,Nordeste,Leste Alagoano,São Miguel dos Campos,27429.0,506081.0,130748.0,217958.0,41940.0,94290.0,18450.581501330707,1
2701100,Branquinha,AL,Alagoas,Nordeste,Leste Alagoano,Mata Alagoana,10426.0,775435.0,55583.0,658731.0,10646.0,48282.0,74375.11989257626,0
2701209,Cacimbinhas,AL,Alagoas,Nordeste,Agreste Alagoano,Palmeira dos Índios,10920.0,140487.0,57065.0,45894.0,4870.0,28589.0,12865.10989010989,0
2701308,Cajueiro,AL,Alagoas,Nordeste,Leste Alagoano,Mata Alagoana,21397.0,207919.0,110996.0,38159.0,5459.0,47597.0,9717.203346263495,0
2701357,Campestre,AL,Alagoas,Nordeste,Leste Alagoano,Mata Alagoana,6972.0,87777.0,38307.0,29740.0,1843.0,16167.0,12589.931153184163,0
2701407,Campo Alegre,AL,Alagoas,Nordeste,Leste Alagoano,São Miguel dos Campos,57997.0,734766.0,282074.0,150206.0,100781.0,149056.0,12669.034605238205,1
2701506,Campo Grande,AL,Alagoas,Nordeste,Agreste Alagoano,Arapiraca,9576.0,106142.0,55226.0,21789.0,5158.0,20727.0,11084.168755221386,0
2701605,Canapi,AL,Alagoas,Nordeste,Sertão Alagoano,Serrana do Sertão Alagoano,17715.0,166521.0,96165.0,21850.0,3588.0,39071.0,9400.0,0
2701704,Capela,AL,Alagoas,Nordeste,Leste Alagoano,Mata Alagoana,16907.0,248032.0,100669.0,72304.0,6885.0,61276.0,14670.373218193648,0
2701803,Carneiros,AL,Alagoas,Nordeste,Sertão Alagoano,Santana do Ipanema,9568.0,90803.0,55952.0,10667.0,2511.0,19385.0,9490.280100334448,0
2701902,Chã Preta,AL,Alagoas,Nordeste,Leste Alagoano,Serrana dos Quilombos,7311.0,175489.0,39263.0,112886.0,2946.0,18270.0,24003.419504855698,0
2702009,Coité do Nóia,AL,Alagoas,Nordeste,Agreste Alagoano,Arapiraca,10594.0,211514.0,59690.0,110949.0,4126.0,32971.0,19965.452142722297,0
2702108,Colônia Leopoldina,AL,Alagoas,Nordeste,Leste Alagoano,Mata Alagoana,21935.0,397415.0,108437.0,201316.0,18521.0,58212.0,18117.848187827676,0
2702207,Coqueiro Seco,AL,Alagoas,Nordeste,Leste Alagoano,Maceió,5882.0,96056.0,37473.0,40852.0,2057.0,14383.0,16330.4998299898,0
2702306,Coruripe,AL,Alagoas,Nordeste,Leste Alagoano,São Miguel dos Campos,57647.0,1782568.0,289728.0,618477.0,362661.0,344032.0,30922.12951237705,1
2702355,Craíbas,AL,Alagoas,Nordeste,Agreste Alagoano,Arapiraca,24396.0,480753.0,120649.0,82714.0,150271.0,105554.0,19706.22233152976,1
2702405,Delmiro Gouveia,AL,Alagoas,Nordeste,Sertão Alagoano,Alagoana do Sertão do São Francisco,52501.0,673915.0,264706.0,42173.0,42219.0,281391.0,12836.231690824936,1
2702504,Dois Riachos,AL,Alagoas,Nordeste,Sertão Alagoano,Santana do Ipanema,11059.0,105272.0,55364.0,24288.0,2435.0,20124.0,9519.1246948187,0
2702553,Estrela de Alagoas,AL,Alagoas,Nordeste,Agreste Alagoano,Palmeira dos Índios,18304.0,154359.0,81808.0,34144.0,4049.0,30548.0,8433.074737762237,0
2702603,Feira Grande,AL,Alagoas,Nordeste,Agreste Alagoano,Arapiraca,22192.0,427598.0,116002.0,240016.0,12883.0,52684.0,19268.11463590483,0
2702702,Feliz Deserto,AL,Alagoas,Nordeste,Leste Alagoano,Penedo,4803.0,164034.0,24144.0,87470.0,25766.0,22117.0,34152.404747033106,0
2702801,Flexeiras,AL,Alagoas,Nordeste,Leste Alagoano,Mata Alagoana,12823.0,297791.0,62121.0,189383.0,6969.0,35308.0,23223.19270061608,0
2702900,Girau do Ponciano,AL,Alagoas,Nordeste,Agreste Alagoano,Arapiraca,41549.0,549600.0,193614.0,220126.0,13472.0,105250.0,13227.7551806301,1
2703007,Ibateguara,AL,Alagoas,Nordeste,Leste Alagoano,Serrana dos Quilombos,15637.0,196489.0,69966.0,84563.0,4256.0,33910.0,12565.64558419134,0
2703106,Igaci,AL,Alagoas,Nordeste,Agreste Alagoano,Palmeira dos Índios,25596.0,311967.0,126236.0,115103.0,7112.0,57720.0,12188.115330520392,0
2703205,Igreja Nova,AL,Alagoas,Nordeste,Leste Alagoano,Penedo,24670.0,571877.0,129867.0,246715.0,83432.0,74761.0,23181.07012565869,1
2703304,Inhapi,AL,Alagoas,Nordeste,Sertão Alagoano,Serrana do Sertão Alagoano,18398.0,174776.0,87895.0,37133.0,4020.0,39752.0,9499.728231329493,0
2703403,Jacaré dos Homens,AL,Alagoas,Nordeste,Sertão Alagoano,Batalha,5185.0,74960.0,35645.0,23138.0,2004.0,12778.0,14457.08775313404,0
2703502,Jacuípe,AL,Alagoas,Nordeste,Leste Alagoano,Mata Alagoana,6992.0,194531.0,36210.0,135931.0,3282.0,17605.0,27821.939359267733,0
2703601,Japaratinga,AL,Alagoas,Nordeste,Leste Alagoano,Litoral Norte Alagoano,8444.0,252002.0,45582.0,102272.0,6501.0,86640.0,29843.912837517764,0
2703700,Jaramataia,AL,Alagoas,Nordeste,Sertão Alagoano,Batalha,5751.0,77897.0,31971.0,31108.0,1986.0,11593.0,13544.948704573118,0
2703759,Jequiá da Praia,AL,Alagoas,Nordeste,Leste Alagoano,São Miguel dos Campos,11495.0,382025.0,70295.0,246720.0,19768.0,36500.0,33234.01478903872,0
2703809,Joaquim Gomes,AL,Alagoas,Nordeste,Leste Alagoano,Mata Alagoana,24167.0,520994.0,107260.0,343584.0,12523.0,52744.0,21558.07506103364,0
2703908,Jundiá,AL,Alagoas,Nordeste,Leste Alagoano,Mata Alagoana,4119.0,54801.0,25514.0,16922.0,1857.0,9539.0,13304.442825928623,0
2704005,Junqueiro,AL,Alagoas,Nordeste,Leste Alagoano,São Miguel dos Campos,24716.0,550087.0,133828.0,288219.0,17666.0,96499.0,22256.31170092248,1
2704104,Lagoa da Canoa,AL,Alagoas,Nordeste,Agreste Alagoano,Arapiraca,17692.0,273062.0,96993.0,112651.0,11102.0,46120.0,15434.207551435677,0
2704203,Limoeiro de Anadia,AL,Alagoas,Nordeste,Agreste Alagoano,Arapiraca,28904.0,685194.0,149500.0,395914.0,27994.0,87311.0,23705.85386105729,1
2704302,Maceió,AL,Alagoas,Nordeste,Leste Alagoano,Maceió,1031597.0,27485311.0,4165522.0,315687.0,4406294.0,14292783.0,26643.45766806224,1
2704401,Major Isidoro,AL,Alagoas,Nordeste,Sertão Alagoano,Batalha,19923.0,283475.0,107301.0,89985.0,7549.0,69129.0,14228.529839883551,0
2704500,Maragogi,AL,Alagoas,Nordeste,Leste Alagoano,Litoral Norte Alagoano,33351.0,1118908.0,171951.0,473860.0,32768.0,390622.0,33549.45878684297,1
2704609,Maravilha,AL,Alagoas,Nordeste,Sertão Alagoano,Santana do Ipanema,8850.0,90758.0,42793.0,21331.0,2145.0,21246.0,10255.141242937852,0
2704708,Marechal Deodoro,AL,Alagoas,Nordeste,Leste Alagoano,Maceió,52848.0,3409648.0,319321.0,175567.0,1291990.0,748255.0,64518.01392673327,1
2704807,Maribondo,AL,Alagoas,Nordeste,Agreste Alagoano,Palmeira dos Índios,13123.0,188010.0,65399.0,41596.0,5813.0,66028.0,14326.754553074754,0
2704906,Mar Vermelho,AL,Alagoas,Nordeste,Agreste Alagoano,Palmeira dos Índios,3474.0,50951.0,20646.0,19002.0,1883.0,8487.0,14666.378814047208,0
2705002,Mata Grande,AL,Alagoas,Nordeste,Sertão Alagoano,Serrana do Sertão Alagoano,25200.0,354641.0,118004.0,168503.0,6866.0,55165.0,14073.055555555557,0
2705101,Matriz de Camaragibe,AL,Alagoas,Nordeste,Leste Alagoano,Mata Alagoana,24627.0,385920.0,123735.0,96664.0,50270.0,87690.0,15670.605433061275,0
2705200,Messias,AL,Alagoas,Nordeste,Leste Alagoano,Mata Alagoana,18201.0,221131.0,93128.0,33324.0,31434.0,49956.0,12149.387396296906,0
2705309,Minador do Negrão,AL,Alagoas,Nordeste,Agreste Alagoano,Palmeira dos Índios,5315.0,74515.0,30948.0,27574.0,1470.0,13085.0,14019.755409219191,0
2705408,Monteirópolis,AL,Alagoas,Nordeste,Sertão Alagoano,Batalha,7171.0,78347.0,41531.0,9290.0,6994.0,16873.0,10925.533398410264,0
2705507,Murici,AL,Alagoas,Nordeste,Leste Alagoano,Mata Alagoana,28428.0,588158.0,130873.0,322183.0,24881.0,93204.0,20689.39074152244,1
2705606,Novo Lino,AL,Alagoas,Nordeste,Leste Alagoano,Mata Alagoana,12837.0,187256.0,66923.0,86524.0,4026.0,26978.0,14587.208849419649,0
2705705,Olho d'Água das Flores,AL,Alagoas,Nordeste,Sertão Alagoano,Batalha,21690.0,271809.0,95122.0,31083.0,13745.0,108826.0,12531.535269709544,0
2705804,Olho d'Água do Casado,AL,Alagoas,Nordeste,Sertão Alagoano,Alagoana do Sertão do São Francisco,9507.0,92959.0,52964.0,13990.0,2226.0,20624.0,9777.953087198906,0
2705903,Olho d'Água Grande,AL,Alagoas,Nordeste,Agreste Alagoano,Traipu,5133.0,70179.0,33998.0,23158.0,1423.0,10746.0,13672.121566335476,0
2706000,Olivença,AL,Alagoas,Nordeste,Sertão Alagoano,Batalha,11681.0,108872.0,62984.0,14786.0,2984.0,24151.0,9320.43489427275,0
2706109,Ouro Branco,AL,Alagoas,Nordeste,Sertão Alagoano,Santana do Ipanema,11573.0,110475.0,58726.0,16634.0,2976.0,28361.0,9545.925861919986,0
2706208,Palestina,AL,Alagoas,Nordeste,Sertão Alagoano,Santana do Ipanema,5061.0,45927.0,31098.0,3894.0,1303.0,8820.0,9074.688796680495,0
2706307,Palmeira dos Índios,AL,Alagoas,Nordeste,Agreste Alagoano,Palmeira dos Índios,73452.0,1181612.0,341857.0,175561.0,92903.0,486060.0,16086.859445624354,1
2706406,Pão de Açúcar,AL,Alagoas,Nordeste,Sertão Alagoano,Santana do Ipanema,24307.0,266647.0,120029.0,62425.0,14070.0,59233.0,10969.96749907434,0
2706422,Pariconha,AL,Alagoas,Nordeste,Sertão Alagoano,Serrana do Sertão Alagoano,10546.0,145004.0,51926.0,64248.0,4383.0,21167.0,13749.668120614451,0
2706448,Paripueira,AL,Alagoas,Nordeste,Leste Alagoano,Maceió,13484.0,236831.0,65464.0,38763.0,52915.0,70530.0,17563.85345594779,0
2706505,Passo de Camaragibe,AL,Alagoas,Nordeste,Leste Alagoano,Litoral Norte Alagoano,15270.0,337360.0,85460.0,191019.0,7243.0,46532.0,22092.99279633268,0
2706604,Paulo Jacinto,AL,Alagoas,Nordeste,Agreste Alagoano,Palmeira dos Índios,7556.0,105576.0,39536.0,42865.0,2988.0,17847.0,13972.472207517205,0
2706703,Penedo,AL,Alagoas,Nordeste,Leste Alagoano,Penedo,64005.0,983959.0,288150.0,250959.0,46162.0,351115.0,15373.15834700414,1
2706802,Piaçabuçu,AL,Alagoas,Nordeste,Leste Alagoano,Penedo,17868.0,458416.0,84854.0,292795.0,9677.0,60621.0,25655.6973360197,0
2706901,Pilar,AL,Alagoas,Nordeste,Leste Alagoano,Maceió,35310.0,676236.0,234287.0,91067.0,109976.0,190162.0,19151.40186915888,1
2707008,Pindoba,AL,Alagoas,Nordeste,Leste Alagoano,Serrana dos Quilombos,2903.0,59445.0,20147.0,31857.0,863.0,6048.0,20477.092662762658,0
2707107,Piranhas,AL,Alagoas,Nordeste,Sertão Alagoano,Alagoana do Sertão do São Francisco,25324.0,344069.0,123643.0,102527.0,15598.0,86918.0,13586.676670352235,0
2707206,Poço das Trincheiras,AL,Alagoas,Nordeste,Sertão Alagoano,Santana do Ipanema,14447.0,125628.0,67815.0,29366.0,2796.0,22013.0,8695.784591956808,0
2707305,Porto Calvo,AL,Alagoas,Nordeste,Leste Alagoano,Mata Alagoana,27331.0,412903.0,130812.0,112750.0,35412.0,112360.0,15107.496981449636,0
2707404,Porto de Pedras,AL,Alagoas,Nordeste,Leste Alagoano,Litoral Norte Alagoano,7618.0,333231.0,56027.0,191257.0,16263.0,61847.0,43742.58335521134,0
2707503,Porto Real do Colégio,AL,Alagoas,Nordeste,Leste Alagoano,Penedo,20158.0,268907.0,97951.0,104715.0,5428.0,51623.0,13339.96428217085,0
2707602,Quebrangulo,AL,Alagoas,Nordeste,Agreste Alagoano,Palmeira dos Índios,11202.0,189081.0,61891.0,89767.0,6363.0,26752.0,16879.217996786287,0
2707701,Rio Largo,AL,Alagoas,Nordeste,Leste Alagoano,Maceió,75662.0,1423072.0,379065.0,48210.0,216170.0,560500.0,18808.27892469139,1
2707800,Roteiro,AL,Alagoas,Nordeste,Leste Alagoano,São Miguel dos Campos,6634.0,204149.0,46356.0,125267.0,3457.0,26404.0,30773.138378052456,0
2707909,Santa Luzia do Norte,AL,Alagoas,Nordeste,Leste Alagoano,Maceió,7344.0,277405.0,41621.0,31699.0,99694.0,47512.0,37773.0119825708,0
2708006,Santana do Ipanema,AL,Alagoas,Nordeste,Sertão Alagoano,Santana do Ipanema,47910.0,646336.0,186741.0,52194.0,30895.0,316151.0,13490.628261323314,1
2708105,Santana do Mundaú,AL,Alagoas,Nordeste,Leste Alagoano,Serrana dos Quilombos,10637.0,1408592.0,60076.0,1233702.0,19351.0,90194.0,132423.80370405188,1
2708204,São Brás,AL,Alagoas,Nordeste,Agreste Alagoano,Traipu,6977.0,129340.0,38451.0,67912.0,6041.0,13384.0,18538.05360470116,0
2708303,São José da Laje,AL,Alagoas,Nordeste,Leste Alagoano,Serrana dos Quilombos,24064.0,588009.0,111835.0,150069.0,157027.0,102056.0,24435.214428191488,1
2708402,São José da Tapera,AL,Alagoas,Nordeste,Sertão Alagoano,Santana do Ipanema,32462.0,332854.0,157262.0,63805.0,15080.0,84910.0,10253.650422031917,0
2708501,São Luís do Quitunde,AL,Alagoas,Nordeste,Leste Alagoano,Mata Alagoana,34825.0,943729.0,172754.0,357182.0,183403.0,152252.0,27099.181622397704,1
2708600,São Miguel dos Campos,AL,Alagoas,Nordeste,Leste Alagoano,São Miguel dos Campos,62328.0,1373077.0,321445.0,108232.0,404312.0,404660.0,22029.858169682968,1
2708709,São Miguel dos Milagres,AL,Alagoas,Nordeste,Leste Alagoano,Litoral Norte Alagoano,8073.0,243495.0,51052.0,93928.0,5287.0,84623.0,30161.64994425864,0
2708808,São Sebastião,AL,Alagoas,Nordeste,Agreste Alagoano,Arapiraca,34424.0,858876.0,178371.0,473848.0,19579.0,167545.0,24949.918661399024,1
2708907,Satuba,AL,Alagoas,Nordeste,Leste Alagoano,Maceió,14042.0,261004.0,77702.0,7726.0,51280.0,99899.0,18587.380714997864,0
2708956,Senador Rui Palmeira,AL,Alagoas,Nordeste,Sertão Alagoano,Santana do Ipanema,13893.0,121201.0,71724.0,19883.0,2285.0,24064.0,8723.889728640323,0
2709004,Tanque d'Arca,AL,Alagoas,Nordeste,Agreste Alagoano,Palmeira dos Índios,6115.0,92175.0,36375.0,40363.0,1518.0,12565.0,15073.58953393295,0
2709103,Taquarana,AL,Alagoas,Nordeste,Agreste Alagoano,Arapiraca,20162.0,510846.0,98487.0,306689.0,18552.0,75896.0,25337.069735145324,0
2709152,Teotônio Vilela,AL,Alagoas,Nordeste,Leste Alagoano,São Miguel dos Campos,44570.0,1357798.0,252665.0,837936.0,42455.0,194425.0,30464.3930895221,1
2709202,Traipu,AL,Alagoas,Nordeste,Agreste Alagoano,Traipu,27934.0,297000.0,128578.0,118729.0,8739.0,35860.0,10632.20448199327,0
2709301,União dos Palmares,AL,Alagoas,Nordeste,Leste Alagoano,Serrana dos Quilombos,65963.0,1416193.0,350415.0,531106.0,111844.0,339988.0,21469.50563194518,1
2709400,Viçosa,AL,Alagoas,Nordeste,Leste Alagoano,Serrana dos Quilombos,25655.0,594195.0,148104.0,286082.0,22607.0,123172.0,23160.98226466576,1
2800100,Amparo do São Francisco,SE,Sergipe,Nordeste,Leste Sergipano,Propriá,2386.0,37967.0,23764.0,1992.0,3577.0,6625.0,15912.405699916178,0
2800209,Aquidabã,SE,Sergipe,Nordeste,Agreste Sergipano,Nossa Senhora das Dores,21796.0,287874.0,127160.0,49086.0,14565.0,81228.0,13207.652780326664,0
2800308,Aracaju,SE,Sergipe,Nordeste,Leste Sergipano,Aracaju,672614.0,18405678.0,3511933.0,3330.0,1850431.0,10683342.0,27364.39919478334,1
2800407,Arauá,SE,Sergipe,Nordeste,Leste Sergipano,Boquim,9840.0,140122.0,62857.0,34310.0,7663.0,27265.0,14240.040650406503,0
2800506,Areia Branca,SE,Sergipe,Nordeste,Agreste Sergipano,Agreste de Itabaiana,18825.0,252263.0,108155.0,46114.0,15837.0,64573.0,13400.424966799468,0
2800605,Barra dos Coqueiros,SE,Sergipe,Nordeste,Leste Sergipano,Aracaju,31439.0,2581592.0,209915.0,3614.0,1756682.0,214610.0,82114.31661312382,1
2800670,Boquim,SE,Sergipe,Nordeste,Leste Sergipano,Boquim,26980.0,333080.0,148606.0,27215.0,12256.0,115891.0,12345.441067457376,0
2800704,Brejo Grande,SE,Sergipe,Nordeste,Leste Sergipano,Propriá,8396.0,95886.0,55139.0,12858.0,4143.0,19534.0,11420.438303954264,0
2801009,Campo do Brito,SE,Sergipe,Nordeste,Agreste Sergipano,Agreste de Itabaiana,18325.0,237677.0,102398.0,19000.0,26049.0,72771.0,12970.095497953616,0
2801108,Canhoba,SE,Sergipe,Nordeste,Leste Sergipano,Propriá,4003.0,84436.0,29053.0,33968.0,3699.0,12785.0,21093.180114913812,0
2801207,Canindé de São Francisco,SE,Sergipe,Nordeste,Sertão Sergipano,Sergipana do Sertão do São Francisco,30894.0,2895222.0,221039.0,34943.0,2467498.0,141235.0,93714.70188386097,1
2801306,Capela,SE,Sergipe,Nordeste,Leste Sergipano,Cotinguiba,34808.0,385290.0,196432.0,32283.0,22999.0,111317.0,11069.007124798896,0
2801405,Carira,SE,Sergipe,Nordeste,Sertão Sergipano,Carira,22393.0,379818.0,123797.0,84247.0,21782.0,116571.0,16961.46117090162,0
2801504,Carmópolis,SE,Sergipe,Nordeste,Leste Sergipano,Baixo Cotinguiba,17232.0,422601.0,134186.0,4199.0,154365.0,96535.0,24524.1991643454,0
2801603,Cedro de São João,SE,Sergipe,Nordeste,Leste Sergipano,Propriá,5929.0,64293.0,36923.0,3607.0,3497.0,17625.0,10843.818519143197,0
2801702,Cristinápolis,SE,Sergipe,Nordeste,Leste Sergipano,Boquim,18181.0,250777.0,110626.0,44665.0,17364.0,59967.0,13793.355701006543,0
2801900,Cumbe,SE,Sergipe,Nordeste,Agreste Sergipano,Nossa Senhora das Dores,4008.0,69489.0,25796.0,24406.0,2709.0,12042.0,17337.574850299403,0
2802007,Divina Pastora,SE,Sergipe,Nordeste,Leste Sergipano,Cotinguiba,5290.0,188619.0,46269.0,7550.0,95509.0,34655.0,35655.76559546314,0
2802106,Estância,SE,Sergipe,Nordeste,Leste Sergipano,Estância,69919.0,2126563.0,402077.0,89366.0,563576.0,627176.0,30414.665541555227,1
2802205,Feira Nova,SE,Sergipe,Nordeste,Sertão Sergipano,Sergipana do Sertão do São Francisco,5617.0,114918.0,38051.0,39620.0,6456.0,21479.0,20458.963859711588,0
2802304,Frei Paulo,SE,Sergipe,Nordeste,Sertão Sergipano,Carira,15688.0,324741.0,88789.0,55389.0,34682.0,103160.0,20699.96175420704,0
2802403,Gararu,SE,Sergipe,Nordeste,Sertão Sergipano,Sergipana do Sertão do São Francisco,11599.0,179511.0,66360.0,63394.0,7498.0,29562.0,15476.420381067332,0
2802502,General Maynard,SE,Sergipe,Nordeste,Leste Sergipano,Baixo Cotinguiba,3421.0,43532.0,29412.0,1114.0,3031.0,8898.0,12724.93422975738,0
2802601,Graccho Cardoso,SE,Sergipe,Nordeste,Sertão Sergipano,Sergipana do Sertão do São Francisco,5831.0,100982.0,37583.0,32562.0,4764.0,19378.0,17318.12725090036,0
2802700,Ilha das Flores,SE,Sergipe,Nordeste,Leste Sergipano,Propriá,8522.0,101815.0,53324.0,12704.0,4750.0,25022.0,11947.312837362122,0
2802809,Indiaroba,SE,Sergipe,Nordeste,Leste Sergipano,Estância,18337.0,229670.0,112467.0,53350.0,6230.0,45337.0,12524.949555543437,0
2802908,Itabaiana,SE,Sergipe,Nordeste,Agreste Sergipano,Agreste de Itabaiana,96839.0,2213275.0,516687.0,155788.0,145955.0,1102529.0,22855.20296574727,1
2803005,Itabaianinha,SE,Sergipe,Nordeste,Leste Sergipano,Boquim,42399.0,535797.0,226423.0,63945.0,42410.0,164291.0,12637.019741031629,1
2803104,Itabi,SE,Sergipe,Nordeste,Sertão Sergipano,Sergipana do Sertão do São Francisco,4869.0,81127.0,32535.0,20040.0,5229.0,17566.0,16661.942904087082,0
2803203,Itaporanga d'Ajuda,SE,Sergipe,Nordeste,Leste Sergipano,Estância,35054.0,880245.0,211495.0,55423.0,236186.0,216836.0,25111.114280823876,1
2803302,Japaratuba,SE,Sergipe,Nordeste,Leste Sergipano,Japaratuba,19067.0,527939.0,126410.0,49754.0,225585.0,106763.0,27688.62432474957,1
2803401,Japoatã,SE,Sergipe,Nordeste,Leste Sergipano,Japaratuba,13422.0,210654.0,81764.0,58778.0,7709.0,50237.0,15694.680375502903,0
2803500,Lagarto,SE,Sergipe,Nordeste,Agreste Sergipano,Agreste de Lagarto,106015.0,1798319.0,560654.0,121049.0,220279.0,685405.0,16962.87317832382,1
2803609,Laranjeiras,SE,Sergipe,Nordeste,Leste Sergipano,Baixo Cotinguiba,30327.0,1162007.0,183039.0,28986.0,504887.0,235606.0,38315.92310482408,1
2803708,Macambira,SE,Sergipe,Nordeste,Agreste Sergipano,Agreste de Itabaiana,7002.0,89535.0,42341.0,15541.0,4618.0,21543.0,12787.060839760068,0
2803807,Malhada dos Bois,SE,Sergipe,Nordeste,Agreste Sergipano,Nossa Senhora das Dores,3715.0,52760.0,26747.0,2511.0,3123.0,17203.0,14201.884253028264,0
2803906,Malhador,SE,Sergipe,Nordeste,Agreste Sergipano,Agreste de Itabaiana,12689.0,173218.0,69967.0,52674.0,7073.0,35632.0,13651.036330680115,0
2804003,Maruim,SE,Sergipe,Nordeste,Leste Sergipano,Baixo Cotinguiba,17328.0,448414.0,117768.0,13913.0,143181.0,105122.0,25878.000923361036,0
2804102,Moita Bonita,SE,Sergipe,Nordeste,Agreste Sergipano,Agreste de Itabaiana,11361.0,206468.0,62078.0,82672.0,7106.0,41986.0,18173.400228853094,0
2804201,Monte Alegre de Sergipe,SE,Sergipe,Nordeste,Sertão Sergipano,Sergipana do Sertão do São Francisco,15315.0,218953.0,90437.0,43273.0,9868.0,59210.0,14296.637283708782,0
2804300,Muribeca,SE,Sergipe,Nordeste,Agreste Sergipano,Nossa Senhora das Dores,7653.0,96660.0,48787.0,8572.0,8427.0,26291.0,12630.341042728342,0
2804409,Neópolis,SE,Sergipe,Nordeste,Leste Sergipano,Propriá,18688.0,330966.0,105810.0,79831.0,21603.0,90978.0,17710.08133561644,0
2804458,Nossa Senhora Aparecida,SE,Sergipe,Nordeste,Sertão Sergipano,Carira,8822.0,109900.0,48343.0,19379.0,7066.0,27789.0,12457.492632056224,0
2804508,Nossa Senhora da Glória,SE,Sergipe,Nordeste,Sertão Sergipano,Sergipana do Sertão do São Francisco,37715.0,790790.0,207665.0,108597.0,55910.0,332586.0,20967.51955455389,1
2804607,Nossa Senhora das Dores,SE,Sergipe,Nordeste,Agreste Sergipano,Nossa Senhora das Dores,26957.0,415736.0,151576.0,48540.0,46066.0,131065.0,15422.190896613123,0
2804706,Nossa Senhora de Lourdes,SE,Sergipe,Nordeste,Leste Sergipano,Propriá,6509.0,91165.0,38723.0,20674.0,3711.0,22405.0,14005.991703794743,0
2804805,Nossa Senhora do Socorro,SE,Sergipe,Nordeste,Leste Sergipano,Aracaju,187733.0,3232698.0,973287.0,7125.0,479814.0,1275837.0,17219.657705358142,1
2804904,Pacatuba,SE,Sergipe,Nordeste,Leste Sergipano,Japaratuba,14650.0,236643.0,94740.0,36245.0,48574.0,36308.0,16153.10580204778,0
2805000,Pedra Mole,SE,Sergipe,Nordeste,Sertão Sergipano,Carira,3309.0,48012.0,23965.0,12029.0,1761.0,8043.0,14509.519492293744,0
2805109,Pedrinhas,SE,Sergipe,Nordeste,Leste Sergipano,Boquim,9727.0,98936.0,57986.0,7916.0,3739.0,24788.0,10171.275830163462,0
2805208,Pinhão,SE,Sergipe,Nordeste,Sertão Sergipano,Carira,6678.0,91574.0,40578.0,12149.0,3384.0,26499.0,13712.788259958072,0
2805307,Pirambu,SE,Sergipe,Nordeste,Leste Sergipano,Japaratuba,9436.0,137922.0,68330.0,6634.0,23783.0,33839.0,14616.574819838916,0
2805406,Poço Redondo,SE,Sergipe,Nordeste,Sertão Sergipano,Sergipana do Sertão do São Francisco,35461.0,416245.0,188709.0,80398.0,30518.0,86778.0,11738.10665237867,0
2805505,Poço Verde,SE,Sergipe,Nordeste,Agreste Sergipano,Tobias Barreto,24003.0,322302.0,130231.0,23494.0,21581.0,113636.0,13427.571553555805,0
2805604,Porto da Folha,SE,Sergipe,Nordeste,Sertão Sergipano,Sergipana do Sertão do São Francisco,28788.0,366553.0,159335.0,75586.0,26618.0,79353.0,12732.840072252327,0
2805703,Propriá,SE,Sergipe,Nordeste,Leste Sergipano,Propriá,29756.0,554299.0,164769.0,14385.0,50626.0,260485.0,18628.14222341713,1
2805802,Riachão do Dantas,SE,Sergipe,Nordeste,Agreste Sergipano,Agreste de Lagarto,19813.0,328904.0,115748.0,136588.0,9951.0,50192.0,16600.41386968152,0
2805901,Riachuelo,SE,Sergipe,Nordeste,Leste Sergipano,Baixo Cotinguiba,10354.0,222401.0,66143.0,10915.0,56917.0,53430.0,21479.717983388065,0
2806008,Ribeirópolis,SE,Sergipe,Nordeste,Sertão Sergipano,Carira,18891.0,339443.0,106690.0,42545.0,25689.0,116868.0,17968.5035201948,0
2806107,Rosário do Catete,SE,Sergipe,Nordeste,Leste Sergipano,Baixo Cotinguiba,11158.0,468956.0,88131.0,5410.0,231059.0,85912.0,42028.67897472665,0
2806206,Salgado,SE,Sergipe,Nordeste,Leste Sergipano,Boquim,20051.0,217519.0,109974.0,25868.0,11063.0,57026.0,10848.286868485362,0
2806305,Santa Luzia do Itanhy,SE,Sergipe,Nordeste,Leste Sergipano,Estância,14205.0,192690.0,94060.0,50669.0,5242.0,33914.0,13564.9419218585,0
2806404,Santana do São Francisco,SE,Sergipe,Nordeste,Leste Sergipano,Propriá,7906.0,106773.0,49510.0,26727.0,3969.0,21267.0,13505.312420946117,0
2806503,Santa Rosa de Lima,SE,Sergipe,Nordeste,Leste Sergipano,Cotinguiba,3933.0,55084.0,33844.0,7258.0,2375.0,9736.0,14005.59369438088,0
2806602,Santo Amaro das Brotas,SE,Sergipe,Nordeste,Leste Sergipano,Baixo Cotinguiba,12200.0,167665.0,75111.0,15892.0,33048.0,36708.0,13743.032786885246,0
2806701,São Cristóvão,SE,Sergipe,Nordeste,Leste Sergipano,Aracaju,92090.0,1031740.0,445355.0,36460.0,100436.0,368420.0,11203.605168856551,1
2806800,São Domingos,SE,Sergipe,Nordeste,Agreste Sergipano,Agreste de Itabaiana,11276.0,135227.0,67072.0,6686.0,16920.0,31564.0,11992.461865909898,0
2806909,São Francisco,SE,Sergipe,Nordeste,Leste Sergipano,Japaratuba,3837.0,56034.0,31046.0,8036.0,3964.0,10707.0,14603.596559812351,0
2807006,São Miguel do Aleixo,SE,Sergipe,Nordeste,Agreste Sergipano,Nossa Senhora das Dores,3964.0,49842.0,28023.0,6434.0,2883.0,9728.0,12573.662966700304,0
2807105,Simão Dias,SE,Sergipe,Nordeste,Agreste Sergipano,Tobias Barreto,40724.0,790408.0,215728.0,138553.0,84958.0,254380.0,19408.89892937825,1
2807204,Siriri,SE,Sergipe,Nordeste,Leste Sergipano,Cotinguiba,9046.0,176736.0,62473.0,10452.0,62203.0,35435.0,19537.47512712801,0
2807303,Telha,SE,Sergipe,Nordeste,Leste Sergipano,Propriá,3271.0,44121.0,26903.0,5304.0,2070.0,8368.0,13488.535616019566,0
2807402,Tobias Barreto,SE,Sergipe,Nordeste,Agreste Sergipano,Tobias Barreto,52861.0,655791.0,265895.0,23069.0,35138.0,269800.0,12405.951457596337,1
2807501,Tomar do Geru,SE,Sergipe,Nordeste,Leste Sergipano,Boquim,13534.0,146965.0,78388.0,24942.0,5989.0,30941.0,10858.947835082015,0
2807600,Umbaúba,SE,Sergipe,Nordeste,Leste Sergipano,Boquim,25800.0,401569.0,144826.0,35939.0,21836.0,164849.0,15564.68992248062,0
2900108,Abaíra,BA,Bahia,Nordeste,Centro Sul Baiano,Seabra,8681.0,70037.0,36781.0,5645.0,2519.0,21864.0,8067.849326114503,0
2900207,Abaré,BA,Bahia,Nordeste,Vale São-Franciscano da Bahia,Paulo Afonso,20594.0,208481.0,87825.0,25260.0,11206.0,67106.0,10123.38545207342,0
2900306,Acajutiba,BA,Bahia,Nordeste,Nordeste Baiano,Alagoinhas,15214.0,144341.0,63685.0,24599.0,7391.0,43323.0,9487.380044695676,0
2900355,Adustina,BA,Bahia,Nordeste,Nordeste Baiano,Ribeira do Pombal,17209.0,240507.0,70543.0,108043.0,9535.0,45174.0,13975.6522749724,0
2900405,Água Fria,BA,Bahia,Nordeste,Centro Norte Baiano,Feira de Santana,17096.0,158357.0,72436.0,34769.0,12037.0,31623.0,9262.810014038372,0
2900504,Érico Cardoso,BA,Bahia,Nordeste,Centro Sul Baiano,Livramento do Brumado,10513.0,77947.0,41370.0,7236.0,6057.0,20498.0,7414.34414534386,0
2900603,Aiquara,BA,Bahia,Nordeste,Centro Sul Baiano,Jequié,4387.0,53699.0,24623.0,14799.0,2517.0,10385.0,12240.483245953956,0
2900702,Alagoinhas,BA,Bahia,Nordeste,Nordeste Baiano,Alagoinhas,153023.0,4533420.0,624234.0,123134.0,1169444.0,1814751.0,29625.74253543585,1
2900801,Alcobaça,BA,Bahia,Nordeste,Sul Baiano,Porto Seguro,22509.0,347521.0,107331.0,81419.0,32807.0,102762.0,15439.202096939,0
2900900,Almadina,BA,Bahia,Nordeste,Sul Baiano,Ilhéus-Itabuna,5273.0,62839.0,26543.0,18644.0,2956.0,13051.0,11917.12497629433,0
2901007,Amargosa,BA,Bahia,Nordeste,Centro Sul Baiano,Jequié,37631.0,463246.0,139664.0,34306.0,47548.0,197712.0,12310.22295447902,1
2901106,Amélia Rodrigues,BA,Bahia,Nordeste,Metropolitana de Salvador,Catu,24997.0,437827.0,105100.0,55707.0,74248.0,145818.0,17515.18182181862,1
2901155,América Dourada,BA,Bahia,Nordeste,Centro Norte Baiano,Irecê,16086.0,167876.0,64694.0,46345.0,11188.0,36665.0,10436.15566330971,0
2901205,Anagé,BA,Bahia,Nordeste,Centro Sul Baiano,Vitória da Conquista,21229.0,224788.0,93391.0,23058.0,13252.0,80137.0,10588.722973291253,0
2901304,Andaraí,BA,Bahia,Nordeste,Centro Sul Baiano,Seabra,13122.0,134354.0,60667.0,14312.0,6113.0,44822.0,10238.835543362293,0
2901353,Andorinha,BA,Bahia,Nordeste,Centro Norte Baiano,Senhor do Bonfim,14416.0,223255.0,69533.0,11774.0,74247.0,59497.0,15486.612097669256,0
2901403,Angical,BA,Bahia,Nordeste,Extremo Oeste Baiano,Cotegipe,13902.0,190379.0,65174.0,62431.0,8028.0,48352.0,13694.36052366566,0
2901502,Anguera,BA,Bahia,Nordeste,Centro Norte Baiano,Feira de Santana,11369.0,78771.0,44027.0,5371.0,4112.0,21320.0,6928.577711320257,0
2901601,Antas,BA,Bahia,Nordeste,Nordeste Baiano,Ribeira do Pombal,19659.0,160611.0,69797.0,24703.0,11862.0,45539.0,8169.84587211964,0
2901700,Antônio Cardoso,BA,Bahia,Nordeste,Centro Norte Baiano,Feira de Santana,11670.0,124246.0,54215.0,8762.0,4772.0,44263.0,10646.61525278492,0
2901809,Antônio Gonçalves,BA,Bahia,Nordeste,Centro Norte Baiano,Senhor do Bonfim,11955.0,82589.0,44035.0,7883.0,4955.0,21916.0,6908.322877457131,0
2901908,Aporá,BA,Bahia,Nordeste,Nordeste Baiano,Alagoinhas,17840.0,148460.0,76088.0,23760.0,7728.0,35589.0,8321.748878923767,0
2901957,Apuarema,BA,Bahia,Nordeste,Centro Sul Baiano,Jequié,7274.0,74216.0,35597.0,14504.0,3851.0,17750.0,10202.914489964256,0
2902005,Aracatu,BA,Bahia,Nordeste,Centro Sul Baiano,Brumado,12960.0,145622.0,52920.0,38649.0,7201.0,38971.0,11236.265432098766,0
2902054,Araçás,BA,Bahia,Nordeste,Nordeste Baiano,Alagoinhas,12237.0,298903.0,54844.0,14917.0,153992.0,65052.0,24426.1665440876,0
2902104,Araci,BA,Bahia,Nordeste,Nordeste Baiano,Serrinha,54903.0,490958.0,211620.0,73554.0,28753.0,151832.0,8942.280021128172,1
2902203,Aramari,BA,Bahia,Nordeste,Nordeste Baiano,Alagoinhas,11519.0,103680.0,47236.0,10473.0,15512.0,24617.0,9000.781317822728,0
2902252,Arataca,BA,Bahia,Nordeste,Sul Baiano,Ilhéus-Itabuna,10904.0,101344.0,44294.0,27252.0,4795.0,21365.0,9294.203961848863,0
2902302,Aratuípe,BA,Bahia,Nordeste,Metropolitana de Salvador,Santo Antônio de Jesus,8848.0,79992.0,38312.0,16394.0,3281.0,18977.0,9040.687160940326,0
2902401,Aurelino Leal,BA,Bahia,Nordeste,Sul Baiano,Ilhéus-Itabuna,11079.0,136886.0,60142.0,33457.0,8155.0,29939.0,12355.447242530914,0
2902500,Baianópolis,BA,Bahia,Nordeste,Extremo Oeste Baiano,Barreiras,13979.0,263675.0,60147.0,134628.0,9477.0,52178.0,18862.221904285,0
2902609,Baixa Grande,BA,Bahia,Nordeste,Centro Norte Baiano,Itaberaba,20431.0,194474.0,85651.0,25110.0,13838.0,59974.0,9518.574714894034,0
2902658,Banzaê,BA,Bahia,Nordeste,Nordeste Baiano,Ribeira do Pombal,13251.0,113493.0,57290.0,19156.0,4816.0,27471.0,8564.863029205342,0
2902708,Barra,BA,Bahia,Nordeste,Vale São-Franciscano da Bahia,Barra,54225.0,430282.0,208587.0,47664.0,15798.0,138508.0,7935.122176118027,0
2902807,Barra da Estiva,BA,Bahia,Nordeste,Centro Sul Baiano,Seabra,20198.0,376926.0,80664.0,121031.0,14503.0,137950.0,18661.55064857907,0
2902906,Barra do Choça,BA,Bahia,Nordeste,Centro Sul Baiano,Vitória da Conquista,30831.0,573207.0,129891.0,238098.0,42718.0,134240.0,18591.90425221368,1
2903003,Barra do Mendes,BA,Bahia,Nordeste,Centro Norte Baiano,Irecê,13128.0,115644.0,50613.0,9808.0,7452.0,42510.0,8808.957952468007,0
2903102,Barra do Rocha,BA,Bahia,Nordeste,Sul Baiano,Ilhéus-Itabuna,5515.0,77839.0,30204.0,26265.0,3868.0,15259.0,14114.052583862194,0
2903201,Barreiras,BA,Bahia,Nordeste,Extremo Oeste Baiano,Barreiras,158432.0,7007583.0,649630.0,2001022.0,949135.0,2698298.0,44230.8561401737,1
2903235,Barro Alto,BA,Bahia,Nordeste,Centro Norte Baiano,Irecê,15171.0,112747.0,57494.0,13868.0,5959.0,29827.0,7431.744776217783,0
2903276,Barrocas,BA,Bahia,Nordeste,Nordeste Baiano,Serrinha,16225.0,345869.0,60436.0,12591.0,190812.0,72456.0,21317.04160246533,0
2903300,Barro Preto,BA,Bahia,Nordeste,Sul Baiano,Ilhéus-Itabuna,5312.0,79870.0,32708.0,24719.0,2953.0,17157.0,15035.768072289156,0
2903409,Belmonte,BA,Bahia,Nordeste,Sul Baiano,Ilhéus-Itabuna,23540.0,373616.0,111133.0,96216.0,31698.0,114351.0,15871.537807986406,0
2903508,Belo Campo,BA,Bahia,Nordeste,Centro Sul Baiano,Vitória da Conquista,17013.0,169334.0,74447.0,13580.0,7232.0,63126.0,9953.212249456295,0
2903607,Biritinga,BA,Bahia,Nordeste,Nordeste Baiano,Serrinha,15989.0,145254.0,74674.0,12649.0,13450.0,32486.0,9084.620676715242,0
2903706,Boa Nova,BA,Bahia,Nordeste,Centro Sul Baiano,Vitória da Conquista,12039.0,111525.0,56106.0,16820.0,5514.0,28604.0,9263.643159730877,0
2903805,Boa Vista do Tupim,BA,Bahia,Nordeste,Centro Norte Baiano,Itaberaba,18491.0,155182.0,73157.0,31164.0,8240.0,36149.0,8392.298956248986,0
2903904,Bom Jesus da Lapa,BA,Bahia,Nordeste,Vale São-Franciscano da Bahia,Bom Jesus da Lapa,70151.0,1357111.0,293151.0,279808.0,216687.0,455139.0,19345.568844350044,1
2903953,Bom Jesus da Serra,BA,Bahia,Nordeste,Centro Sul Baiano,Vitória da Conquista,9768.0,69906.0,40460.0,6786.0,3058.0,17020.0,7156.633906633907,0
2904001,Boninal,BA,Bahia,Nordeste,Centro Sul Baiano,Seabra,14518.0,117753.0,60002.0,9858.0,5356.0,35718.0,8110.82793773247,0
2904050,Bonito,BA,Bahia,Nordeste,Centro Sul Baiano,Seabra,16999.0,270624.0,74494.0,97279.0,25999.0,60447.0,15919.995293840817,0
2904100,Boquira,BA,Bahia,Nordeste,Centro Sul Baiano,Boquira,21486.0,188737.0,92444.0,18241.0,12991.0,57477.0,8784.185050730708,0
2904209,Botuporã,BA,Bahia,Nordeste,Centro Sul Baiano,Boquira,10050.0,109884.0,46437.0,14471.0,5122.0,38599.0,10933.731343283582,0
2904308,Brejões,BA,Bahia,Nordeste,Centro Sul Baiano,Jequié,14155.0,144196.0,63129.0,15782.0,7227.0,47241.0,10186.930413281529,0
2904407,Brejolândia,BA,Bahia,Nordeste,Extremo Oeste Baiano,Cotegipe,10675.0,126161.0,40535.0,50410.0,3661.0,26438.0,11818.360655737704,0
2904506,Brotas de Macaúbas,BA,Bahia,Nordeste,Centro Sul Baiano,Boquira,10705.0,96352.0,46673.0,9703.0,6551.0,27998.0,9000.653900046707,0
2904605,Brumado,BA,Bahia,Nordeste,Centro Sul Baiano,Brumado,67468.0,1781802.0,243536.0,47627.0,749456.0,587151.0,26409.58676705994,1
2904704,Buerarema,BA,Bahia,Nordeste,Sul Baiano,Ilhéus-Itabuna,18269.0,209117.0,68430.0,24318.0,8718.0,86205.0,11446.54879851114,0
2904753,Buritirama,BA,Bahia,Nordeste,Vale São-Franciscano da Bahia,Barra,21374.0,154805.0,84681.0,20110.0,4739.0,38273.0,7242.678020024328,0
2904803,Caatiba,BA,Bahia,Nordeste,Centro Sul Baiano,Vitória da Conquista,6232.0,77336.0,31286.0,24243.0,3176.0,16298.0,12409.499358151475,0
2904852,Cabaceiras do Paraguaçu,BA,Bahia,Nordeste,Metropolitana de Salvador,Santo Antônio de Jesus,19010.0,141050.0,72391.0,21840.0,8954.0,32383.0,7419.77906365071,0
2904902,Cachoeira,BA,Bahia,Nordeste,Metropolitana de Salvador,Santo Antônio de Jesus,33659.0,479138.0,130477.0,36277.0,90764.0,178116.0,14235.063430286104,1
2905008,Caculé,BA,Bahia,Nordeste,Centro Sul Baiano,Guanambi,23407.0,363603.0,88445.0,16385.0,32963.0,166816.0,15533.94283761268,0
2905107,Caém,BA,Bahia,Nordeste,Centro Norte Baiano,Jacobina,8912.0,92224.0,39744.0,22664.0,5388.0,20974.0,10348.294434470376,0
2905156,Caetanos,BA,Bahia,Nordeste,Centro Sul Baiano,Vitória da Conquista,14671.0,102468.0,55723.0,10906.0,6417.0,25242.0,6984.390975393634,0
2905206,Caetité,BA,Bahia,Nordeste,Centro Sul Baiano,Guanambi,51184.0,1098344.0,211531.0,29232.0,439370.0,342254.0,21458.73710534542,1
2905305,Cafarnaum,BA,Bahia,Nordeste,Centro Norte Baiano,Irecê,18585.0,217329.0,82978.0,32111.0,23363.0,62385.0,11693.785310734464,0
2905404,Cairu,BA,Bahia,Nordeste,Sul Baiano,Valença,18666.0,1508842.0,103470.0,19581.0,920583.0,438139.0,80833.70834672666,1
2905503,Caldeirão Grande,BA,Bahia,Nordeste,Centro Norte Baiano,Jacobina,13452.0,101885.0,56435.0,8699.0,4993.0,27183.0,7573.966696402022,0
2905602,Camacan,BA,Bahia,Nordeste,Sul Baiano,Ilhéus-Itabuna,32023.0,354111.0,135440.0,33139.0,20553.0,140160.0,11058.02079755176,0
2905701,Camaçari,BA,Bahia,Nordeste,Metropolitana de Salvador,Salvador,309208.0,33990890.0,1390933.0,20677.0,15728958.0,8865587.0,109928.88282321286,1
2905800,Camamu,BA,Bahia,Nordeste,Sul Baiano,Valença,35444.0,468117.0,149000.0,100894.0,22209.0,155103.0,13207.228303803182,1
2905909,Campo Alegre de Lourdes,BA,Bahia,Nordeste,Vale São-Franciscano da Bahia,Juazeiro,28839.0,295119.0,115733.0,40523.0,23043.0,95446.0,10233.32986580672,0
2906006,Campo Formoso,BA,Bahia,Nordeste,Centro Norte Baiano,Senhor do Bonfim,71754.0,2072121.0,278667.0,96326.0,1245679.0,328126.0,28878.125261309477,1
2906105,Canápolis,BA,Bahia,Nordeste,Extremo Oeste Baiano,Santa Maria da Vitória,9694.0,84823.0,41883.0,15403.0,4706.0,19730.0,8750.051578295854,0
2906204,Canarana,BA,Bahia,Nordeste,Centro Norte Baiano,Irecê,26468.0,258494.0,103354.0,50097.0,17576.0,72537.0,9766.28381441741,0
2906303,Canavieiras,BA,Bahia,Nordeste,Sul Baiano,Ilhéus-Itabuna,30722.0,394907.0,129994.0,100671.0,21338.0,123031.0,12854.208710370418,0
2906402,Candeal,BA,Bahia,Nordeste,Nordeste Baiano,Serrinha,8109.0,67739.0,35002.0,12422.0,3285.0,15203.0,8353.557775311383,0
2906501,Candeias,BA,Bahia,Nordeste,Metropolitana de Salvador,Salvador,87820.0,6824935.0,452598.0,16367.0,2664224.0,2411306.0,77715.04213163289,1
2906600,Candiba,BA,Bahia,Nordeste,Centro Sul Baiano,Guanambi,14415.0,140513.0,53232.0,27594.0,7905.0,44057.0,9747.69337495664,0
2906709,Cândido Sales,BA,Bahia,Nordeste,Centro Sul Baiano,Vitória da Conquista,24921.0,244448.0,109249.0,12898.0,12969.0,90925.0,9808.916175113358,0
2906808,Cansanção,BA,Bahia,Nordeste,Nordeste Baiano,Euclides da Cunha,34929.0,352265.0,165843.0,39827.0,17498.0,109642.0,10085.172779066106,0
2906824,Canudos,BA,Bahia,Nordeste,Nordeste Baiano,Euclides da Cunha,16832.0,152935.0,63386.0,28621.0,8060.0,43158.0,9085.967205323192,0
2906857,Capela do Alto Alegre,BA,Bahia,Nordeste,Nordeste Baiano,Serrinha,11597.0,129342.0,47046.0,25762.0,16509.0,32399.0,11153.05682504096,0
2906873,Capim Grosso,BA,Bahia,Nordeste,Centro Norte Baiano,Jacobina,31055.0,579390.0,116487.0,16117.0,33547.0,325708.0,18656.89905007245,1
2906899,Caraíbas,BA,Bahia,Nordeste,Centro Sul Baiano,Brumado,8659.0,86125.0,37698.0,13655.0,5075.0,24276.0,9946.298648804712,0
2906907,Caravelas,BA,Bahia,Nordeste,Sul Baiano,Porto Seguro,22166.0,357855.0,99780.0,136235.0,16911.0,85207.0,16144.32012992872,0
2907004,Cardeal da Silva,BA,Bahia,Nordeste,Nordeste Baiano,Entre Rios,9395.0,117844.0,36915.0,8003.0,36826.0,30034.0,12543.267695582756,0
2907103,Carinhanha,BA,Bahia,Nordeste,Vale São-Franciscano da Bahia,Bom Jesus da Lapa,29118.0,288403.0,111798.0,64417.0,10731.0,86358.0,9904.629438835083,0
2907202,Casa Nova,BA,Bahia,Nordeste,Vale São-Franciscano da Bahia,Juazeiro,73092.0,874879.0,284368.0,163856.0,127305.0,230170.0,11969.55891205604,1
2907301,Castro Alves,BA,Bahia,Nordeste,Metropolitana de Salvador,Santo Antônio de Jesus,26369.0,316840.0,110361.0,22553.0,48989.0,109161.0,12015.62440744814,0
2907400,Catolândia,BA,Bahia,Nordeste,Extremo Oeste Baiano,Barreiras,3619.0,80904.0,18572.0,8855.0,3391.0,38255.0,22355.34678087869,0
2907509,Catu,BA,Bahia,Nordeste,Metropolitana de Salvador,Catu,55222.0,695021.0,206318.0,9815.0,117686.0,287816.0,12585.944007822967,1
2907558,Caturama,BA,Bahia,Nordeste,Centro Sul Baiano,Boquira,9303.0,78181.0,38663.0,12918.0,5751.0,17820.0,8403.848221003977,0
2907608,Central,BA,Bahia,Nordeste,Centro Norte Baiano,Irecê,17293.0,154454.0,72292.0,8112.0,8400.0,54160.0,8931.590817093622,0
2907707,Chorrochó,BA,Bahia,Nordeste,Vale São-Franciscano da Bahia,Paulo Afonso,11221.0,105377.0,54984.0,9997.0,10158.0,26314.0,9391.052490865342,0
2907806,Cícero Dantas,BA,Bahia,Nordeste,Nordeste Baiano,Ribeira do Pombal,32636.0,399480.0,143630.0,55826.0,19229.0,153747.0,12240.47064591249,0
2907905,Cipó,BA,Bahia,Nordeste,Nordeste Baiano,Ribeira do Pombal,17402.0,155100.0,71231.0,6205.0,8151.0,59256.0,8912.768647281922,0
2908002,Coaraci,BA,Bahia,Nordeste,Sul Baiano,Ilhéus-Itabuna,16128.0,190857.0,76979.0,23125.0,9676.0,71556.0,11833.891369047618,0
2908101,Cocos,BA,Bahia,Nordeste,Extremo Oeste Baiano,Santa Maria da Vitória,18835.0,559255.0,79423.0,311827.0,37090.0,95627.0,29692.32811255641,1
2908200,Conceição da Feira,BA,Bahia,Nordeste,Centro Norte Baiano,Feira de Santana,22933.0,375845.0,94285.0,47156.0,93843.0,100805.0,16388.82832599311,0
2908309,Conceição do Almeida,BA,Bahia,Nordeste,Metropolitana de Salvador,Santo Antônio de Jesus,17087.0,200105.0,67283.0,21608.0,23896.0,70866.0,11710.949844911336,0
2908408,Conceição do Coité,BA,Bahia,Nordeste,Nordeste Baiano,Serrinha,67394.0,883550.0,248090.0,40437.0,133343.0,377036.0,13110.2175267828,1
2908507,Conceição do Jacuípe,BA,Bahia,Nordeste,Centro Norte Baiano,Feira de Santana,33631.0,2761495.0,146462.0,56438.0,1157961.0,523333.0,82111.59347031014,1
2908606,Conde,BA,Bahia,Nordeste,Nordeste Baiano,Entre Rios,26223.0,288432.0,118555.0,42387.0,31158.0,79103.0,10999.19917629562,0
2908705,Condeúba,BA,Bahia,Nordeste,Centro Sul Baiano,Brumado,17113.0,170758.0,72886.0,14368.0,10949.0,62871.0,9978.262139893648,0
2908804,Contendas do Sincorá,BA,Bahia,Nordeste,Centro Sul Baiano,Seabra,4025.0,50705.0,19937.0,12709.0,2639.0,13091.0,12597.51552795031,0
2908903,Coração de Maria,BA,Bahia,Nordeste,Centro Norte Baiano,Feira de Santana,22391.0,225909.0,97316.0,23199.0,22386.0,67486.0,10089.276941628334,0
2909000,Cordeiros,BA,Bahia,Nordeste,Centro Sul Baiano,Brumado,8667.0,70616.0,35757.0,6469.0,5239.0,19834.0,8147.686627437406,0
2909109,Coribe,BA,Bahia,Nordeste,Extremo Oeste Baiano,Santa Maria da Vitória,14108.0,168999.0,52198.0,57131.0,6562.0,43200.0,11978.94811454494,0
2909208,Coronel João Sá,BA,Bahia,Nordeste,Nordeste Baiano,Jeremoabo,15549.0,175063.0,84332.0,32173.0,7363.0,43882.0,11258.794777799216,0
2909307,Correntina,BA,Bahia,Nordeste,Extremo Oeste Baiano,Santa Maria da Vitória,32243.0,3280617.0,194016.0,1923038.0,190522.0,746522.0,101746.64268213256,1
2909406,Cotegipe,BA,Bahia,Nordeste,Extremo Oeste Baiano,Cotegipe,13756.0,171261.0,62922.0,61113.0,7463.0,33781.0,12449.91276533876,0
2909505,Cravolândia,BA,Bahia,Nordeste,Centro Sul Baiano,Jequié,5352.0,45856.0,24025.0,5428.0,2809.0,11491.0,8568.011958146488,0
2909604,Crisópolis,BA,Bahia,Nordeste,Nordeste Baiano,Alagoinhas,21219.0,205809.0,93071.0,35018.0,8724.0,58577.0,9699.27894811254,0
2909703,Cristópolis,BA,Bahia,Nordeste,Extremo Oeste Baiano,Cotegipe,13981.0,157829.0,60982.0,27208.0,6149.0,51678.0,11288.820542164363,0
2909802,Cruz das Almas,BA,Bahia,Nordeste,Metropolitana de Salvador,Santo Antônio de Jesus,63923.0,1041984.0,245131.0,17568.0,105692.0,548355.0,16300.611673419582,1
2909901,Curaçá,BA,Bahia,Nordeste,Vale São-Franciscano da Bahia,Juazeiro,35065.0,354901.0,141931.0,61802.0,22121.0,98274.0,10121.231997718523,0
2910008,Dário Meira,BA,Bahia,Nordeste,Centro Sul Baiano,Vitória da Conquista,10347.0,126035.0,61169.0,26546.0,5039.0,29235.0,12180.825360007731,0
2910057,Dias d'Ávila,BA,Bahia,Nordeste,Metropolitana de Salvador,Salvador,83705.0,3052173.0,322543.0,3958.0,1648233.0,678016.0,36463.44901738248,1
2910107,Dom Basílio,BA,Bahia,Nordeste,Centro Sul Baiano,Livramento do Brumado,12281.0,142114.0,51842.0,29118.0,6229.0,44266.0,11571.85896913932,0
2910206,Dom Macedo Costa,BA,Bahia,Nordeste,Metropolitana de Salvador,Santo Antônio de Jesus,4072.0,43268.0,18206.0,6907.0,2840.0,13664.0,10625.73673870334,0
2910305,Elísio Medrado,BA,Bahia,Nordeste,Centro Norte Baiano,Feira de Santana,8129.0,76577.0,34843.0,15042.0,4013.0,19438.0,9420.22388977734,0
2910404,Encruzilhada,BA,Bahia,Nordeste,Centro Sul Baiano,Itapetinga,15914.0,255982.0,84578.0,70026.0,10504.0,74512.0,16085.333668468016,0
2910503,Entre Rios,BA,Bahia,Nordeste,Nordeste Baiano,Entre Rios,42014.0,680875.0,173593.0,91709.0,143729.0,225675.0,16205.90755462465,1
2910602,Esplanada,BA,Bahia,Nordeste,Nordeste Baiano,Entre Rios,37902.0,731443.0,169086.0,93211.0,210574.0,213576.0,19298.2692206216,1
2910701,Euclides da Cunha,BA,Bahia,Nordeste,Nordeste Baiano,Euclides da Cunha,61112.0,794576.0,226658.0,164926.0,48763.0,298325.0,13001.963607802069,1
2910727,Eunápolis,BA,Bahia,Nordeste,Sul Baiano,Porto Seguro,115360.0,3204764.0,482889.0,193028.0,781815.0,1330034.0,27780.547850208044,1
2910750,Fátima,BA,Bahia,Nordeste,Nordeste Baiano,Ribeira do Pombal,17801.0,279797.0,76712.0,129454.0,12591.0,52929.0,15718.049547778215,0
2910776,Feira da Mata,BA,Bahia,Nordeste,Vale São-Franciscano da Bahia,Bom Jesus da Lapa,5656.0,63006.0,25796.0,17005.0,1889.0,15518.0,11139.67468175389,0
2910800,Feira de Santana,BA,Bahia,Nordeste,Centro Norte Baiano,Feira de Santana,624107.0,17287746.0,1931141.0,85543.0,3699325.0,8594182.0,27699.971319020617,1
2910859,Filadélfia,BA,Bahia,Nordeste,Centro Norte Baiano,Senhor do Bonfim,16314.0,139019.0,66023.0,12728.0,9691.0,43215.0,8521.453965918843,0
2910909,Firmino Alves,BA,Bahia,Nordeste,Sul Baiano,Ilhéus-Itabuna,5641.0,70961.0,28502.0,19360.0,4921.0,15886.0,12579.50717957809,0
2911006,Floresta Azul,BA,Bahia,Nordeste,Sul Baiano,Ilhéus-Itabuna,10525.0,101470.0,45233.0,19462.0,5520.0,26666.0,9640.85510688836,0
2911105,Formosa do Rio Preto,BA,Bahia,Nordeste,Extremo Oeste Baiano,Barreiras,26111.0,4609105.0,134461.0,3398632.0,145474.0,763224.0,176519.6660411321,1
2911204,Gandu,BA,Bahia,Nordeste,Sul Baiano,Ilhéus-Itabuna,32778.0,460710.0,126513.0,70108.0,24009.0,192979.0,14055.464030752331,0
2911253,Gavião,BA,Bahia,Nordeste,Nordeste Baiano,Serrinha,4417.0,49892.0,22134.0,12405.0,2149.0,11439.0,11295.44940004528,0
2911303,Gentio do Ouro,BA,Bahia,Nordeste,Centro Norte Baiano,Irecê,11284.0,133421.0,49514.0,5595.0,40309.0,21962.0,11823.909961006735,0
2911402,Glória,BA,Bahia,Nordeste,Vale São-Franciscano da Bahia,Paulo Afonso,15247.0,254116.0,61562.0,133262.0,13443.0,35942.0,16666.622942218142,0
2911501,Gongogi,BA,Bahia,Nordeste,Sul Baiano,Ilhéus-Itabuna,6852.0,76384.0,35079.0,20065.0,2952.0,15913.0,11147.694103911266,0
2911600,Governador Mangabeira,BA,Bahia,Nordeste,Metropolitana de Salvador,Santo Antônio de Jesus,20800.0,221824.0,84293.0,22001.0,13495.0,83104.0,10664.615384615385,0
2911659,Guajeru,BA,Bahia,Nordeste,Centro Sul Baiano,Brumado,6371.0,68553.0,30131.0,14366.0,4355.0,16841.0,10760.1632396798,0
2911709,Guanambi,BA,Bahia,Nordeste,Centro Sul Baiano,Guanambi,85353.0,1652174.0,353238.0,57047.0,204441.0,831882.0,19356.95288976369,1
2911808,Guaratinga,BA,Bahia,Nordeste,Sul Baiano,Porto Seguro,20565.0,279298.0,94844.0,121701.0,9867.0,45244.0,13581.230245562849,0
2911857,Heliópolis,BA,Bahia,Nordeste,Nordeste Baiano,Ribeira do Pombal,12946.0,140497.0,55954.0,34114.0,8343.0,35574.0,10852.541325505948,0
2911907,Iaçu,BA,Bahia,Nordeste,Centro Norte Baiano,Itaberaba,23950.0,236733.0,99097.0,32203.0,16127.0,77089.0,9884.46764091858,0
2912004,Ibiassucê,BA,Bahia,Nordeste,Centro Sul Baiano,Guanambi,8849.0,98696.0,38391.0,11035.0,6979.0,35414.0,11153.350661091648,0
2912103,Ibicaraí,BA,Bahia,Nordeste,Sul Baiano,Ilhéus-Itabuna,21083.0,206488.0,91259.0,19131.0,9653.0,76315.0,9794.05207987478,0
2912202,Ibicoara,BA,Bahia,Nordeste,Centro Sul Baiano,Seabra,19990.0,442996.0,89644.0,205404.0,23698.0,99101.0,22160.88044022011,0
2912301,Ibicuí,BA,Bahia,Nordeste,Centro Sul Baiano,Vitória da Conquista,16262.0,196041.0,61829.0,74880.0,7781.0,40156.0,12055.15926700283,0
2912400,Ibipeba,BA,Bahia,Nordeste,Centro Norte Baiano,Irecê,18421.0,177643.0,64958.0,45093.0,12500.0,41232.0,9643.504695727705,0
2912509,Ibipitanga,BA,Bahia,Nordeste,Centro Sul Baiano,Boquira,14989.0,117147.0,58194.0,8548.0,5654.0,38014.0,7815.53138968577,0
2912608,Ibiquera,BA,Bahia,Nordeste,Centro Norte Baiano,Itaberaba,4047.0,37302.0,18697.0,7468.0,1621.0,8264.0,9217.197924388436,0
2912707,Ibirapitanga,BA,Bahia,Nordeste,Sul Baiano,Ilhéus-Itabuna,23433.0,285725.0,104029.0,105281.0,14248.0,54181.0,12193.274442026202,0
2912806,Ibirapuã,BA,Bahia,Nordeste,Sul Baiano,Porto Seguro,8740.0,450754.0,40309.0,89444.0,178669.0,89528.0,51573.68421052631,0
2912905,Ibirataia,BA,Bahia,Nordeste,Sul Baiano,Ilhéus-Itabuna,14476.0,206991.0,73899.0,39816.0,14152.0,66748.0,14298.90853827024,0
2913002,Ibitiara,BA,Bahia,Nordeste,Centro Sul Baiano,Boquira,16463.0,113539.0,58452.0,11859.0,4566.0,32411.0,6896.616655530584,0
2913101,Ibititá,BA,Bahia,Nordeste,Centro Norte Baiano,Irecê,17048.0,155356.0,62186.0,36222.0,11868.0,36884.0,9112.857813233224,0
2913200,Ibotirama,BA,Bahia,Nordeste,Vale São-Franciscano da Bahia,Barra,27076.0,415176.0,108402.0,23160.0,54074.0,186050.0,15333.727286157482,0
2913309,Ichu,BA,Bahia,Nordeste,Nordeste Baiano,Serrinha,6232.0,56326.0,30499.0,4569.0,3918.0,14962.0,9038.18998716303,0
2913408,Igaporã,BA,Bahia,Nordeste,Centro Sul Baiano,Guanambi,15661.0,198181.0,64163.0,15361.0,55415.0,46723.0,12654.428197433112,0
2913457,Igrapiúna,BA,Bahia,Nordeste,Sul Baiano,Valença,12963.0,211118.0,58171.0,70920.0,35137.0,36363.0,16286.19918228805,0
2913507,Iguaí,BA,Bahia,Nordeste,Centro Sul Baiano,Vitória da Conquista,27006.0,246107.0,103248.0,46571.0,11606.0,73497.0,9113.048952084722,0
2913606,Ilhéus,BA,Bahia,Nordeste,Sul Baiano,Ilhéus-Itabuna,157639.0,5165434.0,661272.0,172100.0,1276420.0,2097989.0,32767.48774097781,1
2913705,Inhambupe,BA,Bahia,Nordeste,Nordeste Baiano,Alagoinhas,40720.0,625516.0,167586.0,261752.0,32025.0,138433.0,15361.39489194499,1
2913804,Ipecaetá,BA,Bahia,Nordeste,Centro Norte Baiano,Feira de Santana,14229.0,105039.0,62556.0,9525.0,5588.0,23523.0,7382.036685641999,0
2913903,Ipiaú,BA,Bahia,Nordeste,Sul Baiano,Ilhéus-Itabuna,45969.0,567652.0,177454.0,33419.0,44463.0,263709.0,12348.58274054254,1
2914000,Ipirá,BA,Bahia,Nordeste,Centro Norte Baiano,Feira de Santana,59281.0,664074.0,217169.0,73425.0,81075.0,238196.0,11202.138965267117,1
2914109,Ipupiara,BA,Bahia,Nordeste,Centro Sul Baiano,Boquira,9954.0,100298.0,36089.0,6607.0,8219.0,41505.0,10076.150291340164,0
2914208,Irajuba,BA,Bahia,Nordeste,Centro Sul Baiano,Jequié,7295.0,77968.0,30403.0,5235.0,3061.0,30478.0,10687.868403015764,0
2914307,Iramaia,BA,Bahia,Nordeste,Centro Sul Baiano,Jequié,7874.0,102575.0,38342.0,19074.0,4094.0,33669.0,13027.051054102109,0
2914406,Iraquara,BA,Bahia,Nordeste,Centro Norte Baiano,Irecê,25728.0,897724.0,99230.0,50397.0,468305.0,187695.0,34892.87935323383,1
2914505,Irará,BA,Bahia,Nordeste,Centro Norte Baiano,Feira de Santana,29305.0,285797.0,125895.0,19788.0,16619.0,103229.0,9752.499573451629,0
2914604,Irecê,BA,Bahia,Nordeste,Centro Norte Baiano,Irecê,74050.0,1531592.0,275244.0,47938.0,114428.0,879067.0,20683.214044564484,1
2914653,Itabela,BA,Bahia,Nordeste,Sul Baiano,Porto Seguro,30901.0,513989.0,139994.0,109962.0,39186.0,179267.0,16633.409922008996,1
2914703,Itaberaba,BA,Bahia,Nordeste,Centro Norte Baiano,Itaberaba,64795.0,995761.0,257468.0,55219.0,104145.0,466939.0,15367.867891040976,1
2914802,Itabuna,BA,Bahia,Nordeste,Sul Baiano,Ilhéus-Itabuna,214123.0,4200887.0,833399.0,36544.0,540211.0,2283837.0,19619.03672188415,1
2914901,Itacaré,BA,Bahia,Nordeste,Sul Baiano,Ilhéus-Itabuna,29051.0,427090.0,124963.0,61290.0,23048.0,193493.0,14701.387215586385,0
2915007,Itaeté,BA,Bahia,Nordeste,Centro Sul Baiano,Seabra,16164.0,126615.0,63186.0,17172.0,7173.0,31686.0,7833.1477357089825,0
2915106,Itagi,BA,Bahia,Nordeste,Centro Sul Baiano,Jequié,12140.0,128429.0,58602.0,23053.0,6517.0,34491.0,10578.995057660626,0
2915205,Itagibá,BA,Bahia,Nordeste,Sul Baiano,Ilhéus-Itabuna,14331.0,1102618.0,71629.0,55092.0,741058.0,206045.0,76939.36222175704,1
2915304,Itagimirim,BA,Bahia,Nordeste,Sul Baiano,Porto Seguro,6784.0,127478.0,35947.0,40678.0,5625.0,36477.0,18790.978773584902,0
2915353,Itaguaçu da Bahia,BA,Bahia,Nordeste,Vale São-Franciscano da Bahia,Barra,14650.0,152646.0,61356.0,17547.0,37845.0,26102.0,10419.522184300342,0
2915403,Itaju do Colônia,BA,Bahia,Nordeste,Sul Baiano,Ilhéus-Itabuna,6515.0,89468.0,31967.0,35340.0,4311.0,15322.0,13732.617037605523,0
2915502,Itajuípe,BA,Bahia,Nordeste,Sul Baiano,Ilhéus-Itabuna,20309.0,255369.0,85650.0,41925.0,39468.0,69839.0,12574.17893544734,0
2915601,Itamaraju,BA,Bahia,Nordeste,Sul Baiano,Porto Seguro,64423.0,1109786.0,241279.0,282039.0,104769.0,387125.0,17226.54952423824,1
2915700,Itamari,BA,Bahia,Nordeste,Sul Baiano,Ilhéus-Itabuna,7971.0,103343.0,37100.0,34892.0,4266.0,22719.0,12964.872663404842,0
2915809,Itambé,BA,Bahia,Nordeste,Centro Sul Baiano,Itapetinga,22474.0,294534.0,109467.0,72658.0,21941.0,78179.0,13105.544184390852,0
2915908,Itanagra,BA,Bahia,Nordeste,Metropolitana de Salvador,Catu,6433.0,81829.0,40193.0,6101.0,12439.0,20005.0,12720.192756101353,0
2916005,Itanhém,BA,Bahia,Nordeste,Sul Baiano,Porto Seguro,19231.0,293429.0,82771.0,110056.0,13935.0,74243.0,15258.12490250117,0
2916104,Itaparica,BA,Bahia,Nordeste,Metropolitana de Salvador,Salvador,22440.0,246765.0,94142.0,7995.0,17583.0,110311.0,10996.657754010695,0
2916203,Itapé,BA,Bahia,Nordeste,Sul Baiano,Ilhéus-Itabuna,8300.0,106333.0,39722.0,30717.0,5814.0,25719.0,12811.204819277107,0
2916302,Itapebi,BA,Bahia,Nordeste,Sul Baiano,Ilhéus-Itabuna,10173.0,335601.0,52530.0,44738.0,201712.0,31790.0,32989.38366263639,0
2916401,Itapetinga,BA,Bahia,Nordeste,Centro Sul Baiano,Itapetinga,77408.0,1466169.0,319229.0,71340.0,359432.0,543484.0,18940.7942331542,1
2916500,Itapicuru,BA,Bahia,Nordeste,Nordeste Baiano,Ribeira do Pombal,36173.0,438660.0,135235.0,171535.0,26573.0,89012.0,12126.724352417548,0
2916609,Itapitanga,BA,Bahia,Nordeste,Sul Baiano,Ilhéus-Itabuna,10284.0,94612.0,47377.0,21603.0,3897.0,19108.0,9199.922209257098,0
2916708,Itaquara,BA,Bahia,Nordeste,Centro Sul Baiano,Jequié,8375.0,100679.0,35056.0,36687.0,4388.0,20719.0,12021.373134328358,0
2916807,Itarantim,BA,Bahia,Nordeste,Centro Sul Baiano,Itapetinga,19937.0,330772.0,86370.0,109298.0,49281.0,68680.0,16590.861212820386,0
2916856,Itatim,BA,Bahia,Nordeste,Centro Norte Baiano,Feira de Santana,14588.0,430369.0,65241.0,5741.0,30854.0,244488.0,29501.57663833288,0
2916906,Itiruçu,BA,Bahia,Nordeste,Centro Sul Baiano,Jequié,12482.0,120556.0,46952.0,19438.0,6657.0,39653.0,9658.38807883352,0
2917003,Itiúba,BA,Bahia,Nordeste,Centro Norte Baiano,Senhor do Bonfim,36140.0,351480.0,162950.0,58694.0,13266.0,101467.0,9725.511898173769,0
2917102,Itororó,BA,Bahia,Nordeste,Centro Sul Baiano,Itapetinga,20394.0,250715.0,90091.0,30459.0,37702.0,76550.0,12293.566735314307,0
2917201,Ituaçu,BA,Bahia,Nordeste,Centro Sul Baiano,Brumado,19095.0,256554.0,78032.0,97914.0,14275.0,57281.0,13435.6637863315,0
2917300,Ituberá,BA,Bahia,Nordeste,Sul Baiano,Valença,28870.0,367367.0,113306.0,69298.0,29621.0,126630.0,12724.8701073779,0
2917334,Iuiu,BA,Bahia,Nordeste,Centro Sul Baiano,Guanambi,11038.0,133299.0,47415.0,43989.0,5720.0,29272.0,12076.372531255662,0
2917359,Jaborandi,BA,Bahia,Nordeste,Extremo Oeste Baiano,Santa Maria da Vitória,8176.0,1344176.0,43226.0,1005405.0,76371.0,166808.0,164405.08806262232,1
2917409,Jacaraci,BA,Bahia,Nordeste,Centro Sul Baiano,Guanambi,14855.0,122734.0,58413.0,15166.0,5096.0,36245.0,8262.13396162908,0
2917508,Jacobina,BA,Bahia,Nordeste,Centro Norte Baiano,Jacobina,80749.0,1866382.0,282470.0,39884.0,656447.0,735670.0,23113.37601704046,1
2917607,Jaguaquara,BA,Bahia,Nordeste,Centro Sul Baiano,Jequié,54913.0,677732.0,207180.0,69162.0,33759.0,297888.0,12341.922677690163,1
2917706,Jaguarari,BA,Bahia,Nordeste,Centro Norte Baiano,Senhor do Bonfim,33915.0,1197315.0,133871.0,9715.0,706987.0,300679.0,35303.405572755415,1
2917805,Jaguaripe,BA,Bahia,Nordeste,Metropolitana de Salvador,Santo Antônio de Jesus,19162.0,206796.0,82726.0,64422.0,8302.0,37112.0,10791.984135267718,0
2917904,Jandaíra,BA,Bahia,Nordeste,Nordeste Baiano,Entre Rios,10742.0,168106.0,47740.0,76993.0,6502.0,30073.0,15649.413517035931,0
2918001,Jequié,BA,Bahia,Nordeste,Centro Sul Baiano,Jequié,156277.0,3175607.0,627447.0,77838.0,389022.0,1648896.0,20320.37343946966,1
2918100,Jeremoabo,BA,Bahia,Nordeste,Nordeste Baiano,Jeremoabo,40832.0,501169.0,166732.0,121184.0,32885.0,152349.0,12273.927311912226,1
2918209,Jiquiriçá,BA,Bahia,Nordeste,Centro Sul Baiano,Jequié,14576.0,150225.0,61506.0,32231.0,6897.0,40602.0,10306.325466520308,0
2918308,Jitaúna,BA,Bahia,Nordeste,Centro Sul Baiano,Jequié,10470.0,175501.0,62587.0,45936.0,9331.0,48719.0,16762.273161413563,0
2918357,João Dourado,BA,Bahia,Nordeste,Centro Norte Baiano,Irecê,25606.0,296792.0,99640.0,52545.0,20016.0,98986.0,11590.720924783254,0
2918407,Juazeiro,BA,Bahia,Nordeste,Vale São-Franciscano da Bahia,Juazeiro,219544.0,5182686.0,963723.0,377813.0,666388.0,2486074.0,23606.59366687316,1
2918456,Jucuruçu,BA,Bahia,Nordeste,Sul Baiano,Porto Seguro,8856.0,127605.0,36736.0,65613.0,3402.0,18832.0,14408.875338753389,0
2918506,Jussara,BA,Bahia,Nordeste,Centro Norte Baiano,Irecê,15241.0,113552.0,56584.0,13277.0,6932.0,31401.0,7450.429761826652,0
2918555,Jussari,BA,Bahia,Nordeste,Sul Baiano,Ilhéus-Itabuna,5706.0,71426.0,33256.0,18852.0,2128.0,15067.0,12517.70066596565,0
2918605,Jussiape,BA,Bahia,Nordeste,Centro Sul Baiano,Seabra,5777.0,68637.0,29197.0,12272.0,3676.0,19799.0,11881.080145404188,0
2918704,Lafaiete Coutinho,BA,Bahia,Nordeste,Centro Sul Baiano,Jequié,3663.0,55228.0,23764.0,16617.0,2201.0,10897.0,15077.259077259076,0
2918753,Lagoa Real,BA,Bahia,Nordeste,Centro Sul Baiano,Guanambi,15870.0,119480.0,60687.0,14510.0,5427.0,31561.0,7528.670447385003,0
2918803,Laje,BA,Bahia,Nordeste,Centro Sul Baiano,Jequié,24214.0,292274.0,104818.0,68951.0,11845.0,85743.0,12070.455108614851,0
2918902,Lajedão,BA,Bahia,Nordeste,Sul Baiano,Porto Seguro,3993.0,112925.0,23411.0,65156.0,3972.0,17192.0,28280.741297270222,0
2919009,Lajedinho,BA,Bahia,Nordeste,Centro Norte Baiano,Itaberaba,3735.0,60929.0,18550.0,6527.0,2374.0,25834.0,16312.985274431056,0
2919058,Lajedo do Tabocal,BA,Bahia,Nordeste,Centro Sul Baiano,Jequié,8591.0,78267.0,34984.0,11827.0,3864.0,22858.0,9110.348038645094,0
2919108,Lamarão,BA,Bahia,Nordeste,Nordeste Baiano,Serrinha,8078.0,64992.0,38450.0,6625.0,3552.0,14341.0,8045.555830651151,0
2919157,Lapão,BA,Bahia,Nordeste,Centro Norte Baiano,Irecê,27323.0,302184.0,109543.0,52360.0,34337.0,83724.0,11059.693298686088,0
2919207,Lauro de Freitas,BA,Bahia,Nordeste,Metropolitana de Salvador,Salvador,204669.0,7322788.0,999930.0,2470.0,1167752.0,3892123.0,35778.68656220532,1
2919306,Lençóis,BA,Bahia,Nordeste,Centro Sul Baiano,Seabra,11586.0,170248.0,50151.0,25601.0,10918.0,72496.0,14694.2862074918,0
2919405,Licínio de Almeida,BA,Bahia,Nordeste,Centro Sul Baiano,Guanambi,12357.0,157145.0,49909.0,14738.0,22680.0,56501.0,12717.083434490572,0
2919504,Livramento de Nossa Senhora,BA,Bahia,Nordeste,Centro Sul Baiano,Livramento do Brumado,46372.0,574693.0,168655.0,106651.0,33923.0,223546.0,12393.10359699819,1
2919553,Luís Eduardo Magalhães,BA,Bahia,Nordeste,Extremo Oeste Baiano,Barreiras,92671.0,8833179.0,416131.0,1476999.0,1519224.0,3842421.0,95317.61824087363,1
2919603,Macajuba,BA,Bahia,Nordeste,Centro Norte Baiano,Itaberaba,11318.0,90666.0,46571.0,10583.0,4663.0,25066.0,8010.779289627143,0
2919702,Macarani,BA,Bahia,Nordeste,Centro Sul Baiano,Itapetinga,19056.0,226872.0,88058.0,72214.0,6784.0,52077.0,11905.541561712846,0
2919801,Macaúbas,BA,Bahia,Nordeste,Centro Sul Baiano,Boquira,50481.0,430548.0,190638.0,33696.0,27873.0,154460.0,8528.91186783146,0
2919900,Macururé,BA,Bahia,Nordeste,Vale São-Franciscano da Bahia,Paulo Afonso,7752.0,67455.0,38183.0,5810.0,2636.0,17744.0,8701.625386996904,0
2919926,Madre de Deus,BA,Bahia,Nordeste,Metropolitana de Salvador,Salvador,21754.0,515753.0,139974.0,2775.0,64442.0,260824.0,23708.421439735223,0
2919959,Maetinga,BA,Bahia,Nordeste,Centro Sul Baiano,Brumado,2386.0,50031.0,21036.0,4442.0,2993.0,18408.0,20968.5666387259,0
2920007,Maiquinique,BA,Bahia,Nordeste,Centro Sul Baiano,Itapetinga,10294.0,204964.0,48214.0,33537.0,39521.0,64456.0,19911.016125898583,0
2920106,Mairi,BA,Bahia,Nordeste,Centro Norte Baiano,Itaberaba,18535.0,158649.0,68636.0,22505.0,6666.0,51069.0,8559.428108983006,0
2920205,Malhada,BA,Bahia,Nordeste,Centro Sul Baiano,Guanambi,16875.0,187955.0,65590.0,70132.0,10035.0,33300.0,11138.074074074077,0
2920304,Malhada de Pedras,BA,Bahia,Nordeste,Centro Sul Baiano,Brumado,8326.0,80501.0,35917.0,12253.0,4291.0,23797.0,9668.628392985827,0
2920403,Manoel Vitorino,BA,Bahia,Nordeste,Centro Sul Baiano,Vitória da Conquista,12944.0,139733.0,57281.0,35512.0,5847.0,34710.0,10795.194684796044,0
2920452,Mansidão,BA,Bahia,Nordeste,Extremo Oeste Baiano,Cotegipe,13822.0,93635.0,52207.0,13189.0,3954.0,20682.0,6774.345246708146,0
2920502,Maracás,BA,Bahia,Nordeste,Centro Sul Baiano,Jequié,19973.0,655865.0,97751.0,61728.0,269440.0,188878.0,32837.580733990886,1
2920601,Maragogipe,BA,Bahia,Nordeste,Metropolitana de Salvador,Santo Antônio de Jesus,44902.0,402216.0,179967.0,83229.0,18623.0,105674.0,8957.64108502962,0
2920700,Maraú,BA,Bahia,Nordeste,Sul Baiano,Valença,20664.0,343435.0,95432.0,58634.0,21722.0,150982.0,16619.96709252807,0
2920809,Marcionílio Souza,BA,Bahia,Nordeste,Centro Sul Baiano,Jequié,10357.0,94273.0,43894.0,19994.0,4230.0,22588.0,9102.346239258472,0
2920908,Mascote,BA,Bahia,Nordeste,Sul Baiano,Ilhéus-Itabuna,13619.0,161322.0,64512.0,30843.0,6985.0,47847.0,11845.36309567516,0
2921005,Mata de São João,BA,Bahia,Nordeste,Metropolitana de Salvador,Catu,47643.0,1307567.0,248140.0,19993.0,231151.0,632626.0,27445.10211363684,1
2921054,Matina,BA,Bahia,Nordeste,Centro Sul Baiano,Guanambi,12359.0,91646.0,47047.0,17060.0,3309.0,20786.0,7415.324864471236,0
2921104,Medeiros Neto,BA,Bahia,Nordeste,Sul Baiano,Porto Seguro,22741.0,514264.0,92601.0,103630.0,142416.0,135987.0,22613.9571698694,1
2921203,Miguel Calmon,BA,Bahia,Nordeste,Centro Norte Baiano,Jacobina,25771.0,272751.0,102665.0,32305.0,19475.0,102110.0,10583.64052617283,0
2921302,Milagres,BA,Bahia,Nordeste,Centro Sul Baiano,Jequié,10838.0,144021.0,47707.0,2665.0,6722.0,68973.0,13288.52186750323,0
2921401,Mirangaba,BA,Bahia,Nordeste,Centro Norte Baiano,Jacobina,18603.0,141314.0,71359.0,24133.0,8911.0,30645.0,7596.30167177337,0
2921450,Mirante,BA,Bahia,Nordeste,Centro Sul Baiano,Vitória da Conquista,8264.0,78529.0,37455.0,14492.0,3449.0,20043.0,9502.54114230397,0
2921500,Monte Santo,BA,Bahia,Nordeste,Nordeste Baiano,Euclides da Cunha,49145.0,459587.0,210834.0,62379.0,18919.0,142069.0,9351.653270932951,1
2921609,Morpará,BA,Bahia,Nordeste,Vale São-Franciscano da Bahia,Barra,8476.0,78576.0,35880.0,16404.0,3687.0,19398.0,9270.410571024067,0
2921708,Morro do Chapéu,BA,Bahia,Nordeste,Centro Norte Baiano,Jacobina,35466.0,626444.0,135615.0,48076.0,261750.0,139761.0,17663.226752382565,1
2921807,Mortugaba,BA,Bahia,Nordeste,Centro Sul Baiano,Guanambi,12063.0,106587.0,45615.0,12328.0,6085.0,36295.0,8835.861725938821,0
2921906,Mucugê,BA,Bahia,Nordeste,Centro Sul Baiano,Seabra,8725.0,774984.0,47571.0,565927.0,37644.0,99835.0,88823.38108882522,1
2922003,Mucuri,BA,Bahia,Nordeste,Sul Baiano,Porto Seguro,42729.0,2213929.0,225710.0,95110.0,1227745.0,455704.0,51813.26499567039,1
2922052,Mulungu do Morro,BA,Bahia,Nordeste,Centro Norte Baiano,Irecê,10469.0,212754.0,51584.0,12366.0,107222.0,27499.0,20322.284840959022,0
2922102,Mundo Novo,BA,Bahia,Nordeste,Centro Norte Baiano,Itaberaba,27153.0,198985.0,94996.0,34805.0,8699.0,53100.0,7328.287850329613,0
2922201,Muniz Ferreira,BA,Bahia,Nordeste,Metropolitana de Salvador,Santo Antônio de Jesus,7464.0,66760.0,33450.0,7835.0,4215.0,18071.0,8944.265809217577,0
2922250,Muquém do São Francisco,BA,Bahia,Nordeste,Vale São-Franciscano da Bahia,Barra,11479.0,210272.0,51474.0,52696.0,40442.0,47355.0,18317.971948776027,0
2922300,Muritiba,BA,Bahia,Nordeste,Metropolitana de Salvador,Santo Antônio de Jesus,29420.0,276522.0,111736.0,13308.0,25853.0,106635.0,9399.116247450716,0
2922409,Mutuípe,BA,Bahia,Nordeste,Centro Sul Baiano,Jequié,22340.0,470758.0,86332.0,81545.0,20858.0,258310.0,21072.426141450316,0
2922508,Nazaré,BA,Bahia,Nordeste,Metropolitana de Salvador,Santo Antônio de Jesus,28661.0,330399.0,136594.0,15437.0,21739.0,135558.0,11527.825267785493,0
2922607,Nilo Peçanha,BA,Bahia,Nordeste,Sul Baiano,Valença,14156.0,185842.0,61228.0,74104.0,9588.0,35301.0,13128.143543373835,0
2922656,Nordestina,BA,Bahia,Nordeste,Nordeste Baiano,Euclides da Cunha,13197.0,160704.0,60011.0,7248.0,41370.0,43186.0,12177.313025687656,0
2922706,Nova Canaã,BA,Bahia,Nordeste,Centro Sul Baiano,Vitória da Conquista,16482.0,174011.0,70455.0,46848.0,5831.0,45897.0,10557.638636087851,0
2922730,Nova Fátima,BA,Bahia,Nordeste,Nordeste Baiano,Serrinha,7830.0,95116.0,34807.0,13607.0,4970.0,34013.0,12147.63729246488,0
2922755,Nova Ibiá,BA,Bahia,Nordeste,Sul Baiano,Ilhéus-Itabuna,6518.0,101835.0,32744.0,45975.0,3764.0,17404.0,15623.657563669838,0
2922805,Nova Itarana,BA,Bahia,Nordeste,Centro Sul Baiano,Jequié,8328.0,73231.0,38481.0,6579.0,4129.0,19649.0,8793.347742555236,0
2922854,Nova Redenção,BA,Bahia,Nordeste,Centro Sul Baiano,Seabra,9126.0,75482.0,38962.0,11345.0,3689.0,18653.0,8271.093578785887,0
2922904,Nova Soure,BA,Bahia,Nordeste,Nordeste Baiano,Ribeira do Pombal,27047.0,271385.0,114068.0,46482.0,18886.0,76947.0,10033.829999630274,0
2923001,Nova Viçosa,BA,Bahia,Nordeste,Sul Baiano,Porto Seguro,44170.0,575879.0,172066.0,54469.0,58822.0,234302.0,13037.78582748472,1
2923035,Novo Horizonte,BA,Bahia,Nordeste,Centro Sul Baiano,Boquira,12653.0,105117.0,48244.0,14794.0,8158.0,28329.0,8307.674069390658,0
2923050,Novo Triunfo,BA,Bahia,Nordeste,Nordeste Baiano,Ribeira do Pombal,15445.0,103840.0,59955.0,15233.0,4691.0,21031.0,6723.211395273552,0
2923100,Olindina,BA,Bahia,Nordeste,Nordeste Baiano,Ribeira do Pombal,28373.0,241905.0,113205.0,13993.0,18799.0,78296.0,8525.88728720967,0
2923209,Oliveira dos Brejinhos,BA,Bahia,Nordeste,Centro Sul Baiano,Boquira,21797.0,291778.0,80733.0,19801.0,80754.0,86205.0,13386.154057897877,0
2923308,Ouriçangas,BA,Bahia,Nordeste,Centro Norte Baiano,Feira de Santana,8575.0,80572.0,38936.0,5784.0,14842.0,18184.0,9396.151603498542,0
2923357,Ourolândia,BA,Bahia,Nordeste,Centro Norte Baiano,Jacobina,17567.0,279796.0,71361.0,10394.0,119299.0,62855.0,15927.363807138385,0
2923407,Palmas de Monte Alto,BA,Bahia,Nordeste,Centro Sul Baiano,Guanambi,21840.0,237973.0,89722.0,58694.0,17182.0,58293.0,10896.199633699634,0
2923506,Palmeiras,BA,Bahia,Nordeste,Centro Sul Baiano,Seabra,9123.0,107772.0,36952.0,8198.0,18107.0,38486.0,11813.21933574482,0
2923605,Paramirim,BA,Bahia,Nordeste,Centro Sul Baiano,Livramento do Brumado,21777.0,270522.0,90584.0,17727.0,42079.0,100647.0,12422.372227579555,0
2923704,Paratinga,BA,Bahia,Nordeste,Vale São-Franciscano da Bahia,Bom Jesus da Lapa,32274.0,260302.0,121240.0,32121.0,10739.0,80354.0,8065.377703414513,0
2923803,Paripiranga,BA,Bahia,Nordeste,Nordeste Baiano,Ribeira do Pombal,29124.0,454229.0,105886.0,158946.0,17402.0,147468.0,15596.38099162203,0
2923902,Pau Brasil,BA,Bahia,Nordeste,Sul Baiano,Ilhéus-Itabuna,9550.0,105694.0,42543.0,29530.0,5527.0,24233.0,11067.434554973825,0
2924009,Paulo Afonso,BA,Bahia,Nordeste,Vale São-Franciscano da Bahia,Paulo Afonso,119213.0,3964729.0,520526.0,31769.0,2335743.0,884360.0,33257.52225009017,1
2924058,Pé de Serra,BA,Bahia,Nordeste,Nordeste Baiano,Serrinha,13535.0,131268.0,60998.0,24127.0,9117.0,32288.0,9698.41152567418,0
2924108,Pedrão,BA,Bahia,Nordeste,Centro Norte Baiano,Feira de Santana,7438.0,52230.0,30381.0,6341.0,2336.0,11415.0,7022.048937886529,0
2924207,Pedro Alexandre,BA,Bahia,Nordeste,Nordeste Baiano,Jeremoabo,16698.0,119243.0,58242.0,31268.0,3791.0,22646.0,7141.1546292969215,0
2924306,Piatã,BA,Bahia,Nordeste,Centro Sul Baiano,Seabra,16854.0,242589.0,68805.0,19974.0,65679.0,75395.0,14393.556425774295,0
2924405,Pilão Arcado,BA,Bahia,Nordeste,Vale São-Franciscano da Bahia,Juazeiro,35295.0,291131.0,141148.0,51153.0,8919.0,76078.0,8248.505454030315,0
2924504,Pindaí,BA,Bahia,Nordeste,Centro Sul Baiano,Guanambi,16308.0,296449.0,63491.0,22513.0,150095.0,37904.0,18178.13343144469,0
2924603,Pindobaçu,BA,Bahia,Nordeste,Centro Norte Baiano,Senhor do Bonfim,20048.0,156836.0,84658.0,10290.0,8469.0,46829.0,7823.024740622506,0
2924652,Pintadas,BA,Bahia,Nordeste,Centro Norte Baiano,Feira de Santana,10353.0,109216.0,43957.0,21020.0,5082.0,27222.0,10549.212788563702,0
2924678,Piraí do Norte,BA,Bahia,Nordeste,Sul Baiano,Valença,10050.0,116891.0,42952.0,46489.0,4546.0,20029.0,11630.945273631842,0
2924702,Piripá,BA,Bahia,Nordeste,Centro Sul Baiano,Brumado,10253.0,79283.0,40226.0,6369.0,4480.0,24543.0,7732.663610650541,0
2924801,Piritiba,BA,Bahia,Nordeste,Centro Norte Baiano,Jacobina,25162.0,187717.0,81851.0,26298.0,9025.0,59221.0,7460.337016135442,0
2924900,Planaltino,BA,Bahia,Nordeste,Centro Sul Baiano,Jequié,9415.0,79136.0,39126.0,13004.0,3408.0,20022.0,8405.310674455655,0
2925006,Planalto,BA,Bahia,Nordeste,Centro Sul Baiano,Vitória da Conquista,26581.0,309692.0,102037.0,45780.0,21524.0,113614.0,11650.878447011022,0
2925105,Poções,BA,Bahia,Nordeste,Centro Sul Baiano,Vitória da Conquista,46885.0,572944.0,172522.0,32743.0,33354.0,274593.0,12220.198357683694,1
2925204,Pojuca,BA,Bahia,Nordeste,Metropolitana de Salvador,Catu,40401.0,1843255.0,187112.0,9118.0,1120343.0,359976.0,45623.99445558278,1
2925253,Ponto Novo,BA,Bahia,Nordeste,Centro Norte Baiano,Jacobina,14729.0,142450.0,71661.0,13482.0,9129.0,41275.0,9671.396564600447,0
2925303,Porto Seguro,BA,Bahia,Nordeste,Sul Baiano,Porto Seguro,152529.0,3775003.0,704963.0,197896.0,277328.0,2251084.0,24749.41158730471,1
2925402,Potiraguá,BA,Bahia,Nordeste,Centro Sul Baiano,Itapetinga,6623.0,114890.0,38742.0,35650.0,9621.0,26449.0,17347.12365997282,0
2925501,Prado,BA,Bahia,Nordeste,Sul Baiano,Porto Seguro,28214.0,625403.0,139308.0,224932.0,42870.0,188898.0,22166.406748422767,1
2925600,Presidente Dutra,BA,Bahia,Nordeste,Centro Norte Baiano,Irecê,15180.0,132058.0,58240.0,14006.0,9422.0,43556.0,8699.472990777338,0
2925709,Presidente Jânio Quadros,BA,Bahia,Nordeste,Centro Sul Baiano,Brumado,12028.0,100235.0,49862.0,12698.0,4851.0,28457.0,8333.47189890256,0
2925758,Presidente Tancredo Neves,BA,Bahia,Nordeste,Sul Baiano,Valença,28272.0,337994.0,115783.0,89732.0,18294.0,93974.0,11955.0792303339,0
2925808,Queimadas,BA,Bahia,Nordeste,Nordeste Baiano,Euclides da Cunha,25428.0,257595.0,109590.0,35508.0,14332.0,82804.0,10130.36809815951,0
2925907,Quijingue,BA,Bahia,Nordeste,Nordeste Baiano,Euclides da Cunha,27672.0,227708.0,116043.0,24471.0,10066.0,65357.0,8228.823359352415,0
2925931,Quixabeira,BA,Bahia,Nordeste,Centro Norte Baiano,Jacobina,8939.0,76980.0,38283.0,8242.0,4611.0,22743.0,8611.701532609912,0
2925956,Rafael Jambeiro,BA,Bahia,Nordeste,Centro Norte Baiano,Feira de Santana,22643.0,396593.0,91434.0,17641.0,14112.0,209825.0,17515.037760014133,0
2926004,Remanso,BA,Bahia,Nordeste,Vale São-Franciscano da Bahia,Juazeiro,41324.0,486107.0,185148.0,76733.0,17294.0,178156.0,11763.309456974155,1
2926103,Retirolândia,BA,Bahia,Nordeste,Nordeste Baiano,Serrinha,14588.0,149704.0,59526.0,13027.0,21345.0,44656.0,10262.133260213874,0
2926202,Riachão das Neves,BA,Bahia,Nordeste,Extremo Oeste Baiano,Barreiras,22330.0,1539859.0,101849.0,1035030.0,71804.0,261512.0,68959.20286609941,1
2926301,Riachão do Jacuípe,BA,Bahia,Nordeste,Nordeste Baiano,Serrinha,33498.0,409527.0,123718.0,35307.0,40546.0,174950.0,12225.416442772705,0
2926400,Riacho de Santana,BA,Bahia,Nordeste,Centro Sul Baiano,Guanambi,35757.0,317645.0,133922.0,50211.0,10656.0,105661.0,8883.435411248147,0
2926509,Ribeira do Amparo,BA,Bahia,Nordeste,Nordeste Baiano,Ribeira do Pombal,14631.0,192311.0,65235.0,82256.0,8347.0,31080.0,13144.07764335999,0
2926608,Ribeira do Pombal,BA,Bahia,Nordeste,Nordeste Baiano,Ribeira do Pombal,54097.0,715512.0,208874.0,76925.0,51872.0,312881.0,13226.46357468991,1
2926657,Ribeirão do Largo,BA,Bahia,Nordeste,Centro Sul Baiano,Itapetinga,4896.0,110954.0,32349.0,54745.0,3154.0,17990.0,22662.17320261438,0
2926707,Rio de Contas,BA,Bahia,Nordeste,Centro Sul Baiano,Seabra,12878.0,155831.0,53661.0,36965.0,7869.0,50902.0,12100.559093026868,0
2926806,Rio do Antônio,BA,Bahia,Nordeste,Centro Sul Baiano,Brumado,15521.0,115515.0,57173.0,10611.0,6061.0,35683.0,7442.497261774371,0
2926905,Rio do Pires,BA,Bahia,Nordeste,Centro Sul Baiano,Livramento do Brumado,11672.0,100333.0,44548.0,8876.0,5310.0,35420.0,8596.041809458533,0
2927002,Rio Real,BA,Bahia,Nordeste,Nordeste Baiano,Alagoinhas,41209.0,1030915.0,163121.0,626455.0,35208.0,180571.0,25016.743915164163,1
2927101,Rodelas,BA,Bahia,Nordeste,Vale São-Franciscano da Bahia,Paulo Afonso,9548.0,143383.0,54944.0,32543.0,9488.0,35991.0,15017.07163803938,0
2927200,Ruy Barbosa,BA,Bahia,Nordeste,Centro Norte Baiano,Itaberaba,30900.0,392238.0,120014.0,24856.0,56814.0,160111.0,12693.786407766993,0
2927309,Salinas da Margarida,BA,Bahia,Nordeste,Metropolitana de Salvador,Santo Antônio de Jesus,16047.0,201345.0,68069.0,71302.0,9468.0,45812.0,12547.20508506263,0
2927408,Salvador,BA,Bahia,Nordeste,Metropolitana de Salvador,Salvador,2900319.0,62981326.0,8893535.0,52697.0,7154631.0,38143696.0,21715.30993659663,1
2927507,Santa Bárbara,BA,Bahia,Nordeste,Centro Norte Baiano,Feira de Santana,20971.0,180434.0,81469.0,12064.0,14944.0,61776.0,8603.976920509274,0
2927606,Santa Brígida,BA,Bahia,Nordeste,Nordeste Baiano,Jeremoabo,13917.0,119246.0,56236.0,15133.0,7642.0,33695.0,8568.369619889343,0
2927705,Santa Cruz Cabrália,BA,Bahia,Nordeste,Sul Baiano,Porto Seguro,28058.0,549713.0,140831.0,75660.0,57539.0,238315.0,19592.02366526481,1
2927804,Santa Cruz da Vitória,BA,Bahia,Nordeste,Sul Baiano,Ilhéus-Itabuna,6241.0,71169.0,31779.0,16562.0,3626.0,16469.0,11403.460983816696,0
2927903,Santa Inês,BA,Bahia,Nordeste,Centro Sul Baiano,Jequié,10583.0,76085.0,38467.0,3590.0,5070.0,24510.0,7189.360294812435,0
2928000,Santaluz,BA,Bahia,Nordeste,Nordeste Baiano,Serrinha,37704.0,521838.0,155368.0,37263.0,114214.0,173818.0,13840.388287714832,1
2928059,Santa Luzia,BA,Bahia,Nordeste,Sul Baiano,Ilhéus-Itabuna,12308.0,124187.0,54786.0,30727.0,6173.0,27909.0,10089.941501462465,0
2928109,Santa Maria da Vitória,BA,Bahia,Nordeste,Extremo Oeste Baiano,Santa Maria da Vitória,39707.0,600085.0,187886.0,66504.0,36429.0,250255.0,15112.826453773894,1
2928208,Santana,BA,Bahia,Nordeste,Extremo Oeste Baiano,Santa Maria da Vitória,26792.0,343471.0,106062.0,91207.0,23802.0,100507.0,12819.90892803822,0
2928307,Santanópolis,BA,Bahia,Nordeste,Centro Norte Baiano,Feira de Santana,8987.0,68800.0,38012.0,6761.0,3838.0,17327.0,7655.502392344498,0
2928406,Santa Rita de Cássia,BA,Bahia,Nordeste,Extremo Oeste Baiano,Cotegipe,28613.0,285736.0,106997.0,66777.0,9721.0,88460.0,9986.23003529864,0
2928505,Santa Terezinha,BA,Bahia,Nordeste,Centro Norte Baiano,Feira de Santana,10520.0,101309.0,46470.0,8262.0,12607.0,26233.0,9630.133079847908,0
2928604,Santo Amaro,BA,Bahia,Nordeste,Metropolitana de Salvador,Santo Antônio de Jesus,60190.0,1137499.0,252872.0,72106.0,266626.0,382482.0,18898.47150689483,1
2928703,Santo Antônio de Jesus,BA,Bahia,Nordeste,Metropolitana de Salvador,Santo Antônio de Jesus,103204.0,2449482.0,371211.0,64126.0,356073.0,1295085.0,23734.370760823225,1
2928802,Santo Estêvão,BA,Bahia,Nordeste,Centro Norte Baiano,Feira de Santana,53666.0,913473.0,212675.0,17037.0,173012.0,384809.0,17021.44747139716,1
2928901,São Desidério,BA,Bahia,Nordeste,Extremo Oeste Baiano,Barreiras,34764.0,5846224.0,191193.0,4191028.0,353310.0,889737.0,168168.91036704637,1
2928950,São Domingos,BA,Bahia,Nordeste,Nordeste Baiano,Serrinha,9085.0,88333.0,37259.0,12709.0,6398.0,26765.0,9722.94991744634,0
2929008,São Félix,BA,Bahia,Nordeste,Metropolitana de Salvador,Santo Antônio de Jesus,14784.0,172669.0,62757.0,38440.0,13570.0,51793.0,11679.450757575758,0
2929057,São Félix do Coribe,BA,Bahia,Nordeste,Extremo Oeste Baiano,Santa Maria da Vitória,15543.0,238009.0,63129.0,72040.0,12431.0,71111.0,15312.938300199448,0
2929107,São Felipe,BA,Bahia,Nordeste,Metropolitana de Salvador,Santo Antônio de Jesus,21083.0,211989.0,76298.0,48029.0,11017.0,64717.0,10054.97320115733,0
2929206,São Francisco do Conde,BA,Bahia,Nordeste,Metropolitana de Salvador,Salvador,40664.0,13095067.0,367956.0,17002.0,7341283.0,3096530.0,322030.96104662603,1
2929255,São Gabriel,BA,Bahia,Nordeste,Centro Norte Baiano,Irecê,18785.0,152707.0,80663.0,13759.0,9872.0,41912.0,8129.198828852808,0
2929305,São Gonçalo dos Campos,BA,Bahia,Nordeste,Centro Norte Baiano,Feira de Santana,38315.0,1156472.0,155878.0,32193.0,262053.0,471205.0,30183.270259689416,1
2929354,São José da Vitória,BA,Bahia,Nordeste,Sul Baiano,Ilhéus-Itabuna,5562.0,67107.0,28622.0,8475.0,2977.0,21679.0,12065.264293419634,0
2929370,São José do Jacuípe,BA,Bahia,Nordeste,Centro Norte Baiano,Jacobina,10546.0,126577.0,43067.0,21504.0,11109.0,39997.0,12002.370567039636,0
2929404,São Miguel das Matas,BA,Bahia,Nordeste,Centro Sul Baiano,Jequié,11733.0,176578.0,44490.0,36026.0,6220.0,65836.0,15049.688911616808,0
2929503,São Sebastião do Passé,BA,Bahia,Nordeste,Metropolitana de Salvador,Catu,44554.0,849766.0,183969.0,25523.0,261855.0,262010.0,19072.7207433676,1
2929602,Sapeaçu,BA,Bahia,Nordeste,Metropolitana de Salvador,Santo Antônio de Jesus,17421.0,213065.0,88096.0,25156.0,20130.0,67734.0,12230.354170254292,0
2929701,Sátiro Dias,BA,Bahia,Nordeste,Nordeste Baiano,Alagoinhas,17330.0,257706.0,76562.0,117221.0,12810.0,42478.0,14870.513560300058,0
2929750,Saubara,BA,Bahia,Nordeste,Metropolitana de Salvador,Santo Antônio de Jesus,12163.0,146219.0,57422.0,26799.0,12020.0,44332.0,12021.622954863107,0
2929800,Saúde,BA,Bahia,Nordeste,Centro Norte Baiano,Jacobina,12971.0,102999.0,51595.0,8806.0,4458.0,33885.0,7940.713900238995,0
2929909,Seabra,BA,Bahia,Nordeste,Centro Sul Baiano,Seabra,44370.0,625080.0,173682.0,26437.0,35238.0,317133.0,14087.89722785666,1
2930006,Sebastião Laranjeiras,BA,Bahia,Nordeste,Centro Sul Baiano,Guanambi,11586.0,107168.0,46612.0,26884.0,3575.0,24639.0,9249.784222337305,0
2930105,Senhor do Bonfim,BA,Bahia,Nordeste,Centro Norte Baiano,Senhor do Bonfim,79813.0,997788.0,291134.0,15681.0,95515.0,495620.0,12501.572425544711,1
2930154,Serra do Ramalho,BA,Bahia,Nordeste,Vale São-Franciscano da Bahia,Bom Jesus da Lapa,31362.0,411279.0,139353.0,113758.0,30704.0,106659.0,13113.92768318347,0
2930204,Sento Sé,BA,Bahia,Nordeste,Vale São-Franciscano da Bahia,Juazeiro,41279.0,1714711.0,188334.0,55054.0,1215947.0,175336.0,41539.54795416556,1
2930303,Serra Dourada,BA,Bahia,Nordeste,Extremo Oeste Baiano,Santa Maria da Vitória,17261.0,199802.0,66627.0,56761.0,13730.0,52849.0,11575.343259370837,0
2930402,Serra Preta,BA,Bahia,Nordeste,Centro Norte Baiano,Feira de Santana,14531.0,138171.0,62041.0,18522.0,8539.0,42111.0,9508.70552611658,0
2930501,Serrinha,BA,Bahia,Nordeste,Nordeste Baiano,Serrinha,81693.0,1085465.0,330108.0,24926.0,94584.0,522808.0,13287.123743772416,1
2930600,Serrolândia,BA,Bahia,Nordeste,Centro Norte Baiano,Jacobina,13490.0,118127.0,56925.0,7778.0,9156.0,37924.0,8756.634544106746,0
2930709,Simões Filho,BA,Bahia,Nordeste,Metropolitana de Salvador,Salvador,137117.0,6340237.0,593739.0,11985.0,2200928.0,2175567.0,46239.61288534609,1
2930758,Sítio do Mato,BA,Bahia,Nordeste,Vale São-Franciscano da Bahia,Bom Jesus da Lapa,13104.0,119916.0,45129.0,39224.0,7000.0,23052.0,9151.0989010989,0
2930766,Sítio do Quinto,BA,Bahia,Nordeste,Nordeste Baiano,Jeremoabo,9431.0,103227.0,45249.0,19247.0,4969.0,28718.0,10945.498886650408,0
2930774,Sobradinho,BA,Bahia,Nordeste,Vale São-Franciscano da Bahia,Juazeiro,23274.0,842992.0,116876.0,24871.0,572786.0,105435.0,36220.33170061012,1
2930808,Souto Soares,BA,Bahia,Nordeste,Centro Norte Baiano,Irecê,17118.0,135851.0,71252.0,6876.0,6107.0,43716.0,7936.14908283678,0
2930907,Tabocas do Brejo Velho,BA,Bahia,Nordeste,Extremo Oeste Baiano,Cotegipe,12515.0,268071.0,50934.0,24472.0,152198.0,31420.0,21419.976028765483,0
2931004,Tanhaçu,BA,Bahia,Nordeste,Centro Sul Baiano,Brumado,20383.0,252999.0,87979.0,59079.0,14690.0,77485.0,12412.255310798217,0
2931053,Tanque Novo,BA,Bahia,Nordeste,Centro Sul Baiano,Boquira,17518.0,182572.0,73703.0,13099.0,8535.0,69445.0,10421.965977851352,0
2931103,Tanquinho,BA,Bahia,Nordeste,Centro Norte Baiano,Feira de Santana,7936.0,66752.0,30784.0,7992.0,3668.0,21474.0,8411.290322580646,0
2931202,Taperoá,BA,Bahia,Nordeste,Sul Baiano,Valença,21421.0,221530.0,92606.0,45546.0,7465.0,63375.0,10341.720741328603,0
2931301,Tapiramutá,BA,Bahia,Nordeste,Centro Norte Baiano,Itaberaba,16939.0,148710.0,74525.0,26398.0,9189.0,34034.0,8779.148710077336,0
2931350,Teixeira de Freitas,BA,Bahia,Nordeste,Sul Baiano,Porto Seguro,164290.0,2875560.0,645730.0,119246.0,225871.0,1523924.0,17502.95209690182,1
2931400,Teodoro Sampaio,BA,Bahia,Nordeste,Centro Norte Baiano,Feira de Santana,7296.0,177343.0,37604.0,8097.0,14893.0,105193.0,24306.88048245614,0
2931509,Teofilândia,BA,Bahia,Nordeste,Nordeste Baiano,Serrinha,22590.0,191244.0,85511.0,12556.0,11328.0,68161.0,8465.869853917662,0
2931608,Teolândia,BA,Bahia,Nordeste,Sul Baiano,Ilhéus-Itabuna,15097.0,216597.0,69071.0,95788.0,9328.0,37353.0,14347.022587268992,0
2931707,Terra Nova,BA,Bahia,Nordeste,Metropolitana de Salvador,Catu,13018.0,170369.0,59096.0,9341.0,45439.0,36789.0,13087.186971885085,0
2931806,Tremedal,BA,Bahia,Nordeste,Centro Sul Baiano,Brumado,15996.0,133571.0,63423.0,21778.0,6661.0,35533.0,8350.275068767192,0
2931905,Tucano,BA,Bahia,Nordeste,Nordeste Baiano,Euclides da Cunha,50903.0,544589.0,208351.0,37336.0,29445.0,219104.0,10698.563935327977,1
2932002,Uauá,BA,Bahia,Nordeste,Nordeste Baiano,Euclides da Cunha,23991.0,234752.0,104305.0,22661.0,11879.0,82217.0,9785.00270934934,0
2932101,Ubaíra,BA,Bahia,Nordeste,Centro Sul Baiano,Jequié,19860.0,228976.0,75836.0,35745.0,13152.0,92375.0,11529.506545820745,0
2932200,Ubaitaba,BA,Bahia,Nordeste,Sul Baiano,Ilhéus-Itabuna,18647.0,244475.0,86780.0,11848.0,24043.0,101547.0,13110.688046334531,0
2932309,Ubatã,BA,Bahia,Nordeste,Sul Baiano,Ilhéus-Itabuna,27481.0,223669.0,95047.0,24342.0,11516.0,76880.0,8139.0415195953565,0
2932408,Uibaí,BA,Bahia,Nordeste,Centro Norte Baiano,Irecê,13894.0,175916.0,49297.0,17358.0,53513.0,39156.0,12661.292644306895,0
2932457,Umburanas,BA,Bahia,Nordeste,Centro Norte Baiano,Senhor do Bonfim,19573.0,263228.0,76249.0,7533.0,102570.0,60723.0,13448.526030756657,0
2932507,Una,BA,Bahia,Nordeste,Sul Baiano,Ilhéus-Itabuna,18108.0,333870.0,95830.0,91083.0,18239.0,103258.0,18437.7070907886,0
2932606,Urandi,BA,Bahia,Nordeste,Centro Sul Baiano,Guanambi,16672.0,199656.0,66562.0,27544.0,26465.0,58059.0,11975.52783109405,0
2932705,Uruçuca,BA,Bahia,Nordeste,Sul Baiano,Ilhéus-Itabuna,20312.0,296011.0,93929.0,62840.0,18567.0,98065.0,14573.207955888143,0
2932804,Utinga,BA,Bahia,Nordeste,Centro Sul Baiano,Seabra,19330.0,185676.0,73470.0,29859.0,9267.0,61336.0,9605.58717020176,0
2932903,Valença,BA,Bahia,Nordeste,Sul Baiano,Valença,97873.0,1740629.0,377907.0,186658.0,163523.0,797793.0,17784.567756173816,1
2933000,Valente,BA,Bahia,Nordeste,Nordeste Baiano,Serrinha,29111.0,268418.0,111074.0,13438.0,20963.0,95191.0,9220.500841606266,0
2933059,Várzea da Roça,BA,Bahia,Nordeste,Centro Norte Baiano,Itaberaba,14135.0,111965.0,55095.0,13679.0,6277.0,31468.0,7921.117792713124,0
2933109,Várzea do Poço,BA,Bahia,Nordeste,Centro Norte Baiano,Jacobina,9247.0,116185.0,35159.0,7878.0,4755.0,51992.0,12564.61555098951,0
2933158,Várzea Nova,BA,Bahia,Nordeste,Centro Norte Baiano,Jacobina,12556.0,231719.0,55352.0,23098.0,97629.0,45956.0,18454.842306467028,0
2933174,Varzedo,BA,Bahia,Nordeste,Metropolitana de Salvador,Santo Antônio de Jesus,8734.0,135059.0,34648.0,38756.0,23536.0,28680.0,15463.590565605678,0
2933208,Vera Cruz,BA,Bahia,Nordeste,Metropolitana de Salvador,Salvador,44185.0,601816.0,181996.0,31957.0,64231.0,265674.0,13620.36890347403,1
2933257,Vereda,BA,Bahia,Nordeste,Sul Baiano,Porto Seguro,6105.0,92690.0,30299.0,42996.0,3077.0,13572.0,15182.637182637183,0
2933307,Vitória da Conquista,BA,Bahia,Nordeste,Centro Sul Baiano,Vitória da Conquista,343643.0,8218063.0,1321865.0,188038.0,1219365.0,4319364.0,23914.536306573973,1
2933406,Wagner,BA,Bahia,Nordeste,Centro Sul Baiano,Seabra,9342.0,89462.0,38053.0,14570.0,5584.0,25744.0,9576.32198672661,0
2933455,Wanderley,BA,Bahia,Nordeste,Extremo Oeste Baiano,Cotegipe,12125.0,167534.0,53764.0,57555.0,6270.0,42928.0,13817.23711340206,0
2933505,Wenceslau Guimarães,BA,Bahia,Nordeste,Sul Baiano,Ilhéus-Itabuna,20862.0,331451.0,96097.0,154587.0,13378.0,59414.0,15887.786405905474,0
2933604,Xique-Xique,BA,Bahia,Nordeste,Vale São-Franciscano da Bahia,Barra,46562.0,460817.0,193316.0,60719.0,15844.0,161556.0,9896.847214466732,0
3100104,Abadia dos Dourados,MG,Minas Gerais,Sudeste,Triângulo Mineiro/Alto Paranaíba,Patrocínio,7022.0,176730.0,38586.0,75111.0,10610.0,43375.0,25168.043292509257,0
3100203,Abaeté,MG,Minas Gerais,Sudeste,Central Mineira,Três Marias,23263.0,541136.0,108966.0,127034.0,40595.0,220366.0,23261.66014701457,1
3100302,Abre Campo,MG,Minas Gerais,Sudeste,Zona da Mata,Manhuaçu,13434.0,262668.0,61422.0,66752.0,14007.0,100226.0,19552.478785171952,0
3100401,Acaiaca,MG,Minas Gerais,Sudeste,Zona da Mata,Ponte Nova,3995.0,64892.0,23345.0,3564.0,12307.0,22201.0,16243.304130162704,0
3100500,Açucena,MG,Minas Gerais,Sudeste,Vale do Rio Doce,Ipatinga,9270.0,165796.0,41343.0,21965.0,75036.0,24501.0,17885.22114347357,0
3100609,Água Boa,MG,Minas Gerais,Sudeste,Vale do Rio Doce,Peçanha,13319.0,192065.0,63874.0,56491.0,7669.0,54781.0,14420.37690517306,0
3100708,Água Comprida,MG,Minas Gerais,Sudeste,Triângulo Mineiro/Alto Paranaíba,Uberaba,1986.0,230005.0,20054.0,154963.0,9949.0,39704.0,115813.19234642496,0
3100807,Aguanil,MG,Minas Gerais,Sudeste,Oeste de Minas,Campo Belo,4557.0,94598.0,27141.0,33973.0,3193.0,26809.0,20758.832565284178,0
3100906,Águas Formosas,MG,Minas Gerais,Sudeste,Vale do Mucuri,Nanuque,19285.0,287546.0,91589.0,21207.0,24022.0,128788.0,14910.344827586208,0
3101003,Águas Vermelhas,MG,Minas Gerais,Sudeste,Norte de Minas,Salinas,13656.0,236694.0,65954.0,52991.0,8904.0,88300.0,17332.601054481547,0
3101102,Aimorés,MG,Minas Gerais,Sudeste,Vale do Rio Doce,Aimorés,25116.0,637983.0,122603.0,62403.0,198205.0,218162.0,25401.45723841376,1
3101201,Aiuruoca,MG,Minas Gerais,Sudeste,Sul/Sudoeste de Minas,Andrelândia,5949.0,128546.0,31536.0,36086.0,3032.0,51240.0,21608.001344763827,0
3101300,Alagoa,MG,Minas Gerais,Sudeste,Sul/Sudoeste de Minas,São Lourenço,2657.0,47699.0,17907.0,12808.0,2784.0,12138.0,17952.201731275876,0
3101409,Albertina,MG,Minas Gerais,Sudeste,Sul/Sudoeste de Minas,Poços de Caldas,3015.0,153935.0,20672.0,18311.0,6169.0,76543.0,51056.38474295191,0
3101508,Além Paraíba,MG,Minas Gerais,Sudeste,Zona da Mata,Cataguases,35438.0,971558.0,163828.0,13247.0,330855.0,404540.0,27415.71194762684,1
3101607,Alfenas,MG,Minas Gerais,Sudeste,Sul/Sudoeste de Minas,Alfenas,80973.0,3486907.0,410536.0,285844.0,507373.0,1759777.0,43062.58876415595,1
3101631,Alfredo Vasconcelos,MG,Minas Gerais,Sudeste,Campo das Vertentes,Barbacena,7052.0,150571.0,35290.0,43651.0,15260.0,44700.0,21351.531480431084,0
3101706,Almenara,MG,Minas Gerais,Sudeste,Jequitinhonha,Almenara,42380.0,674815.0,198865.0,24789.0,90777.0,311896.0,15922.958942897592,1
3101805,Alpercata,MG,Minas Gerais,Sudeste,Vale do Rio Doce,Governador Valadares,7448.0,94682.0,37978.0,9793.0,7804.0,32602.0,12712.406015037594,0
3101904,Alpinópolis,MG,Minas Gerais,Sudeste,Sul/Sudoeste de Minas,Passos,20059.0,524182.0,92903.0,159833.0,36181.0,196492.0,26132.010568821974,1
3102001,Alterosa,MG,Minas Gerais,Sudeste,Sul/Sudoeste de Minas,Alfenas,14566.0,296492.0,70975.0,90182.0,15298.0,104312.0,20355.07345873953,0
3102050,Alto Caparaó,MG,Minas Gerais,Sudeste,Zona da Mata,Manhuaçu,5938.0,97092.0,32910.0,19090.0,3298.0,36213.0,16350.9599191647,0
3102100,Alto Rio Doce,MG,Minas Gerais,Sudeste,Zona da Mata,Viçosa,10723.0,180095.0,51056.0,67073.0,6715.0,49574.0,16795.20656532687,0
3102209,Alvarenga,MG,Minas Gerais,Sudeste,Vale do Rio Doce,Aimorés,3783.0,54645.0,25180.0,10161.0,1951.0,15293.0,14444.88501189532,0
3102308,Alvinópolis,MG,Minas Gerais,Sudeste,Metropolitana de Belo Horizonte,Itabira,15135.0,340110.0,65962.0,35149.0,88901.0,104021.0,22471.75421209118,0
3102407,Alvorada de Minas,MG,Minas Gerais,Sudeste,Metropolitana de Belo Horizonte,Conceição do Mato Dentro,3605.0,64841.0,30293.0,11277.0,1738.0,15045.0,17986.40776699029,0
3102506,Amparo do Serra,MG,Minas Gerais,Sudeste,Zona da Mata,Viçosa,4643.0,55910.0,24246.0,11818.0,1997.0,15558.0,12041.7833297437,0
3102605,Andradas,MG,Minas Gerais,Sudeste,Sul/Sudoeste de Minas,Poços de Caldas,41704.0,1183259.0,197466.0,128329.0,254849.0,463663.0,28372.793976596968,1
3102704,Cachoeira de Pajeú,MG,Minas Gerais,Sudeste,Jequitinhonha,Pedra Azul,9470.0,125620.0,45897.0,7113.0,4003.0,57452.0,13265.047518479409,0
3102803,Andrelândia,MG,Minas Gerais,Sudeste,Sul/Sudoeste de Minas,Andrelândia,12189.0,292394.0,61729.0,78768.0,16642.0,112873.0,23988.35015177619,0
3102852,Angelândia,MG,Minas Gerais,Sudeste,Jequitinhonha,Capelinha,8594.0,144549.0,41755.0,49167.0,11780.0,35007.0,16819.757970677216,0
3102902,Antônio Carlos,MG,Minas Gerais,Sudeste,Campo das Vertentes,Barbacena,11471.0,242348.0,57048.0,39128.0,50748.0,71893.0,21127.015953273472,0
3103009,Antônio Dias,MG,Minas Gerais,Sudeste,Vale do Rio Doce,Ipatinga,9233.0,894601.0,58827.0,32327.0,596937.0,179494.0,96891.69284089678,1
3103108,Antônio Prado de Minas,MG,Minas Gerais,Sudeste,Zona da Mata,Muriaé,1577.0,28556.0,14980.0,4350.0,921.0,7510.0,18107.799619530757,0
3103207,Araçaí,MG,Minas Gerais,Sudeste,Metropolitana de Belo Horizonte,Sete Lagoas,2360.0,60662.0,17457.0,11726.0,15465.0,11391.0,25704.237288135595,0
3103306,Aracitaba,MG,Minas Gerais,Sudeste,Zona da Mata,Juiz de Fora,2056.0,31371.0,14931.0,4675.0,2210.0,8461.0,15258.268482490272,0
3103405,Araçuaí,MG,Minas Gerais,Sudeste,Jequitinhonha,Araçuaí,36715.0,519974.0,162561.0,24701.0,53306.0,242994.0,14162.440419447092,1
3103504,Araguari,MG,Minas Gerais,Sudeste,Triângulo Mineiro/Alto Paranaíba,Uberlândia,118361.0,5836329.0,597310.0,539102.0,1882311.0,2144316.0,49309.561426483386,1
3103603,Arantina,MG,Minas Gerais,Sudeste,Sul/Sudoeste de Minas,Andrelândia,2779.0,88536.0,18780.0,45681.0,4306.0,17763.0,31858.942065491185,0
3103702,Araponga,MG,Minas Gerais,Sudeste,Zona da Mata,Viçosa,8467.0,122267.0,41223.0,47885.0,3935.0,25525.0,14440.415731664109,0
3103751,Araporã,MG,Minas Gerais,Sudeste,Triângulo Mineiro/Alto Paranaíba,Uberlândia,6992.0,1294624.0,64994.0,60753.0,916760.0,196117.0,185157.8947368421,1
3103801,Arapuá,MG,Minas Gerais,Sudeste,Triângulo Mineiro/Alto Paranaíba,Patos de Minas,2836.0,172745.0,18144.0,30300.0,43588.0,53982.0,60911.49506346967,0
3103900,Araújos,MG,Minas Gerais,Sudeste,Central Mineira,Bom Despacho,9523.0,474404.0,47775.0,239755.0,45754.0,116649.0,49816.65441562533,0
3104007,Araxá,MG,Minas Gerais,Sudeste,Triângulo Mineiro/Alto Paranaíba,Araxá,108403.0,8950200.0,604091.0,190765.0,4272471.0,2704358.0,82564.13567890188,1
3104106,Arceburgo,MG,Minas Gerais,Sudeste,Sul/Sudoeste de Minas,São Sebastião do Paraíso,10990.0,346405.0,55719.0,29867.0,85997.0,120870.0,31520.018198362148,0
3104205,Arcos,MG,Minas Gerais,Sudeste,Oeste de Minas,Formiga,40658.0,2345874.0,199692.0,112415.0,1000376.0,712440.0,57697.722465443454,1
3104304,Areado,MG,Minas Gerais,Sudeste,Sul/Sudoeste de Minas,Alfenas,15288.0,309330.0,72382.0,57214.0,28287.0,129330.0,20233.516483516483,0
3104403,Argirita,MG,Minas Gerais,Sudeste,Zona da Mata,Cataguases,2681.0,40067.0,18518.0,6580.0,985.0,12093.0,14944.79671764267,0
3104452,Aricanduva,MG,Minas Gerais,Sudeste,Jequitinhonha,Capelinha,5305.0,67088.0,28506.0,22170.0,1201.0,13606.0,12646.182846371348,0
3104502,Arinos,MG,Minas Gerais,Sudeste,Noroeste de Minas,Unaí,17850.0,318815.0,90999.0,96702.0,11586.0,101996.0,17860.78431372549,0
3104601,Astolfo Dutra,MG,Minas Gerais,Sudeste,Zona da Mata,Ubá,14358.0,291866.0,71204.0,24132.0,74116.0,96537.0,20327.761526675025,0
3104700,Ataléia,MG,Minas Gerais,Sudeste,Vale do Mucuri,Teófilo Otoni,12496.0,198960.0,59395.0,50287.0,23595.0,53862.0,15921.895006402048,0
3104809,Augusto de Lima,MG,Minas Gerais,Sudeste,Central Mineira,Curvelo,4833.0,89054.0,26924.0,17997.0,3206.0,33761.0,18426.23629215808,0
3104908,Baependi,MG,Minas Gerais,Sudeste,Sul/Sudoeste de Minas,São Lourenço,19249.0,380866.0,95021.0,45769.0,35983.0,178527.0,19786.274611668137,0
3105004,Baldim,MG,Minas Gerais,Sudeste,Metropolitana de Belo Horizonte,Sete Lagoas,7780.0,201272.0,38913.0,24133.0,92322.0,39332.0,25870.43701799486,0
3105103,Bambuí,MG,Minas Gerais,Sudeste,Oeste de Minas,Piuí,23964.0,779906.0,109161.0,245778.0,86401.0,273900.0,32544.900684359876,1
3105202,Bandeira,MG,Minas Gerais,Sudeste,Jequitinhonha,Almenara,4738.0,59093.0,27735.0,12901.0,2671.0,14218.0,12472.140143520472,0
3105301,Bandeira do Sul,MG,Minas Gerais,Sudeste,Sul/Sudoeste de Minas,Poços de Caldas,5808.0,86572.0,30455.0,7068.0,7846.0,34849.0,14905.64738292011,0
3105400,Barão de Cocais,MG,Minas Gerais,Sudeste,Metropolitana de Belo Horizonte,Itabira,33232.0,2438852.0,180131.0,19329.0,1486715.0,595488.0,73388.6615310544,1
3105509,Barão do Monte Alto,MG,Minas Gerais,Sudeste,Zona da Mata,Muriaé,5311.0,63071.0,27689.0,12415.0,3566.0,17455.0,11875.541329316511,0
3105608,Barbacena,MG,Minas Gerais,Sudeste,Campo das Vertentes,Barbacena,139061.0,3521229.0,605836.0,158244.0,588300.0,1713017.0,25321.47043383839,1
3105707,Barra Longa,MG,Minas Gerais,Sudeste,Zona da Mata,Ponte Nova,4905.0,81928.0,29078.0,15599.0,4258.0,26510.0,16702.95616717635,0
3105905,Barroso,MG,Minas Gerais,Sudeste,Campo das Vertentes,Barbacena,20981.0,608480.0,100830.0,5469.0,239844.0,178710.0,29001.47752728659,1
3106002,Bela Vista de Minas,MG,Minas Gerais,Sudeste,Metropolitana de Belo Horizonte,Itabira,10269.0,568234.0,56236.0,5729.0,371456.0,124408.0,55334.891420780994,0
3106101,Belmiro Braga,MG,Minas Gerais,Sudeste,Zona da Mata,Juiz de Fora,3422.0,61557.0,20404.0,15436.0,6261.0,16419.0,17988.603156049096,0
3106200,Belo Horizonte,MG,Minas Gerais,Sudeste,Metropolitana de Belo Horizonte,Belo Horizonte,2530701.0,105920859.0,12743033.0,4388.0,16146070.0,63270427.0,41854.35537426191,1
3106309,Belo Oriente,MG,Minas Gerais,Sudeste,Vale do Rio Doce,Ipatinga,27277.0,2089750.0,145411.0,16550.0,1411066.0,338515.0,76612.16409429189,1
3106408,Belo Vale,MG,Minas Gerais,Sudeste,Metropolitana de Belo Horizonte,Itaguara,7723.0,279868.0,59050.0,30221.0,114665.0,66037.0,36238.24938495403,0
3106507,Berilo,MG,Minas Gerais,Sudeste,Jequitinhonha,Capelinha,11813.0,112833.0,55913.0,7940.0,2905.0,41005.0,9551.595699652924,0
3106606,Bertópolis,MG,Minas Gerais,Sudeste,Vale do Mucuri,Nanuque,4609.0,53770.0,26155.0,12087.0,1027.0,13264.0,11666.305055326537,0
3106655,Berizal,MG,Minas Gerais,Sudeste,Norte de Minas,Salinas,4792.0,61006.0,26363.0,15012.0,3290.0,14131.0,12730.801335559265,0
3106705,Betim,MG,Minas Gerais,Sudeste,Metropolitana de Belo Horizonte,Belo Horizonte,450024.0,33125378.0,2305734.0,18120.0,14547208.0,10568799.0,73608.02534975912,1
3106804,Bias Fortes,MG,Minas Gerais,Sudeste,Zona da Mata,Juiz de Fora,3282.0,41583.0,19081.0,9903.0,730.0,10424.0,12670.01828153565,0
3106903,Bicas,MG,Minas Gerais,Sudeste,Zona da Mata,Juiz de Fora,14612.0,277715.0,68589.0,7276.0,28992.0,149119.0,19005.95401040241,0
3107000,Biquinhas,MG,Minas Gerais,Sudeste,Central Mineira,Três Marias,2482.0,64473.0,18361.0,23744.0,1888.0,17239.0,25976.228847703464,0
3107109,Boa Esperança,MG,Minas Gerais,Sudeste,Sul/Sudoeste de Minas,Varginha,40308.0,1058480.0,191404.0,253237.0,86814.0,435467.0,26259.79954351493,1
3107208,Bocaina de Minas,MG,Minas Gerais,Sudeste,Sul/Sudoeste de Minas,Andrelândia,5088.0,80211.0,27871.0,18012.0,4745.0,25665.0,15764.740566037735,0
3107307,Bocaiúva,MG,Minas Gerais,Sudeste,Norte de Minas,Bocaiúva,50521.0,1224914.0,238283.0,97989.0,318493.0,407071.0,24245.64042675323,1
3107406,Bom Despacho,MG,Minas Gerais,Sudeste,Central Mineira,Bom Despacho,51436.0,1814550.0,239097.0,205853.0,300937.0,863458.0,35277.820981413795,1
3107505,Bom Jardim de Minas,MG,Minas Gerais,Sudeste,Sul/Sudoeste de Minas,Andrelândia,6444.0,127743.0,36217.0,25773.0,9546.0,46150.0,19823.556797020483,0
3107604,Bom Jesus da Penha,MG,Minas Gerais,Sudeste,Sul/Sudoeste de Minas,Passos,4270.0,196074.0,25677.0,84223.0,13588.0,56609.0,45918.96955503513,0
3107703,Bom Jesus do Amparo,MG,Minas Gerais,Sudeste,Metropolitana de Belo Horizonte,Itabira,6182.0,160390.0,33224.0,10696.0,4894.0,90161.0,25944.67809770301,0
3107802,Bom Jesus do Galho,MG,Minas Gerais,Sudeste,Vale do Rio Doce,Caratinga,14792.0,171084.0,65511.0,31963.0,7870.0,57639.0,11565.981611681991,0
3107901,Bom Repouso,MG,Minas Gerais,Sudeste,Sul/Sudoeste de Minas,Pouso Alegre,10527.0,160232.0,52598.0,35441.0,7964.0,54471.0,15221.050631708938,0
3108008,Bom Sucesso,MG,Minas Gerais,Sudeste,Oeste de Minas,Oliveira,17612.0,445214.0,79660.0,85114.0,35757.0,200578.0,25279.014308426074,1
3108107,Bonfim,MG,Minas Gerais,Sudeste,Metropolitana de Belo Horizonte,Itaguara,6852.0,135422.0,34988.0,25977.0,17746.0,47355.0,19763.864565090484,0
3108206,Bonfinópolis de Minas,MG,Minas Gerais,Sudeste,Noroeste de Minas,Unaí,5397.0,458898.0,33940.0,308154.0,17675.0,83276.0,85028.34908282378,0
3108255,Bonito de Minas,MG,Minas Gerais,Sudeste,Norte de Minas,Januária,11502.0,101045.0,58374.0,12067.0,2496.0,24144.0,8784.993914101895,0
3108305,Borda da Mata,MG,Minas Gerais,Sudeste,Sul/Sudoeste de Minas,Pouso Alegre,19809.0,374716.0,92969.0,25754.0,57543.0,163091.0,18916.452117724268,0
3108404,Botelhos,MG,Minas Gerais,Sudeste,Sul/Sudoeste de Minas,Poços de Caldas,14927.0,325978.0,70305.0,90172.0,21049.0,116047.0,21838.145642125008,0
3108503,Botumirim,MG,Minas Gerais,Sudeste,Norte de Minas,Grão Mogol,6259.0,75744.0,33022.0,11421.0,12351.0,16149.0,12101.61367630612,0
3108552,Brasilândia de Minas,MG,Minas Gerais,Sudeste,Noroeste de Minas,Paracatu,16950.0,415061.0,80084.0,152850.0,20582.0,130325.0,24487.37463126844,0
3108602,Brasília de Minas,MG,Minas Gerais,Sudeste,Norte de Minas,Montes Claros,32460.0,377410.0,160688.0,18527.0,24300.0,151043.0,11626.925446703635,0
3108701,Brás Pires,MG,Minas Gerais,Sudeste,Zona da Mata,Viçosa,4255.0,50032.0,23866.0,7156.0,1751.0,15082.0,11758.401880141011,0
3108800,Braúnas,MG,Minas Gerais,Sudeste,Vale do Rio Doce,Guanhães,4737.0,213072.0,29556.0,16830.0,146910.0,17303.0,44980.367321089296,0
3108909,Brazópolis,MG,Minas Gerais,Sudeste,Sul/Sudoeste de Minas,Itajubá,14364.0,198123.0,63787.0,29319.0,13958.0,73671.0,13793.024227234751,0
3109006,Brumadinho,MG,Minas Gerais,Sudeste,Metropolitana de Belo Horizonte,Belo Horizonte,41208.0,4624729.0,310555.0,31032.0,2875422.0,1035488.0,112228.9118617744,1
3109105,Bueno Brandão,MG,Minas Gerais,Sudeste,Sul/Sudoeste de Minas,Pouso Alegre,10982.0,240684.0,51357.0,50018.0,8819.0,104549.0,21916.22655254052,0
3109204,Buenópolis,MG,Minas Gerais,Sudeste,Central Mineira,Curvelo,10342.0,180714.0,52990.0,56678.0,6805.0,55681.0,17473.796170953396,0
3109253,Bugre,MG,Minas Gerais,Sudeste,Vale do Rio Doce,Caratinga,3984.0,47548.0,22122.0,10169.0,2488.0,11353.0,11934.738955823294,0
3109303,Buritis,MG,Minas Gerais,Sudeste,Noroeste de Minas,Unaí,25179.0,1163750.0,131625.0,625333.0,69490.0,283059.0,46219.07144842925,1
3109402,Buritizeiro,MG,Minas Gerais,Sudeste,Norte de Minas,Pirapora,28184.0,735994.0,144488.0,347005.0,24823.0,178883.0,26113.89440817485,1
3109451,Cabeceira Grande,MG,Minas Gerais,Sudeste,Noroeste de Minas,Unaí,7025.0,477332.0,48162.0,225232.0,130285.0,62553.0,67947.61565836299,1
3109501,Cabo Verde,MG,Minas Gerais,Sudeste,Sul/Sudoeste de Minas,São Sebastião do Paraíso,14074.0,290817.0,65700.0,102850.0,21573.0,85771.0,20663.421912746908,0
3109600,Cachoeira da Prata,MG,Minas Gerais,Sudeste,Metropolitana de Belo Horizonte,Sete Lagoas,3580.0,51886.0,21531.0,2452.0,3524.0,20677.0,14493.296089385474,0
3109709,Cachoeira de Minas,MG,Minas Gerais,Sudeste,Sul/Sudoeste de Minas,Santa Rita do Sapucaí,11609.0,536512.0,58042.0,46309.0,252817.0,117850.0,46215.17787923163,1
3109808,Cachoeira Dourada,MG,Minas Gerais,Sudeste,Triângulo Mineiro/Alto Paranaíba,Ituiutaba,2720.0,131487.0,30775.0,67604.0,4096.0,25182.0,48340.80882352941,0
3109907,Caetanópolis,MG,Minas Gerais,Sudeste,Metropolitana de Belo Horizonte,Sete Lagoas,11869.0,315208.0,59323.0,34268.0,89381.0,103506.0,26557.249978936725,0
3110004,Caeté,MG,Minas Gerais,Sudeste,Metropolitana de Belo Horizonte,Belo Horizonte,45364.0,1074947.0,212204.0,28647.0,288273.0,457284.0,23696.0365047174,1
3110103,Caiana,MG,Minas Gerais,Sudeste,Zona da Mata,Muriaé,5584.0,88661.0,28688.0,28005.0,3063.0,24722.0,15877.686246418338,0
3110202,Cajuri,MG,Minas Gerais,Sudeste,Zona da Mata,Viçosa,3961.0,97287.0,24144.0,17233.0,19175.0,27775.0,24561.22191365817,0
3110301,Caldas,MG,Minas Gerais,Sudeste,Sul/Sudoeste de Minas,Poços de Caldas,14600.0,337630.0,68526.0,70051.0,52567.0,121056.0,23125.342465753423,0
3110400,Camacho,MG,Minas Gerais,Sudeste,Oeste de Minas,Formiga,2839.0,70858.0,18153.0,33932.0,2597.0,14281.0,24958.78830574146,0
3110509,Camanducaia,MG,Minas Gerais,Sudeste,Sul/Sudoeste de Minas,Pouso Alegre,21831.0,987747.0,116115.0,18711.0,311300.0,380153.0,45245.15597086711,1
3110608,Cambuí,MG,Minas Gerais,Sudeste,Sul/Sudoeste de Minas,Pouso Alegre,30068.0,1864549.0,145939.0,37785.0,723524.0,597713.0,62011.07489690036,1
3110707,Cambuquira,MG,Minas Gerais,Sudeste,Sul/Sudoeste de Minas,São Lourenço,12810.0,370830.0,60223.0,177703.0,12646.0,105640.0,28948.47775175644,0
3110806,Campanário,MG,Minas Gerais,Sudeste,Vale do Rio Doce,Governador Valadares,3739.0,53458.0,23142.0,6982.0,1858.0,18932.0,14297.40572345547,0
3110905,Campanha,MG,Minas Gerais,Sudeste,Sul/Sudoeste de Minas,Varginha,16855.0,439921.0,80428.0,89040.0,41509.0,187158.0,26100.326312666864,1
3111002,Campestre,MG,Minas Gerais,Sudeste,Sul/Sudoeste de Minas,Poços de Caldas,21052.0,486410.0,101379.0,144884.0,24462.0,182491.0,23105.16815504465,1
3111101,Campina Verde,MG,Minas Gerais,Sudeste,Triângulo Mineiro/Alto Paranaíba,Frutal,19759.0,536761.0,96571.0,176588.0,31233.0,196153.0,27165.392985474973,1
3111150,Campo Azul,MG,Minas Gerais,Sudeste,Norte de Minas,Montes Claros,3830.0,40651.0,22831.0,5504.0,1197.0,9902.0,10613.83812010444,0
3111200,Campo Belo,MG,Minas Gerais,Sudeste,Oeste de Minas,Campo Belo,54338.0,1242918.0,263549.0,83677.0,172027.0,597181.0,22873.82678788325,1
3111309,Campo do Meio,MG,Minas Gerais,Sudeste,Sul/Sudoeste de Minas,Varginha,11648.0,231124.0,60605.0,68690.0,9919.0,78445.0,19842.37637362637,0
3111408,Campo Florido,MG,Minas Gerais,Sudeste,Triângulo Mineiro/Alto Paranaíba,Uberaba,8383.0,710762.0,52505.0,316157.0,126995.0,159105.0,84786.11475605392,1
3111507,Campos Altos,MG,Minas Gerais,Sudeste,Triângulo Mineiro/Alto Paranaíba,Araxá,15661.0,434229.0,78851.0,161758.0,15884.0,146887.0,27726.773513824148,0
3111606,Campos Gerais,MG,Minas Gerais,Sudeste,Sul/Sudoeste de Minas,Varginha,28908.0,704525.0,130322.0,272058.0,32998.0,232208.0,24371.28130621281,1
3111705,Canaã,MG,Minas Gerais,Sudeste,Zona da Mata,Viçosa,4533.0,77437.0,26307.0,30615.0,2230.0,15746.0,17082.947275534967,0
3111804,Canápolis,MG,Minas Gerais,Sudeste,Triângulo Mineiro/Alto Paranaíba,Uberlândia,12251.0,677858.0,60186.0,203270.0,176480.0,160608.0,55330.8301363154,1
3111903,Cana Verde,MG,Minas Gerais,Sudeste,Oeste de Minas,Campo Belo,5585.0,80057.0,29549.0,16528.0,4024.0,25763.0,14334.288272157564,0
3112000,Candeias,MG,Minas Gerais,Sudeste,Oeste de Minas,Campo Belo,14890.0,371166.0,71962.0,111262.0,38951.0,123596.0,24927.19946272666,0
3112059,Cantagalo,MG,Minas Gerais,Sudeste,Vale do Rio Doce,Peçanha,4575.0,56752.0,25369.0,10128.0,5994.0,13391.0,12404.808743169398,0
3112109,Caparaó,MG,Minas Gerais,Sudeste,Zona da Mata,Manhuaçu,5464.0,97643.0,26722.0,31826.0,3497.0,30137.0,17870.24158125915,0
3112208,Capela Nova,MG,Minas Gerais,Sudeste,Campo das Vertentes,Barbacena,4616.0,62458.0,26073.0,9942.0,2035.0,21289.0,13530.762564991335,0
3112307,Capelinha,MG,Minas Gerais,Sudeste,Jequitinhonha,Capelinha,38321.0,887590.0,177524.0,178060.0,92508.0,362086.0,23161.97385245688,1
3112406,Capetinga,MG,Minas Gerais,Sudeste,Sul/Sudoeste de Minas,Passos,6860.0,207248.0,36350.0,90841.0,15335.0,53391.0,30211.07871720117,0
3112505,Capim Branco,MG,Minas Gerais,Sudeste,Metropolitana de Belo Horizonte,Sete Lagoas,9896.0,123369.0,43608.0,3774.0,19508.0,48784.0,12466.552142279708,0
3112604,Capinópolis,MG,Minas Gerais,Sudeste,Triângulo Mineiro/Alto Paranaíba,Ituiutaba,16294.0,666437.0,81236.0,279994.0,51280.0,206932.0,40900.76101632503,1
3112653,Capitão Andrade,MG,Minas Gerais,Sudeste,Vale do Rio Doce,Governador Valadares,5559.0,60792.0,30413.0,8381.0,3339.0,16602.0,10935.77981651376,0
3112703,Capitão Enéas,MG,Minas Gerais,Sudeste,Norte de Minas,Montes Claros,15388.0,501415.0,74980.0,34685.0,239445.0,108565.0,32584.80634260463,1
3112802,Capitólio,MG,Minas Gerais,Sudeste,Sul/Sudoeste de Minas,Passos,8693.0,328594.0,53770.0,48236.0,25816.0,166821.0,37799.83895088002,0
3112901,Caputira,MG,Minas Gerais,Sudeste,Zona da Mata,Manhuaçu,9318.0,143709.0,45107.0,50931.0,5062.0,35861.0,15422.73019961365,0
3113008,Caraí,MG,Minas Gerais,Sudeste,Jequitinhonha,Araçuaí,23872.0,210367.0,103732.0,22223.0,22098.0,51314.0,8812.290549597856,0
3113107,Caranaíba,MG,Minas Gerais,Sudeste,Campo das Vertentes,Barbacena,3150.0,41465.0,20711.0,9041.0,1262.0,9490.0,13163.492063492064,0
3113206,Carandaí,MG,Minas Gerais,Sudeste,Campo das Vertentes,Barbacena,25831.0,751465.0,127095.0,134523.0,173881.0,231826.0,29091.59536990438,1
3113305,Carangola,MG,Minas Gerais,Sudeste,Zona da Mata,Muriaé,33022.0,639119.0,155699.0,42749.0,64493.0,336033.0,19354.33953122161,1
3113404,Caratinga,MG,Minas Gerais,Sudeste,Vale do Rio Doce,Caratinga,93124.0,2283105.0,421633.0,104001.0,296532.0,1186097.0,24516.827026330484,1
3113503,Carbonita,MG,Minas Gerais,Sudeste,Jequitinhonha,Capelinha,9423.0,220652.0,44847.0,102942.0,9270.0,54080.0,23416.321765891968,0
3113602,Careaçu,MG,Minas Gerais,Sudeste,Sul/Sudoeste de Minas,Santa Rita do Sapucaí,6826.0,174238.0,34982.0,29069.0,9930.0,81613.0,25525.63726926458,0
3113701,Carlos Chagas,MG,Minas Gerais,Sudeste,Vale do Mucuri,Nanuque,18516.0,474669.0,99217.0,96102.0,79357.0,156400.0,25635.612443292288,1
3113800,Carmésia,MG,Minas Gerais,Sudeste,Vale do Rio Doce,Guanhães,2660.0,39785.0,18623.0,7741.0,741.0,11234.0,14956.766917293233,0
3113909,Carmo da Cachoeira,MG,Minas Gerais,Sudeste,Sul/Sudoeste de Minas,Varginha,12193.0,321614.0,63988.0,131351.0,16449.0,93962.0,26376.93758714016,0
3114006,Carmo da Mata,MG,Minas Gerais,Sudeste,Oeste de Minas,Oliveira,11546.0,265586.0,58353.0,28206.0,70658.0,80346.0,23002.425082279577,0
3114105,Carmo de Minas,MG,Minas Gerais,Sudeste,Sul/Sudoeste de Minas,São Lourenço,15031.0,290553.0,74986.0,65776.0,9721.0,113443.0,19330.25081498237,0
3114204,Carmo do Cajuru,MG,Minas Gerais,Sudeste,Oeste de Minas,Divinópolis,22900.0,627199.0,120319.0,84364.0,133000.0,213544.0,27388.60262008733,1
3114303,Carmo do Paranaíba,MG,Minas Gerais,Sudeste,Triângulo Mineiro/Alto Paranaíba,Patos de Minas,30339.0,1060015.0,160570.0,268999.0,115657.0,412066.0,34939.02238043443,1
3114402,Carmo do Rio Claro,MG,Minas Gerais,Sudeste,Sul/Sudoeste de Minas,Alfenas,21310.0,694497.0,102747.0,239318.0,96410.0,213445.0,32590.192397935243,1
3114501,Carmópolis de Minas,MG,Minas Gerais,Sudeste,Oeste de Minas,Oliveira,19756.0,461515.0,100945.0,46689.0,78527.0,185392.0,23360.75116420328,1
3114550,Carneirinho,MG,Minas Gerais,Sudeste,Triângulo Mineiro/Alto Paranaíba,Frutal,10103.0,406710.0,66442.0,145994.0,64169.0,101792.0,40256.35949717906,0
3114600,Carrancas,MG,Minas Gerais,Sudeste,Campo das Vertentes,Lavras,4052.0,177636.0,24296.0,101936.0,6058.0,38560.0,43839.0918065153,0
3114709,Carvalhópolis,MG,Minas Gerais,Sudeste,Sul/Sudoeste de Minas,Alfenas,3614.0,71384.0,21744.0,27209.0,3844.0,16305.0,19752.07526286663,0
3114808,Carvalhos,MG,Minas Gerais,Sudeste,Sul/Sudoeste de Minas,Andrelândia,4445.0,80682.0,24719.0,23841.0,4494.0,23305.0,18151.181102362203,0
3114907,Casa Grande,MG,Minas Gerais,Sudeste,Metropolitana de Belo Horizonte,Conselheiro Lafaiete,2251.0,69228.0,16278.0,37940.0,1751.0,11960.0,30754.331408262995,0
3115003,Cascalho Rico,MG,Minas Gerais,Sudeste,Triângulo Mineiro/Alto Paranaíba,Uberlândia,3108.0,79984.0,22687.0,35711.0,2844.0,16354.0,25734.877734877737,0
3115102,Cássia,MG,Minas Gerais,Sudeste,Sul/Sudoeste de Minas,Passos,17741.0,436341.0,95578.0,108635.0,26671.0,174014.0,24595.062285102304,1
3115201,Conceição da Barra de Minas,MG,Minas Gerais,Sudeste,Campo das Vertentes,São João Del Rei,3939.0,68717.0,22222.0,26902.0,2321.0,15065.0,17445.290682914445,0
3115300,Cataguases,MG,Minas Gerais,Sudeste,Zona da Mata,Cataguases,75942.0,1650831.0,339665.0,18176.0,308926.0,742840.0,21738.05009085881,1
3115359,Catas Altas,MG,Minas Gerais,Sudeste,Metropolitana de Belo Horizonte,Itabira,5465.0,5032327.0,41800.0,7502.0,4069095.0,874596.0,920828.362305581,1
3115409,Catas Altas da Noruega,MG,Minas Gerais,Sudeste,Metropolitana de Belo Horizonte,Conselheiro Lafaiete,3665.0,40785.0,19635.0,7976.0,1562.0,10231.0,11128.24010914052,0
3115458,Catuji,MG,Minas Gerais,Sudeste,Vale do Mucuri,Teófilo Otoni,6206.0,83308.0,36113.0,5941.0,1974.0,32999.0,13423.78343538511,0
3115474,Catuti,MG,Minas Gerais,Sudeste,Norte de Minas,Janaúba,4944.0,56838.0,29903.0,8851.0,2103.0,14254.0,11496.359223300971,0
3115508,Caxambu,MG,Minas Gerais,Sudeste,Sul/Sudoeste de Minas,São Lourenço,21566.0,371252.0,102847.0,4115.0,26170.0,210936.0,17214.689789483447,0
3115607,Cedro do Abaeté,MG,Minas Gerais,Sudeste,Central Mineira,Três Marias,1150.0,22396.0,10687.0,4871.0,769.0,5409.0,19474.78260869565,0
3115706,Central de Minas,MG,Minas Gerais,Sudeste,Vale do Rio Doce,Mantena,7059.0,87043.0,34462.0,7155.0,3503.0,36061.0,12330.78339708174,0
3115805,Centralina,MG,Minas Gerais,Sudeste,Triângulo Mineiro/Alto Paranaíba,Uberlândia,10343.0,351125.0,50200.0,112550.0,13010.0,145931.0,33948.08082761288,0
3115904,Chácara,MG,Minas Gerais,Sudeste,Zona da Mata,Juiz de Fora,3216.0,47145.0,20703.0,5966.0,2793.0,15890.0,14659.514925373134,0
3116001,Chalé,MG,Minas Gerais,Sudeste,Zona da Mata,Manhuaçu,5695.0,114191.0,29457.0,24672.0,20141.0,32967.0,20051.097453906936,0
3116100,Chapada do Norte,MG,Minas Gerais,Sudeste,Jequitinhonha,Capelinha,15334.0,111106.0,67398.0,9747.0,2799.0,28008.0,7245.728446589279,0
3116159,Chapada Gaúcha,MG,Minas Gerais,Sudeste,Norte de Minas,Januária,14217.0,403133.0,71358.0,167954.0,12310.0,119278.0,28355.70092143209,0
3116209,Chiador,MG,Minas Gerais,Sudeste,Zona da Mata,Juiz de Fora,2657.0,37247.0,17372.0,5729.0,1220.0,11502.0,14018.441851712458,0
3116308,Cipotânea,MG,Minas Gerais,Sudeste,Zona da Mata,Viçosa,6811.0,73287.0,32355.0,9277.0,4926.0,23673.0,10760.093965643811,0
3116407,Claraval,MG,Minas Gerais,Sudeste,Sul/Sudoeste de Minas,Passos,4873.0,181971.0,27346.0,40499.0,52486.0,44195.0,37342.70469936384,0
3116506,Claro dos Poções,MG,Minas Gerais,Sudeste,Norte de Minas,Montes Claros,7478.0,83712.0,37788.0,16942.0,3968.0,21611.0,11194.437015244715,0
3116605,Cláudio,MG,Minas Gerais,Sudeste,Oeste de Minas,Divinópolis,29093.0,1117593.0,142789.0,63594.0,344831.0,397074.0,38414.49833293232,1
3116704,Coimbra,MG,Minas Gerais,Sudeste,Zona da Mata,Viçosa,7631.0,139787.0,35801.0,30316.0,9818.0,51563.0,18318.306906041147,0
3116803,Coluna,MG,Minas Gerais,Sudeste,Vale do Rio Doce,Guanhães,8810.0,121199.0,41676.0,19687.0,5165.0,45748.0,13756.980703745745,0
3116902,Comendador Gomes,MG,Minas Gerais,Sudeste,Triângulo Mineiro/Alto Paranaíba,Frutal,3128.0,154777.0,22892.0,91934.0,5377.0,27966.0,49481.13810741688,0
3117009,Comercinho,MG,Minas Gerais,Sudeste,Jequitinhonha,Pedra Azul,6624.0,68104.0,36712.0,6389.0,2185.0,20096.0,10281.400966183575,0
3117108,Conceição da Aparecida,MG,Minas Gerais,Sudeste,Sul/Sudoeste de Minas,Alfenas,10351.0,274187.0,51506.0,106235.0,11049.0,88948.0,26488.938266834124,0
3117207,Conceição das Pedras,MG,Minas Gerais,Sudeste,Sul/Sudoeste de Minas,Santa Rita do Sapucaí,2814.0,61047.0,17632.0,23761.0,2037.0,15333.0,21694.02985074627,0
3117306,Conceição das Alagoas,MG,Minas Gerais,Sudeste,Triângulo Mineiro/Alto Paranaíba,Uberaba,28782.0,1318009.0,143709.0,415017.0,208096.0,425582.0,45792.821902578,1
3117405,Conceição de Ipanema,MG,Minas Gerais,Sudeste,Vale do Rio Doce,Aimorés,4581.0,81006.0,25231.0,21269.0,19791.0,12935.0,17683.038637851998,0
3117504,Conceição do Mato Dentro,MG,Minas Gerais,Sudeste,Metropolitana de Belo Horizonte,Conceição do Mato Dentro,17438.0,9050953.0,139581.0,21947.0,7129219.0,1669366.0,519036.18534235575,1
3117603,Conceição do Pará,MG,Minas Gerais,Sudeste,Oeste de Minas,Divinópolis,5558.0,493948.0,36039.0,23387.0,285849.0,108489.0,88871.53652392948,0
3117702,Conceição do Rio Verde,MG,Minas Gerais,Sudeste,Sul/Sudoeste de Minas,São Lourenço,13729.0,343556.0,62913.0,140658.0,17578.0,106290.0,25024.10954912958,0
3117801,Conceição dos Ouros,MG,Minas Gerais,Sudeste,Sul/Sudoeste de Minas,Santa Rita do Sapucaí,11852.0,224990.0,55436.0,11345.0,55826.0,77972.0,18983.293958825518,0
3117836,Cônego Marinho,MG,Minas Gerais,Sudeste,Norte de Minas,Januária,7730.0,63478.0,39378.0,5854.0,1521.0,15136.0,8211.901681759378,0
3117876,Confins,MG,Minas Gerais,Sudeste,Metropolitana de Belo Horizonte,Belo Horizonte,6867.0,485672.0,50325.0,387.0,38059.0,334716.0,70725.498762196,0
3117900,Congonhal,MG,Minas Gerais,Sudeste,Sul/Sudoeste de Minas,Pouso Alegre,12209.0,220464.0,59284.0,18052.0,22204.0,98213.0,18057.498566631173,0
3118007,Congonhas,MG,Minas Gerais,Sudeste,Metropolitana de Belo Horizonte,Conselheiro Lafaiete,55836.0,7677447.0,413531.0,3825.0,5068164.0,1535347.0,137499.94627122287,1
3118106,Congonhas do Norte,MG,Minas Gerais,Sudeste,Metropolitana de Belo Horizonte,Conceição do Mato Dentro,5047.0,49288.0,25381.0,5423.0,1371.0,15022.0,9765.801466217556,0
3118205,Conquista,MG,Minas Gerais,Sudeste,Triângulo Mineiro/Alto Paranaíba,Uberaba,6997.0,490051.0,45563.0,158527.0,179927.0,85273.0,70037.30170072889,1
3118304,Conselheiro Lafaiete,MG,Minas Gerais,Sudeste,Metropolitana de Belo Horizonte,Conselheiro Lafaiete,130584.0,3117736.0,619394.0,21354.0,641934.0,1555477.0,23875.329289958958,1
3118403,Conselheiro Pena,MG,Minas Gerais,Sudeste,Vale do Rio Doce,Aimorés,22975.0,383757.0,117796.0,62904.0,20427.0,157851.0,16703.242655059847,0
3118502,Consolação,MG,Minas Gerais,Sudeste,Sul/Sudoeste de Minas,Itajubá,1786.0,31441.0,12458.0,9811.0,783.0,6963.0,17604.14333706607,0
3118601,Contagem,MG,Minas Gerais,Sudeste,Metropolitana de Belo Horizonte,Belo Horizonte,673849.0,36478511.0,2984614.0,3053.0,9128035.0,17512659.0,54134.54794768561,1
3118700,Coqueiral,MG,Minas Gerais,Sudeste,Sul/Sudoeste de Minas,Varginha,9099.0,234159.0,44988.0,98530.0,8098.0,70352.0,25734.586218265744,0
3118809,Coração de Jesus,MG,Minas Gerais,Sudeste,Norte de Minas,Montes Claros,26620.0,272832.0,120524.0,47026.0,12304.0,77464.0,10249.135987978963,0
3118908,Cordisburgo,MG,Minas Gerais,Sudeste,Metropolitana de Belo Horizonte,Sete Lagoas,8903.0,146188.0,39498.0,41493.0,12071.0,44486.0,16420.083118050097,0
3119005,Cordislândia,MG,Minas Gerais,Sudeste,Sul/Sudoeste de Minas,Santa Rita do Sapucaí,3546.0,113743.0,20503.0,57602.0,9490.0,21813.0,32076.424139875915,0
3119104,Corinto,MG,Minas Gerais,Sudeste,Central Mineira,Curvelo,23607.0,608967.0,113057.0,62456.0,208677.0,177181.0,25796.035074342355,1
3119203,Coroaci,MG,Minas Gerais,Sudeste,Vale do Rio Doce,Governador Valadares,9897.0,125596.0,52547.0,20283.0,13047.0,36101.0,12690.31019500859,0
3119302,Coromandel,MG,Minas Gerais,Sudeste,Triângulo Mineiro/Alto Paranaíba,Patrocínio,27958.0,1535203.0,145686.0,709975.0,127828.0,450088.0,54911.04513913728,1
3119401,Coronel Fabriciano,MG,Minas Gerais,Sudeste,Vale do Rio Doce,Ipatinga,110709.0,1995525.0,498340.0,4187.0,182863.0,1107899.0,18024.95732054305,1
3119500,Coronel Murta,MG,Minas Gerais,Sudeste,Jequitinhonha,Araçuaí,9209.0,119826.0,53953.0,8370.0,21634.0,31867.0,13011.836247149527,0
3119609,Coronel Pacheco,MG,Minas Gerais,Sudeste,Zona da Mata,Juiz de Fora,3095.0,60101.0,19829.0,13598.0,2487.0,20530.0,19418.739903069465,0
3119708,Coronel Xavier Chaves,MG,Minas Gerais,Sudeste,Campo das Vertentes,São João Del Rei,3448.0,90932.0,20825.0,28175.0,14853.0,21276.0,26372.389791183294,0
3119807,Córrego Danta,MG,Minas Gerais,Sudeste,Oeste de Minas,Piuí,3168.0,165719.0,19902.0,37657.0,5350.0,81983.0,52310.2904040404,0
3119906,Córrego do Bom Jesus,MG,Minas Gerais,Sudeste,Sul/Sudoeste de Minas,Pouso Alegre,3685.0,45603.0,20409.0,6999.0,1739.0,14764.0,12375.305291723202,0
3119955,Córrego Fundo,MG,Minas Gerais,Sudeste,Oeste de Minas,Formiga,6425.0,320483.0,35957.0,20935.0,151261.0,69671.0,49880.622568093386,0
3120003,Córrego Novo,MG,Minas Gerais,Sudeste,Vale do Rio Doce,Caratinga,2688.0,38521.0,17862.0,6586.0,3114.0,9846.0,14330.729166666666,0
3120102,Couto de Magalhães de Minas,MG,Minas Gerais,Sudeste,Jequitinhonha,Diamantina,4436.0,63266.0,25229.0,7369.0,1953.0,23601.0,14261.9477006312,0
3120151,Crisólita,MG,Minas Gerais,Sudeste,Vale do Mucuri,Nanuque,6814.0,76403.0,34916.0,24758.0,1447.0,13640.0,11212.650425594364,0
3120201,Cristais,MG,Minas Gerais,Sudeste,Oeste de Minas,Campo Belo,13060.0,295630.0,67645.0,105734.0,14687.0,90762.0,22636.294027565084,0
3120300,Cristália,MG,Minas Gerais,Sudeste,Norte de Minas,Grão Mogol,5992.0,59160.0,32511.0,7703.0,2049.0,14865.0,9873.164218958613,0
3120409,Cristiano Otoni,MG,Minas Gerais,Sudeste,Metropolitana de Belo Horizonte,Conselheiro Lafaiete,5161.0,123678.0,30765.0,33701.0,12541.0,38445.0,23963.960472776595,0
3120508,Cristina,MG,Minas Gerais,Sudeste,Sul/Sudoeste de Minas,Itajubá,10211.0,233177.0,50371.0,59544.0,47015.0,63268.0,22835.86328469298,0
3120607,Crucilândia,MG,Minas Gerais,Sudeste,Metropolitana de Belo Horizonte,Itaguara,5072.0,83064.0,28851.0,14633.0,8536.0,26438.0,16376.971608832808,0
3120706,Cruzeiro da Fortaleza,MG,Minas Gerais,Sudeste,Triângulo Mineiro/Alto Paranaíba,Patrocínio,3651.0,184033.0,24980.0,103809.0,8074.0,39326.0,50406.190084908245,0
3120805,Cruzília,MG,Minas Gerais,Sudeste,Sul/Sudoeste de Minas,Andrelândia,15529.0,317649.0,79694.0,64923.0,27782.0,125267.0,20455.212827612853,0
3120839,Cuparaque,MG,Minas Gerais,Sudeste,Vale do Rio Doce,Aimorés,5026.0,74037.0,28459.0,12701.0,3700.0,24969.0,14730.799840827696,0
3120870,Curral de Dentro,MG,Minas Gerais,Sudeste,Norte de Minas,Salinas,7867.0,80420.0,39993.0,10329.0,4653.0,22117.0,10222.4482013474,0
3120904,Curvelo,MG,Minas Gerais,Sudeste,Central Mineira,Curvelo,81085.0,2228066.0,365026.0,224572.0,433029.0,980235.0,27478.152555959798,1
3121001,Datas,MG,Minas Gerais,Sudeste,Jequitinhonha,Diamantina,5431.0,73978.0,30030.0,16494.0,2907.0,21344.0,13621.432517031852,0
3121100,Delfim Moreira,MG,Minas Gerais,Sudeste,Sul/Sudoeste de Minas,Itajubá,8007.0,125697.0,39491.0,29905.0,16138.0,33952.0,15698.388909704008,0
3121209,Delfinópolis,MG,Minas Gerais,Sudeste,Sul/Sudoeste de Minas,Passos,7146.0,247289.0,48059.0,112479.0,10267.0,65564.0,34605.233697173244,0
3121258,Delta,MG,Minas Gerais,Sudeste,Triângulo Mineiro/Alto Paranaíba,Uberaba,10994.0,466555.0,62425.0,24286.0,169661.0,141424.0,42437.238493723846,1
3121308,Descoberto,MG,Minas Gerais,Sudeste,Zona da Mata,Juiz de Fora,5044.0,81649.0,26682.0,8993.0,17809.0,22637.0,16187.35130848533,0
3121407,Desterro de Entre Rios,MG,Minas Gerais,Sudeste,Metropolitana de Belo Horizonte,Conselheiro Lafaiete,7266.0,261189.0,37895.0,31097.0,108465.0,67991.0,35946.7382328654,0
3121506,Desterro do Melo,MG,Minas Gerais,Sudeste,Campo das Vertentes,Barbacena,2867.0,50610.0,20076.0,14227.0,2036.0,12605.0,17652.598535054065,0
3121605,Diamantina,MG,Minas Gerais,Sudeste,Jequitinhonha,Diamantina,47924.0,984231.0,220330.0,64945.0,100763.0,522257.0,20537.329939070198,1
3121704,Diogo de Vasconcelos,MG,Minas Gerais,Sudeste,Metropolitana de Belo Horizonte,Ouro Preto,3779.0,42932.0,21554.0,5610.0,1051.0,12600.0,11360.677427890976,0
3121803,Dionísio,MG,Minas Gerais,Sudeste,Metropolitana de Belo Horizonte,Itabira,7493.0,90865.0,37373.0,18142.0,4823.0,27557.0,12126.651541438676,0
3121902,Divinésia,MG,Minas Gerais,Sudeste,Zona da Mata,Ubá,3430.0,63671.0,23111.0,8388.0,7107.0,21313.0,18562.973760932942,0
3122009,Divino,MG,Minas Gerais,Sudeste,Zona da Mata,Muriaé,20020.0,319453.0,87333.0,58634.0,14763.0,133845.0,15956.693306693309,0
3122108,Divino das Laranjeiras,MG,Minas Gerais,Sudeste,Vale do Rio Doce,Governador Valadares,4969.0,61680.0,27575.0,8553.0,2548.0,20062.0,12412.960354196017,0
3122207,Divinolândia de Minas,MG,Minas Gerais,Sudeste,Vale do Rio Doce,Guanhães,7655.0,82272.0,37719.0,12791.0,1707.0,26564.0,10747.485303723057,0
3122306,Divinópolis,MG,Minas Gerais,Sudeste,Oeste de Minas,Divinópolis,242505.0,8328420.0,1088600.0,109940.0,2214343.0,3802888.0,34343.291890888846,1
3122355,Divisa Alegre,MG,Minas Gerais,Sudeste,Norte de Minas,Salinas,6946.0,178202.0,39503.0,2846.0,35776.0,72727.0,25655.3412035704,0
3122405,Divisa Nova,MG,Minas Gerais,Sudeste,Sul/Sudoeste de Minas,Alfenas,6039.0,129921.0,29775.0,50118.0,5260.0,38742.0,21513.66120218579,0
3122454,Divisópolis,MG,Minas Gerais,Sudeste,Jequitinhonha,Almenara,11396.0,93183.0,51535.0,11999.0,3363.0,23701.0,8176.816426816426,0
3122470,Dom Bosco,MG,Minas Gerais,Sudeste,Noroeste de Minas,Unaí,3635.0,69488.0,20296.0,24979.0,2174.0,17887.0,19116.36863823934,0
3122504,Dom Cavati,MG,Minas Gerais,Sudeste,Vale do Rio Doce,Caratinga,5025.0,69618.0,28582.0,2305.0,3761.0,30900.0,13854.328358208955,0
3122603,Dom Joaquim,MG,Minas Gerais,Sudeste,Metropolitana de Belo Horizonte,Conceição do Mato Dentro,4436.0,67800.0,25487.0,8538.0,9525.0,21256.0,15284.039675383228,0
3122702,Dom Silvério,MG,Minas Gerais,Sudeste,Zona da Mata,Ponte Nova,5227.0,108260.0,27559.0,7670.0,18276.0,42455.0,20711.689305528984,0
3122801,Dom Viçoso,MG,Minas Gerais,Sudeste,Sul/Sudoeste de Minas,Itajubá,2992.0,39046.0,17902.0,8851.0,866.0,10414.0,13050.133689839571,0
3122900,Dona Euzébia,MG,Minas Gerais,Sudeste,Zona da Mata,Cataguases,6664.0,109854.0,34343.0,31827.0,5455.0,32872.0,16484.69387755102,0
3123007,Dores de Campos,MG,Minas Gerais,Sudeste,Campo das Vertentes,São João Del Rei,10291.0,320072.0,49941.0,6287.0,132147.0,80633.0,31102.12807307356,0
3123106,Dores de Guanhães,MG,Minas Gerais,Sudeste,Vale do Rio Doce,Guanhães,5139.0,190689.0,29355.0,10060.0,111013.0,31361.0,37106.24635143024,0
3123205,Dores do Indaiá,MG,Minas Gerais,Sudeste,Central Mineira,Bom Despacho,13373.0,352243.0,65276.0,56003.0,36419.0,157746.0,26339.86390488297,0
3123304,Dores do Turvo,MG,Minas Gerais,Sudeste,Zona da Mata,Ubá,4202.0,67069.0,23288.0,19968.0,2189.0,18801.0,15961.208948119944,0
3123403,Doresópolis,MG,Minas Gerais,Sudeste,Oeste de Minas,Piuí,1539.0,84085.0,14596.0,13217.0,32899.0,14729.0,54636.1273554256,0
3123502,Douradoquara,MG,Minas Gerais,Sudeste,Triângulo Mineiro/Alto Paranaíba,Patrocínio,1915.0,79306.0,17426.0,28396.0,12364.0,16337.0,41413.054830287205,0
3123528,Durandé,MG,Minas Gerais,Sudeste,Zona da Mata,Manhuaçu,7898.0,122873.0,36324.0,40050.0,4396.0,35666.0,15557.48290706508,0
3123601,Elói Mendes,MG,Minas Gerais,Sudeste,Sul/Sudoeste de Minas,Varginha,28556.0,705288.0,132968.0,143200.0,104157.0,247563.0,24698.41714525844,1
3123700,Engenheiro Caldas,MG,Minas Gerais,Sudeste,Vale do Rio Doce,Governador Valadares,11268.0,157012.0,60721.0,15036.0,6272.0,63876.0,13934.327298544553,0
3123809,Engenheiro Navarro,MG,Minas Gerais,Sudeste,Norte de Minas,Bocaiúva,7240.0,92057.0,38743.0,13877.0,4153.0,28291.0,12715.055248618784,0
3123858,Entre Folhas,MG,Minas Gerais,Sudeste,Vale do Rio Doce,Caratinga,5383.0,64895.0,30105.0,5265.0,2992.0,23328.0,12055.545234999072,0
3123908,Entre Rios de Minas,MG,Minas Gerais,Sudeste,Metropolitana de Belo Horizonte,Conselheiro Lafaiete,15458.0,270170.0,74303.0,35764.0,23112.0,115702.0,17477.681459438478,0
3124005,Ervália,MG,Minas Gerais,Sudeste,Zona da Mata,Viçosa,19019.0,409383.0,94087.0,138569.0,21211.0,134957.0,21524.948735475053,0
3124104,Esmeraldas,MG,Minas Gerais,Sudeste,Metropolitana de Belo Horizonte,Belo Horizonte,72512.0,973278.0,328050.0,49667.0,94673.0,425557.0,13422.30251544572,1
3124203,Espera Feliz,MG,Minas Gerais,Sudeste,Zona da Mata,Muriaé,25287.0,411016.0,117514.0,60692.0,19986.0,181545.0,16254.043579704989,0
3124302,Espinosa,MG,Minas Gerais,Sudeste,Norte de Minas,Janaúba,31603.0,364023.0,147316.0,18566.0,31371.0,139835.0,11518.62164984337,0
3124401,Espírito Santo do Dourado,MG,Minas Gerais,Sudeste,Sul/Sudoeste de Minas,Pouso Alegre,4728.0,122219.0,26388.0,28826.0,18541.0,37162.0,25850.042301184432,0
3124500,Estiva,MG,Minas Gerais,Sudeste,Sul/Sudoeste de Minas,Pouso Alegre,11416.0,601829.0,54826.0,78907.0,199725.0,196804.0,52718.02733006307,1
3124609,Estrela Dalva,MG,Minas Gerais,Sudeste,Zona da Mata,Cataguases,2308.0,42891.0,16528.0,10642.0,1538.0,12554.0,18583.62218370884,0
3124708,Estrela do Indaiá,MG,Minas Gerais,Sudeste,Central Mineira,Bom Despacho,3483.0,165338.0,21028.0,102756.0,5758.0,30964.0,47469.997128911855,0
3124807,Estrela do Sul,MG,Minas Gerais,Sudeste,Triângulo Mineiro/Alto Paranaíba,Patrocínio,8057.0,351211.0,44504.0,184656.0,45397.0,61553.0,43590.79061685491,0
3124906,Eugenópolis,MG,Minas Gerais,Sudeste,Zona da Mata,Muriaé,11383.0,221741.0,53771.0,48702.0,32092.0,72546.0,19480.01405604849,0
3125002,Ewbank da Câmara,MG,Minas Gerais,Sudeste,Zona da Mata,Juiz de Fora,3932.0,54345.0,22684.0,4013.0,4959.0,18888.0,13821.21057985758,0
3125101,Extrema,MG,Minas Gerais,Sudeste,Sul/Sudoeste de Minas,Pouso Alegre,37649.0,13653880.0,302985.0,11357.0,2418815.0,6469967.0,362662.4877154772,1
3125200,Fama,MG,Minas Gerais,Sudeste,Sul/Sudoeste de Minas,Alfenas,2374.0,58617.0,15854.0,20909.0,3169.0,17106.0,24691.23841617523,0
3125309,Faria Lemos,MG,Minas Gerais,Sudeste,Zona da Mata,Muriaé,3202.0,64355.0,19036.0,24146.0,5250.0,13590.0,20098.37601499063,0
3125408,Felício dos Santos,MG,Minas Gerais,Sudeste,Jequitinhonha,Diamantina,4656.0,73738.0,27609.0,21636.0,1865.0,19912.0,15837.199312714776,0
3125507,São Gonçalo do Rio Preto,MG,Minas Gerais,Sudeste,Jequitinhonha,Diamantina,3178.0,48742.0,20966.0,8621.0,2880.0,14036.0,15337.319068596602,0
3125606,Felisburgo,MG,Minas Gerais,Sudeste,Jequitinhonha,Almenara,7548.0,75699.0,39339.0,9273.0,1371.0,23250.0,10029.014308426073,0
3125705,Felixlândia,MG,Minas Gerais,Sudeste,Central Mineira,Curvelo,15528.0,281136.0,81220.0,66003.0,9319.0,99953.0,18105.100463678515,0
3125804,Fernandes Tourinho,MG,Minas Gerais,Sudeste,Vale do Rio Doce,Governador Valadares,3500.0,45852.0,21776.0,6668.0,1667.0,13784.0,13100.57142857143,0
3125903,Ferros,MG,Minas Gerais,Sudeste,Metropolitana de Belo Horizonte,Itabira,9576.0,147935.0,46653.0,29183.0,5439.0,57188.0,15448.517126148705,0
3125952,Fervedouro,MG,Minas Gerais,Sudeste,Zona da Mata,Muriaé,11100.0,156872.0,52230.0,45368.0,5556.0,46173.0,14132.612612612613,0
3126000,Florestal,MG,Minas Gerais,Sudeste,Metropolitana de Belo Horizonte,Pará de Minas,7602.0,142775.0,39738.0,16938.0,13307.0,60933.0,18781.241778479347,0
3126109,Formiga,MG,Minas Gerais,Sudeste,Oeste de Minas,Formiga,67956.0,2212489.0,327639.0,258240.0,352434.0,1055898.0,32557.6696686091,1
3126208,Formoso,MG,Minas Gerais,Sudeste,Noroeste de Minas,Unaí,9810.0,314877.0,52635.0,156601.0,11619.0,74453.0,32097.55351681957,0
3126307,Fortaleza de Minas,MG,Minas Gerais,Sudeste,Sul/Sudoeste de Minas,Passos,4460.0,111241.0,25732.0,28625.0,26400.0,24287.0,24941.92825112108,0
3126406,Fortuna de Minas,MG,Minas Gerais,Sudeste,Metropolitana de Belo Horizonte,Sete Lagoas,2986.0,51259.0,19988.0,11101.0,3802.0,14351.0,17166.44340254521,0
3126505,Francisco Badaró,MG,Minas Gerais,Sudeste,Jequitinhonha,Capelinha,10311.0,77801.0,44795.0,6873.0,1308.0,22316.0,7545.43691203569,0
3126604,Francisco Dumont,MG,Minas Gerais,Sudeste,Norte de Minas,Bocaiúva,5268.0,75589.0,29571.0,22579.0,2662.0,16809.0,14348.709187547456,0
3126703,Francisco Sá,MG,Minas Gerais,Sudeste,Norte de Minas,Montes Claros,26459.0,452040.0,122379.0,44167.0,15791.0,214235.0,17084.545901205638,0
3126752,Franciscópolis,MG,Minas Gerais,Sudeste,Vale do Mucuri,Teófilo Otoni,5287.0,101190.0,31038.0,16439.0,29607.0,21027.0,19139.398524683183,0
3126802,Frei Gaspar,MG,Minas Gerais,Sudeste,Vale do Mucuri,Teófilo Otoni,5858.0,80089.0,32379.0,23887.0,2451.0,18621.0,13671.730966200068,0
3126901,Frei Inocêncio,MG,Minas Gerais,Sudeste,Vale do Rio Doce,Governador Valadares,9716.0,150514.0,45353.0,12081.0,23500.0,58643.0,15491.35446685879,0
3126950,Frei Lagonegro,MG,Minas Gerais,Sudeste,Vale do Rio Doce,Peçanha,3496.0,35558.0,18232.0,7656.0,606.0,8073.0,10171.052631578948,0
3127008,Fronteira,MG,Minas Gerais,Sudeste,Triângulo Mineiro/Alto Paranaíba,Frutal,18866.0,935386.0,118382.0,14944.0,667519.0,117626.0,49580.51521255168,1
3127057,Fronteira dos Vales,MG,Minas Gerais,Sudeste,Vale do Mucuri,Nanuque,4542.0,48924.0,26447.0,7919.0,829.0,12542.0,10771.466314398944,0
3127073,Fruta de Leite,MG,Minas Gerais,Sudeste,Norte de Minas,Salinas,5232.0,47075.0,28614.0,3577.0,1957.0,11414.0,8997.515290519877,0
3127107,Frutal,MG,Minas Gerais,Sudeste,Triângulo Mineiro/Alto Paranaíba,Frutal,60508.0,2472972.0,310608.0,413665.0,358144.0,1007364.0,40870.16592847227,1
3127206,Funilândia,MG,Minas Gerais,Sudeste,Metropolitana de Belo Horizonte,Sete Lagoas,4434.0,83300.0,29375.0,15041.0,11773.0,21972.0,18786.64862426703,0
3127305,Galiléia,MG,Minas Gerais,Sudeste,Vale do Rio Doce,Governador Valadares,6764.0,113699.0,34611.0,17937.0,23055.0,33369.0,16809.432288586635,0
3127339,Gameleiras,MG,Minas Gerais,Sudeste,Norte de Minas,Janaúba,5084.0,57342.0,30732.0,8595.0,1189.0,14403.0,11278.91424075531,0
3127354,Glaucilândia,MG,Minas Gerais,Sudeste,Norte de Minas,Montes Claros,3177.0,41126.0,20673.0,4822.0,4140.0,9657.0,12944.91658797608,0
3127370,Goiabeira,MG,Minas Gerais,Sudeste,Vale do Rio Doce,Aimorés,3402.0,49898.0,21677.0,6545.0,1378.0,17406.0,14667.254556143444,0
3127388,Goianá,MG,Minas Gerais,Sudeste,Zona da Mata,Juiz de Fora,4014.0,62242.0,24416.0,4713.0,3262.0,25823.0,15506.228201295466,0
3127404,Gonçalves,MG,Minas Gerais,Sudeste,Sul/Sudoeste de Minas,Pouso Alegre,4360.0,94305.0,24950.0,11314.0,6490.0,42941.0,21629.5871559633,0
3127503,Gonzaga,MG,Minas Gerais,Sudeste,Vale do Rio Doce,Guanhães,6184.0,68965.0,32912.0,7614.0,3556.0,21519.0,11152.166882276844,0
3127602,Gouveia,MG,Minas Gerais,Sudeste,Jequitinhonha,Diamantina,11811.0,198843.0,59375.0,9034.0,44915.0,71577.0,16835.40767081534,0
3127701,Governador Valadares,MG,Minas Gerais,Sudeste,Vale do Rio Doce,Governador Valadares,282164.0,7382104.0,1481770.0,65863.0,848298.0,4130148.0,26162.45871195475,1
3127800,Grão Mogol,MG,Minas Gerais,Sudeste,Norte de Minas,Grão Mogol,15943.0,770836.0,81711.0,184816.0,437028.0,56574.0,48349.495076208994,1
3127909,Grupiara,MG,Minas Gerais,Sudeste,Triângulo Mineiro/Alto Paranaíba,Patrocínio,1386.0,44193.0,18719.0,12477.0,1530.0,10358.0,31885.281385281385,0
3128006,Guanhães,MG,Minas Gerais,Sudeste,Vale do Rio Doce,Guanhães,34818.0,996792.0,164681.0,48641.0,229837.0,451477.0,28628.64035843529,1
3128105,Guapé,MG,Minas Gerais,Sudeste,Sul/Sudoeste de Minas,Varginha,14269.0,390741.0,79614.0,167532.0,14947.0,109738.0,27383.909173733267,0
3128204,Guaraciaba,MG,Minas Gerais,Sudeste,Zona da Mata,Ponte Nova,10307.0,115211.0,48626.0,21988.0,5991.0,34461.0,11177.937324148636,0
3128253,Guaraciama,MG,Minas Gerais,Sudeste,Norte de Minas,Bocaiúva,5005.0,78006.0,29253.0,30401.0,1973.0,14199.0,15585.614385614386,0
3128303,Guaranésia,MG,Minas Gerais,Sudeste,Sul/Sudoeste de Minas,São Sebastião do Paraíso,19014.0,549498.0,95428.0,41992.0,171371.0,160457.0,28899.652887346165,1
3128402,Guarani,MG,Minas Gerais,Sudeste,Zona da Mata,Ubá,8926.0,173383.0,43684.0,22762.0,34235.0,56702.0,19424.49025319292,0
3128501,Guarará,MG,Minas Gerais,Sudeste,Zona da Mata,Juiz de Fora,3755.0,57624.0,23231.0,5500.0,6786.0,18298.0,15345.938748335551,0
3128600,Guarda-Mor,MG,Minas Gerais,Sudeste,Noroeste de Minas,Paracatu,6558.0,750765.0,46873.0,521504.0,32410.0,124374.0,114480.7868252516,1
3128709,Guaxupé,MG,Minas Gerais,Sudeste,Sul/Sudoeste de Minas,São Sebastião do Paraíso,52234.0,2806751.0,254996.0,51222.0,553486.0,1424653.0,53734.17697285293,1
3128808,Guidoval,MG,Minas Gerais,Sudeste,Zona da Mata,Ubá,7026.0,123262.0,36897.0,14082.0,24273.0,39226.0,17543.69484770851,0
3128907,Guimarânia,MG,Minas Gerais,Sudeste,Triângulo Mineiro/Alto Paranaíba,Patos de Minas,8168.0,327592.0,42385.0,124603.0,79591.0,66833.0,40106.75808031342,0
3129004,Guiricema,MG,Minas Gerais,Sudeste,Zona da Mata,Ubá,8296.0,114327.0,38791.0,23317.0,8509.0,35549.0,13780.978784956606,0
3129103,Gurinhatã,MG,Minas Gerais,Sudeste,Triângulo Mineiro/Alto Paranaíba,Ituiutaba,5516.0,180788.0,31294.0,109750.0,4036.0,29839.0,32775.199419869474,0
3129202,Heliodora,MG,Minas Gerais,Sudeste,Sul/Sudoeste de Minas,Santa Rita do Sapucaí,6623.0,133435.0,30958.0,41483.0,5568.0,47605.0,20147.214253359503,0
3129301,Iapu,MG,Minas Gerais,Sudeste,Vale do Rio Doce,Caratinga,11085.0,176380.0,53853.0,17272.0,29068.0,61728.0,15911.592241768156,0
3129400,Ibertioga,MG,Minas Gerais,Sudeste,Campo das Vertentes,Barbacena,4999.0,103540.0,29391.0,41621.0,3505.0,25635.0,20712.1424284857,0
3129509,Ibiá,MG,Minas Gerais,Sudeste,Triângulo Mineiro/Alto Paranaíba,Araxá,25511.0,1534624.0,133072.0,479993.0,273328.0,481803.0,60155.3839520207,1
3129608,Ibiaí,MG,Minas Gerais,Sudeste,Norte de Minas,Pirapora,8478.0,114948.0,42265.0,34060.0,4731.0,27461.0,13558.386411889596,0
3129657,Ibiracatu,MG,Minas Gerais,Sudeste,Norte de Minas,Montes Claros,5340.0,51252.0,30827.0,3829.0,1689.0,13442.0,9597.752808988764,0
3129707,Ibiraci,MG,Minas Gerais,Sudeste,Sul/Sudoeste de Minas,Passos,14128.0,728232.0,74327.0,138203.0,344485.0,137367.0,51545.30011325028,1
3129806,Ibirité,MG,Minas Gerais,Sudeste,Metropolitana de Belo Horizonte,Belo Horizonte,184030.0,3202480.0,846005.0,2938.0,1180376.0,894576.0,17401.945334999727,1
3129905,Ibitiúra de Minas,MG,Minas Gerais,Sudeste,Sul/Sudoeste de Minas,Poços de Caldas,3497.0,77622.0,20278.0,26006.0,3964.0,23114.0,22196.740062911067,0
3130002,Ibituruna,MG,Minas Gerais,Sudeste,Oeste de Minas,Oliveira,3003.0,59365.0,18379.0,21001.0,2082.0,15259.0,19768.564768564767,0
3130051,Icaraí de Minas,MG,Minas Gerais,Sudeste,Norte de Minas,Januária,12200.0,111419.0,55173.0,24441.0,4044.0,24396.0,9132.704918032789,0
3130101,Igarapé,MG,Minas Gerais,Sudeste,Metropolitana de Belo Horizonte,Belo Horizonte,44561.0,966978.0,223262.0,88040.0,176875.0,385291.0,21700.09649693678,1
3130200,Igaratinga,MG,Minas Gerais,Sudeste,Oeste de Minas,Divinópolis,11146.0,577884.0,55047.0,49857.0,206563.0,176310.0,51846.76116992643,1
3130309,Iguatama,MG,Minas Gerais,Sudeste,Oeste de Minas,Piuí,7901.0,586931.0,37045.0,131645.0,209144.0,125768.0,74285.66004303253,1
3130408,Ijaci,MG,Minas Gerais,Sudeste,Campo das Vertentes,Lavras,6667.0,494349.0,38074.0,15809.0,273621.0,82617.0,74148.6425678716,0
3130507,Ilicínea,MG,Minas Gerais,Sudeste,Sul/Sudoeste de Minas,Varginha,12511.0,265457.0,62150.0,90096.0,12022.0,85826.0,21217.888258332667,0
3130556,Imbé de Minas,MG,Minas Gerais,Sudeste,Vale do Rio Doce,Caratinga,6976.0,101196.0,35319.0,38535.0,3330.0,21426.0,14506.30733944954,0
3130606,Inconfidentes,MG,Minas Gerais,Sudeste,Sul/Sudoeste de Minas,Poços de Caldas,7387.0,132560.0,36819.0,36173.0,10767.0,39984.0,17945.038581291457,0
3130655,Indaiabira,MG,Minas Gerais,Sudeste,Norte de Minas,Salinas,7328.0,87300.0,36451.0,24823.0,7343.0,16252.0,11913.2096069869,0
3130705,Indianópolis,MG,Minas Gerais,Sudeste,Triângulo Mineiro/Alto Paranaíba,Uberlândia,7009.0,875623.0,49074.0,255034.0,411413.0,99290.0,124928.37779997148,1
3130804,Ingaí,MG,Minas Gerais,Sudeste,Campo das Vertentes,Lavras,2785.0,115689.0,19329.0,55696.0,13266.0,21371.0,41540.035906642726,0
3130903,Inhapim,MG,Minas Gerais,Sudeste,Vale do Rio Doce,Caratinga,24020.0,404766.0,114096.0,67000.0,20169.0,178551.0,16851.207327227312,0
3131000,Inhaúma,MG,Minas Gerais,Sudeste,Metropolitana de Belo Horizonte,Sete Lagoas,6352.0,145761.0,37050.0,22827.0,28989.0,44109.0,22947.26070528967,0
3131109,Inimutaba,MG,Minas Gerais,Sudeste,Central Mineira,Curvelo,7605.0,90714.0,36333.0,13001.0,8264.0,27345.0,11928.205128205129,0
3131158,Ipaba,MG,Minas Gerais,Sudeste,Vale do Rio Doce,Caratinga,18926.0,180272.0,89471.0,1869.0,9320.0,69446.0,9525.097749128185,0
3131208,Ipanema,MG,Minas Gerais,Sudeste,Vale do Rio Doce,Aimorés,20133.0,344482.0,99035.0,27228.0,32176.0,154290.0,17110.31639596682,0
3131307,Ipatinga,MG,Minas Gerais,Sudeste,Vale do Rio Doce,Ipatinga,267333.0,17607740.0,1302408.0,3358.0,9194725.0,5139848.0,65864.44621502022,1
3131406,Ipiaçu,MG,Minas Gerais,Sudeste,Triângulo Mineiro/Alto Paranaíba,Ituiutaba,4229.0,183043.0,28553.0,105370.0,8096.0,35664.0,43282.8091747458,0
3131505,Ipuiúna,MG,Minas Gerais,Sudeste,Sul/Sudoeste de Minas,Pouso Alegre,10156.0,188547.0,48626.0,36810.0,10289.0,78664.0,18565.084679007483,0
3131604,Iraí de Minas,MG,Minas Gerais,Sudeste,Triângulo Mineiro/Alto Paranaíba,Patrocínio,7067.0,301450.0,37007.0,93424.0,49350.0,92322.0,42656.006792132444,0
3131703,Itabira,MG,Minas Gerais,Sudeste,Metropolitana de Belo Horizonte,Itabira,121717.0,14971550.0,601371.0,24520.0,10408561.0,3474565.0,123002.94946474198,1
3131802,Itabirinha,MG,Minas Gerais,Sudeste,Vale do Rio Doce,Mantena,11637.0,136366.0,52402.0,11006.0,11794.0,53971.0,11718.3122797972,0
3131901,Itabirito,MG,Minas Gerais,Sudeste,Metropolitana de Belo Horizonte,Ouro Preto,52996.0,13139282.0,422545.0,8517.0,9350839.0,2818662.0,247929.6928070043,1
3132008,Itacambira,MG,Minas Gerais,Sudeste,Norte de Minas,Grão Mogol,5447.0,61709.0,28212.0,21654.0,999.0,9154.0,11328.988434000366,0
3132107,Itacarambi,MG,Minas Gerais,Sudeste,Norte de Minas,Januária,18175.0,226687.0,92757.0,31303.0,13425.0,73884.0,12472.462173314992,0
3132206,Itaguara,MG,Minas Gerais,Sudeste,Metropolitana de Belo Horizonte,Itaguara,13510.0,402204.0,69964.0,31078.0,87518.0,167038.0,29770.83641746854,0
3132305,Itaipé,MG,Minas Gerais,Sudeste,Vale do Mucuri,Teófilo Otoni,12910.0,121611.0,65343.0,10471.0,2935.0,38096.0,9419.90704879938,0
3132404,Itajubá,MG,Minas Gerais,Sudeste,Sul/Sudoeste de Minas,Itajubá,97782.0,3611716.0,452169.0,16019.0,1069961.0,1458481.0,36936.40956413246,1
3132503,Itamarandiba,MG,Minas Gerais,Sudeste,Jequitinhonha,Capelinha,35130.0,647443.0,163286.0,223822.0,46228.0,181737.0,18429.917449473385,1
3132602,Itamarati de Minas,MG,Minas Gerais,Sudeste,Zona da Mata,Cataguases,4395.0,67305.0,25926.0,16731.0,3335.0,18304.0,15313.993174061434,0
3132701,Itambacuri,MG,Minas Gerais,Sudeste,Vale do Rio Doce,Governador Valadares,23207.0,341003.0,107633.0,42929.0,23654.0,141212.0,14693.971646485974,0
3132800,Itambé do Mato Dentro,MG,Minas Gerais,Sudeste,Metropolitana de Belo Horizonte,Conceição do Mato Dentro,2032.0,35863.0,15816.0,6428.0,761.0,11050.0,17649.114173228347,0
3132909,Itamogi,MG,Minas Gerais,Sudeste,Sul/Sudoeste de Minas,São Sebastião do Paraíso,10122.0,236283.0,53475.0,74593.0,8826.0,82840.0,23343.50918790753,0
3133006,Itamonte,MG,Minas Gerais,Sudeste,Sul/Sudoeste de Minas,São Lourenço,15844.0,1181671.0,72644.0,19961.0,593763.0,290540.0,74581.60817975258,1
3133105,Itanhandu,MG,Minas Gerais,Sudeste,Sul/Sudoeste de Minas,São Lourenço,15511.0,470089.0,77926.0,175470.0,35448.0,153182.0,30306.814518728643,1
3133204,Itanhomi,MG,Minas Gerais,Sudeste,Vale do Rio Doce,Governador Valadares,12259.0,151256.0,59887.0,17312.0,9877.0,57759.0,12338.36365119504,0
3133303,Itaobim,MG,Minas Gerais,Sudeste,Jequitinhonha,Pedra Azul,20997.0,308690.0,102689.0,8641.0,15745.0,154033.0,14701.624041529742,0
3133402,Itapagipe,MG,Minas Gerais,Sudeste,Triângulo Mineiro/Alto Paranaíba,Frutal,15511.0,514170.0,79549.0,158473.0,85925.0,142755.0,33148.73315711431,1
3133501,Itapecerica,MG,Minas Gerais,Sudeste,Oeste de Minas,Formiga,21760.0,628985.0,100950.0,90091.0,168658.0,209719.0,28905.560661764703,1
3133600,Itapeva,MG,Minas Gerais,Sudeste,Sul/Sudoeste de Minas,Pouso Alegre,9976.0,849148.0,54358.0,11335.0,38582.0,551967.0,85119.08580593424,1
3133709,Itatiaiuçu,MG,Minas Gerais,Sudeste,Metropolitana de Belo Horizonte,Itaguara,11354.0,6934362.0,79177.0,34264.0,5451782.0,1247245.0,610741.7650167341,1
3133758,Itaú de Minas,MG,Minas Gerais,Sudeste,Sul/Sudoeste de Minas,Passos,16286.0,724062.0,87702.0,26986.0,349621.0,172414.0,44459.16738302837,1
3133808,Itaúna,MG,Minas Gerais,Sudeste,Oeste de Minas,Divinópolis,94455.0,5082302.0,461407.0,43731.0,2165845.0,1536308.0,53806.59573341803,1
3133907,Itaverava,MG,Minas Gerais,Sudeste,Metropolitana de Belo Horizonte,Conselheiro Lafaiete,5321.0,71363.0,30218.0,11330.0,6040.0,20429.0,13411.576771283591,0
3134004,Itinga,MG,Minas Gerais,Sudeste,Jequitinhonha,Araçuaí,15053.0,148251.0,66791.0,14207.0,18520.0,39953.0,9848.60160765296,0
3134103,Itueta,MG,Minas Gerais,Sudeste,Vale do Rio Doce,Aimorés,6074.0,122238.0,34945.0,27189.0,5185.0,42123.0,20124.79420480737,0
3134202,Ituiutaba,MG,Minas Gerais,Sudeste,Triângulo Mineiro/Alto Paranaíba,Ituiutaba,105818.0,3797167.0,508478.0,400382.0,762865.0,1644495.0,35883.94224045058,1
3134301,Itumirim,MG,Minas Gerais,Sudeste,Campo das Vertentes,Lavras,5978.0,91596.0,31408.0,30313.0,3633.0,23419.0,15322.181331549013,0
3134400,Iturama,MG,Minas Gerais,Sudeste,Triângulo Mineiro/Alto Paranaíba,Frutal,40101.0,2016962.0,206578.0,163573.0,791646.0,660405.0,50297.04994887908,1
3134509,Itutinga,MG,Minas Gerais,Sudeste,Campo das Vertentes,Lavras,3749.0,172518.0,23249.0,55593.0,53472.0,33973.0,46017.07121899173,0
3134608,Jaboticatubas,MG,Minas Gerais,Sudeste,Metropolitana de Belo Horizonte,Sete Lagoas,20683.0,297804.0,96883.0,19439.0,16555.0,144648.0,14398.491514770583,0
3134707,Jacinto,MG,Minas Gerais,Sudeste,Jequitinhonha,Almenara,12320.0,131534.0,59966.0,17446.0,6488.0,43001.0,10676.46103896104,0
3134806,Jacuí,MG,Minas Gerais,Sudeste,Sul/Sudoeste de Minas,São Sebastião do Paraíso,7695.0,150928.0,38515.0,52168.0,6092.0,46892.0,19613.775178687458,0
3134905,Jacutinga,MG,Minas Gerais,Sudeste,Sul/Sudoeste de Minas,Poços de Caldas,26538.0,1143674.0,138443.0,45068.0,340740.0,394493.0,43095.711809480745,1
3135001,Jaguaraçu,MG,Minas Gerais,Sudeste,Vale do Rio Doce,Ipatinga,3151.0,109803.0,20524.0,2990.0,33390.0,39728.0,34847.03268803554,0
3135050,Jaíba,MG,Minas Gerais,Sudeste,Norte de Minas,Janaúba,39850.0,849078.0,188395.0,208983.0,147075.0,230800.0,21306.85069008783,1
3135076,Jampruca,MG,Minas Gerais,Sudeste,Vale do Rio Doce,Governador Valadares,5453.0,82526.0,28119.0,30172.0,5191.0,16637.0,15134.054648817164,0
3135100,Janaúba,MG,Minas Gerais,Sudeste,Norte de Minas,Janaúba,72374.0,1603605.0,352483.0,60175.0,316302.0,690152.0,22157.19733605991,1
3135209,Januária,MG,Minas Gerais,Sudeste,Norte de Minas,Januária,67958.0,824553.0,295473.0,54588.0,36250.0,376166.0,12133.27349245122,1
3135308,Japaraíba,MG,Minas Gerais,Sudeste,Central Mineira,Bom Despacho,4418.0,101345.0,26214.0,36439.0,5127.0,28490.0,22939.112720688096,0
3135357,Japonvar,MG,Minas Gerais,Sudeste,Norte de Minas,Montes Claros,7991.0,77418.0,40265.0,5883.0,3167.0,24515.0,9688.14916781379,0
3135407,Jeceaba,MG,Minas Gerais,Sudeste,Metropolitana de Belo Horizonte,Itaguara,4795.0,1952716.0,60195.0,10477.0,1315048.0,293404.0,407240.0417101147,1
3135456,Jenipapo de Minas,MG,Minas Gerais,Sudeste,Jequitinhonha,Capelinha,7781.0,79486.0,37184.0,13510.0,1562.0,21599.0,10215.396478601722,0
3135506,Jequeri,MG,Minas Gerais,Sudeste,Zona da Mata,Ponte Nova,12246.0,193976.0,61225.0,56906.0,8921.0,57211.0,15839.94773803691,0
3135605,Jequitaí,MG,Minas Gerais,Sudeste,Norte de Minas,Pirapora,7407.0,130436.0,37888.0,33022.0,14026.0,35480.0,17609.82854056973,0
3135704,Jequitibá,MG,Minas Gerais,Sudeste,Metropolitana de Belo Horizonte,Sete Lagoas,5203.0,126108.0,29270.0,45431.0,7611.0,36970.0,24237.555256582746,0
3135803,Jequitinhonha,MG,Minas Gerais,Sudeste,Jequitinhonha,Almenara,25555.0,274885.0,116907.0,26488.0,12045.0,105138.0,10756.603404421836,0
3135902,Jesuânia,MG,Minas Gerais,Sudeste,Sul/Sudoeste de Minas,São Lourenço,4774.0,104192.0,26588.0,44001.0,2826.0,26499.0,21824.88479262673,0
3136009,Joaíma,MG,Minas Gerais,Sudeste,Jequitinhonha,Almenara,15476.0,162645.0,76020.0,23803.0,6680.0,49477.0,10509.498578444043,0
3136108,Joanésia,MG,Minas Gerais,Sudeste,Vale do Rio Doce,Ipatinga,4382.0,110201.0,27080.0,6736.0,57648.0,16895.0,25148.56230031949,0
3136207,João Monlevade,MG,Minas Gerais,Sudeste,Metropolitana de Belo Horizonte,Itabira,80903.0,4852510.0,408266.0,3795.0,2435702.0,1443267.0,59979.35799661323,1
3136306,João Pinheiro,MG,Minas Gerais,Sudeste,Noroeste de Minas,Paracatu,47990.0,2156345.0,245101.0,594332.0,429356.0,675479.0,44933.21525317775,1
3136405,Joaquim Felício,MG,Minas Gerais,Sudeste,Central Mineira,Curvelo,4757.0,72279.0,29509.0,14783.0,5232.0,17598.0,15194.240067269287,0
3136504,Jordânia,MG,Minas Gerais,Sudeste,Jequitinhonha,Almenara,10872.0,107127.0,52124.0,15304.0,3269.0,32439.0,9853.476821192053,0
3136520,José Gonçalves de Minas,MG,Minas Gerais,Sudeste,Jequitinhonha,Capelinha,4474.0,51739.0,25507.0,10672.0,1599.0,12436.0,11564.371926687529,0
3136553,José Raydan,MG,Minas Gerais,Sudeste,Vale do Rio Doce,Peçanha,5104.0,72330.0,28731.0,10209.0,8210.0,20287.0,14171.238244514108,0
3136579,Josenópolis,MG,Minas Gerais,Sudeste,Norte de Minas,Grão Mogol,4911.0,58017.0,27406.0,15879.0,2115.0,10421.0,11813.683567501526,0
3136603,Nova União,MG,Minas Gerais,Sudeste,Metropolitana de Belo Horizonte,Itabira,5739.0,107483.0,31325.0,18939.0,8321.0,41008.0,18728.52413312424,0
3136652,Juatuba,MG,Minas Gerais,Sudeste,Metropolitana de Belo Horizonte,Belo Horizonte,27823.0,1436347.0,168330.0,4005.0,564162.0,428000.0,51624.4473996334,1
3136702,Juiz de Fora,MG,Minas Gerais,Sudeste,Zona da Mata,Juiz de Fora,577532.0,20281698.0,2668123.0,55014.0,4526246.0,10190643.0,35117.87745094644,1
3136801,Juramento,MG,Minas Gerais,Sudeste,Norte de Minas,Montes Claros,4359.0,51591.0,24297.0,10851.0,2069.0,12675.0,11835.512732278046,0
3136900,Juruaia,MG,Minas Gerais,Sudeste,Sul/Sudoeste de Minas,São Sebastião do Paraíso,10795.0,274079.0,53485.0,76533.0,46395.0,76462.0,25389.439555349694,0
3136959,Juvenília,MG,Minas Gerais,Sudeste,Norte de Minas,Januária,5706.0,65619.0,32758.0,11593.0,2832.0,16409.0,11500.0,0
3137007,Ladainha,MG,Minas Gerais,Sudeste,Vale do Mucuri,Teófilo Otoni,18272.0,147335.0,81763.0,24142.0,2443.0,35208.0,8063.430385288967,0
3137106,Lagamar,MG,Minas Gerais,Sudeste,Noroeste de Minas,Paracatu,7588.0,242478.0,38500.0,117110.0,22148.0,54459.0,31955.455983131254,0
3137205,Lagoa da Prata,MG,Minas Gerais,Sudeste,Central Mineira,Bom Despacho,53236.0,1984774.0,242784.0,57576.0,567331.0,842915.0,37282.55315951612,1
3137304,Lagoa dos Patos,MG,Minas Gerais,Sudeste,Norte de Minas,Pirapora,4062.0,59595.0,24366.0,18974.0,2120.0,12643.0,14671.344165435748,0
3137403,Lagoa Dourada,MG,Minas Gerais,Sudeste,Campo das Vertentes,São João Del Rei,13115.0,345374.0,69224.0,137383.0,12008.0,106472.0,26334.27373236752,0
3137502,Lagoa Formosa,MG,Minas Gerais,Sudeste,Triângulo Mineiro/Alto Paranaíba,Patos de Minas,18168.0,565539.0,95526.0,218861.0,53377.0,162994.0,31128.30250990753,1
3137536,Lagoa Grande,MG,Minas Gerais,Sudeste,Noroeste de Minas,Paracatu,9681.0,292472.0,49547.0,121019.0,13822.0,83845.0,30210.928623076128,0
3137601,Lagoa Santa,MG,Minas Gerais,Sudeste,Metropolitana de Belo Horizonte,Belo Horizonte,66744.0,2187875.0,343540.0,4776.0,454769.0,1036079.0,32780.100083902675,1
3137700,Lajinha,MG,Minas Gerais,Sudeste,Zona da Mata,Manhuaçu,19914.0,399767.0,97149.0,80201.0,17151.0,168246.0,20074.67108566837,0
3137809,Lambari,MG,Minas Gerais,Sudeste,Sul/Sudoeste de Minas,São Lourenço,20995.0,405229.0,98512.0,44908.0,39245.0,185367.0,19301.214574898782,0
3137908,Lamim,MG,Minas Gerais,Sudeste,Zona da Mata,Viçosa,3366.0,52121.0,20931.0,8636.0,3217.0,16439.0,15484.551396316105,0
3138005,Laranjal,MG,Minas Gerais,Sudeste,Zona da Mata,Cataguases,6856.0,95736.0,35129.0,20736.0,6375.0,29118.0,13963.827304550758,0
3138104,Lassance,MG,Minas Gerais,Sudeste,Norte de Minas,Pirapora,6494.0,192531.0,41281.0,103639.0,4217.0,34766.0,29647.52078842008,0
3138203,Lavras,MG,Minas Gerais,Sudeste,Campo das Vertentes,Lavras,105756.0,2941308.0,504552.0,145241.0,447002.0,1474978.0,27812.209236355386,1
3138302,Leandro Ferreira,MG,Minas Gerais,Sudeste,Central Mineira,Bom Despacho,3222.0,55488.0,19752.0,15934.0,3002.0,15008.0,17221.601489757915,0
3138351,Leme do Prado,MG,Minas Gerais,Sudeste,Jequitinhonha,Capelinha,4923.0,66185.0,29588.0,11521.0,2766.0,19273.0,13444.038188096689,0
3138401,Leopoldina,MG,Minas Gerais,Sudeste,Zona da Mata,Cataguases,52690.0,1112639.0,241365.0,74611.0,82102.0,600661.0,21116.70146137787,1
3138500,Liberdade,MG,Minas Gerais,Sudeste,Sul/Sudoeste de Minas,Andrelândia,4994.0,107623.0,26323.0,35743.0,4997.0,35076.0,21550.4605526632,0
3138609,Lima Duarte,MG,Minas Gerais,Sudeste,Zona da Mata,Juiz de Fora,16749.0,339219.0,80859.0,54052.0,33699.0,142559.0,20253.0897367007,0
3138625,Limeira do Oeste,MG,Minas Gerais,Sudeste,Triângulo Mineiro/Alto Paranaíba,Frutal,7640.0,462720.0,49000.0,131396.0,136949.0,106584.0,60565.44502617801,1
3138658,Lontra,MG,Minas Gerais,Sudeste,Norte de Minas,Montes Claros,9766.0,93829.0,52522.0,3420.0,3640.0,30226.0,9607.72066352652,0
3138674,Luisburgo,MG,Minas Gerais,Sudeste,Zona da Mata,Manhuaçu,6249.0,132765.0,33783.0,68198.0,4088.0,23564.0,21245.799327892462,0
3138682,Luislândia,MG,Minas Gerais,Sudeste,Norte de Minas,Montes Claros,6735.0,65469.0,34905.0,6593.0,1823.0,19446.0,9720.712694877506,0
3138708,Luminárias,MG,Minas Gerais,Sudeste,Campo das Vertentes,Lavras,5431.0,149049.0,30276.0,71845.0,8407.0,33554.0,27444.117105505436,0
3138807,Luz,MG,Minas Gerais,Sudeste,Central Mineira,Bom Despacho,18297.0,657535.0,91496.0,160850.0,55343.0,287865.0,35936.76558998743,1
3138906,Machacalis,MG,Minas Gerais,Sudeste,Vale do Mucuri,Nanuque,7112.0,112414.0,38231.0,14646.0,13374.0,38222.0,15806.242969628796,0
3139003,Machado,MG,Minas Gerais,Sudeste,Sul/Sudoeste de Minas,Alfenas,42682.0,1373896.0,198167.0,201085.0,173113.0,611715.0,32189.11953516705,1
3139102,Madre de Deus de Minas,MG,Minas Gerais,Sudeste,Campo das Vertentes,São João Del Rei,5119.0,301965.0,28643.0,174758.0,28918.0,57712.0,58989.06036335222,0
3139201,Malacacheta,MG,Minas Gerais,Sudeste,Vale do Mucuri,Teófilo Otoni,18556.0,235786.0,84056.0,24647.0,23473.0,88459.0,12706.72558741108,0
3139250,Mamonas,MG,Minas Gerais,Sudeste,Norte de Minas,Janaúba,6565.0,60080.0,34454.0,4496.0,2084.0,16610.0,9151.56130997715,0
3139300,Manga,MG,Minas Gerais,Sudeste,Norte de Minas,Januária,18051.0,243336.0,94188.0,37042.0,10546.0,88071.0,13480.471996011302,0
3139409,Manhuaçu,MG,Minas Gerais,Sudeste,Zona da Mata,Manhuaçu,92074.0,3277778.0,429830.0,176179.0,692273.0,1538206.0,35599.38744922562,1
3139508,Manhumirim,MG,Minas Gerais,Sudeste,Zona da Mata,Manhuaçu,22894.0,563358.0,113711.0,43008.0,13096.0,309526.0,24607.233336245303,1
3139607,Mantena,MG,Minas Gerais,Sudeste,Vale do Rio Doce,Mantena,27651.0,476839.0,140344.0,38392.0,25391.0,237065.0,17244.909768181984,1
3139706,Maravilhas,MG,Minas Gerais,Sudeste,Metropolitana de Belo Horizonte,Sete Lagoas,8113.0,233073.0,38662.0,21318.0,78368.0,66636.0,28728.33723653396,0
3139805,Mar de Espanha,MG,Minas Gerais,Sudeste,Zona da Mata,Juiz de Fora,12985.0,227482.0,57363.0,20708.0,37579.0,92993.0,17518.829418559875,0
3139904,Maria da Fé,MG,Minas Gerais,Sudeste,Sul/Sudoeste de Minas,Itajubá,14019.0,203119.0,69049.0,19527.0,14410.0,83991.0,14488.836578928596,0
3140001,Mariana,MG,Minas Gerais,Sudeste,Metropolitana de Belo Horizonte,Ouro Preto,61830.0,7367033.0,433645.0,18556.0,5066961.0,1648599.0,119149.81400614588,1
3140100,Marilac,MG,Minas Gerais,Sudeste,Vale do Rio Doce,Governador Valadares,4079.0,57772.0,25002.0,11691.0,2171.0,16605.0,14163.275312576612,0
3140159,Mário Campos,MG,Minas Gerais,Sudeste,Metropolitana de Belo Horizonte,Belo Horizonte,15814.0,197957.0,70994.0,15263.0,13907.0,82748.0,12517.832300493234,0
3140209,Maripá de Minas,MG,Minas Gerais,Sudeste,Zona da Mata,Juiz de Fora,3000.0,74902.0,18996.0,12088.0,12780.0,24739.0,24967.33333333333,0
3140308,Marliéria,MG,Minas Gerais,Sudeste,Vale do Rio Doce,Ipatinga,4030.0,60417.0,30164.0,7318.0,2144.0,18002.0,14991.81141439206,0
3140407,Marmelópolis,MG,Minas Gerais,Sudeste,Sul/Sudoeste de Minas,Itajubá,2701.0,42790.0,17705.0,9709.0,980.0,12957.0,15842.280636801184,0
3140506,Martinho Campos,MG,Minas Gerais,Sudeste,Central Mineira,Bom Despacho,13497.0,474367.0,67591.0,130382.0,71088.0,161285.0,35146.10654219456,1
3140530,Martins Soares,MG,Minas Gerais,Sudeste,Zona da Mata,Manhuaçu,8640.0,215621.0,41102.0,26413.0,55291.0,68355.0,24956.13425925926,0
3140555,Mata Verde,MG,Minas Gerais,Sudeste,Jequitinhonha,Almenara,8700.0,91547.0,42993.0,8019.0,11730.0,25855.0,10522.64367816092,0
3140605,Materlândia,MG,Minas Gerais,Sudeste,Vale do Rio Doce,Guanhães,4415.0,60526.0,25335.0,16090.0,1853.0,15211.0,13709.173272933182,0
3140704,Mateus Leme,MG,Minas Gerais,Sudeste,Metropolitana de Belo Horizonte,Belo Horizonte,31631.0,1078989.0,158621.0,32711.0,437425.0,352360.0,34111.757453131424,1
3140803,Matias Barbosa,MG,Minas Gerais,Sudeste,Zona da Mata,Juiz de Fora,14626.0,627997.0,75121.0,4083.0,154225.0,254896.0,42937.02994667032,1
3140852,Matias Cardoso,MG,Minas Gerais,Sudeste,Norte de Minas,Januária,11360.0,158429.0,60716.0,53957.0,6268.0,30458.0,13946.214788732394,0
3140902,Matipó,MG,Minas Gerais,Sudeste,Zona da Mata,Manhuaçu,19098.0,425174.0,81478.0,46004.0,20333.0,220387.0,22262.75002618075,0
3141009,Mato Verde,MG,Minas Gerais,Sudeste,Norte de Minas,Janaúba,12367.0,157530.0,57636.0,11282.0,8400.0,72004.0,12737.931592140374,0
3141108,Matozinhos,MG,Minas Gerais,Sudeste,Metropolitana de Belo Horizonte,Sete Lagoas,38469.0,1505458.0,180216.0,13237.0,702602.0,413469.0,39134.31594270712,1
3141207,Matutina,MG,Minas Gerais,Sudeste,Triângulo Mineiro/Alto Paranaíba,Patos de Minas,3733.0,97184.0,22889.0,33027.0,13102.0,22433.0,26033.75301366193,0
3141306,Medeiros,MG,Minas Gerais,Sudeste,Oeste de Minas,Piuí,3861.0,247288.0,25293.0,162645.0,9879.0,41692.0,64047.65604765605,0
3141405,Medina,MG,Minas Gerais,Sudeste,Jequitinhonha,Pedra Azul,20701.0,252979.0,96275.0,15763.0,28655.0,97836.0,12220.61736148012,0
3141504,Mendes Pimentel,MG,Minas Gerais,Sudeste,Vale do Rio Doce,Mantena,6446.0,77407.0,32094.0,9915.0,5727.0,25909.0,12008.532423208191,0
3141603,Mercês,MG,Minas Gerais,Sudeste,Zona da Mata,Ubá,10775.0,151705.0,49174.0,18406.0,14047.0,58331.0,14079.35034802784,0
3141702,Mesquita,MG,Minas Gerais,Sudeste,Vale do Rio Doce,Ipatinga,5489.0,59433.0,29898.0,7585.0,1468.0,18416.0,10827.655310621243,0
3141801,Minas Novas,MG,Minas Gerais,Sudeste,Jequitinhonha,Capelinha,31509.0,350038.0,137529.0,88147.0,14162.0,98169.0,11109.143419340506,0
3141900,Minduri,MG,Minas Gerais,Sudeste,Sul/Sudoeste de Minas,Andrelândia,3891.0,163760.0,20988.0,74265.0,22672.0,35983.0,42086.86712927268,0
3142007,Mirabela,MG,Minas Gerais,Sudeste,Norte de Minas,Montes Claros,13651.0,162987.0,68460.0,13889.0,7071.0,61806.0,11939.564867042707,0
3142106,Miradouro,MG,Minas Gerais,Sudeste,Zona da Mata,Muriaé,10818.0,173968.0,53351.0,38362.0,10752.0,60417.0,16081.345904973194,0
3142205,Miraí,MG,Minas Gerais,Sudeste,Zona da Mata,Muriaé,15205.0,333953.0,67707.0,13923.0,124376.0,101157.0,21963.367313383755,0
3142254,Miravânia,MG,Minas Gerais,Sudeste,Norte de Minas,Januária,4939.0,46796.0,28015.0,3916.0,1215.0,12222.0,9474.792468110954,0
3142304,Moeda,MG,Minas Gerais,Sudeste,Metropolitana de Belo Horizonte,Itaguara,4948.0,76859.0,26965.0,3906.0,4503.0,34856.0,15533.346806790623,0
3142403,Moema,MG,Minas Gerais,Sudeste,Central Mineira,Bom Despacho,7589.0,152626.0,38432.0,21405.0,6486.0,71870.0,20111.47713796284,0
3142502,Monjolos,MG,Minas Gerais,Sudeste,Central Mineira,Curvelo,2184.0,46801.0,15106.0,7521.0,12954.0,10030.0,21429.029304029304,0
3142601,Monsenhor Paulo,MG,Minas Gerais,Sudeste,Sul/Sudoeste de Minas,Varginha,8764.0,228126.0,40894.0,60774.0,42335.0,67535.0,26029.89502510269,0
3142700,Montalvânia,MG,Minas Gerais,Sudeste,Norte de Minas,Januária,14621.0,165406.0,69904.0,19857.0,6467.0,60270.0,11312.90609397442,0
3142809,Monte Alegre de Minas,MG,Minas Gerais,Sudeste,Triângulo Mineiro/Alto Paranaíba,Uberlândia,21349.0,758376.0,104223.0,375995.0,34809.0,204486.0,35522.78795259731,1
3142908,Monte Azul,MG,Minas Gerais,Sudeste,Norte de Minas,Janaúba,20544.0,256072.0,100018.0,20745.0,10954.0,109338.0,12464.56386292835,0
3143005,Monte Belo,MG,Minas Gerais,Sudeste,Sul/Sudoeste de Minas,São Sebastião do Paraíso,13139.0,366218.0,64272.0,81144.0,42783.0,137062.0,27872.593043610625,0
3143104,Monte Carmelo,MG,Minas Gerais,Sudeste,Triângulo Mineiro/Alto Paranaíba,Patrocínio,48049.0,1559202.0,241887.0,392909.0,88507.0,679458.0,32450.248704447546,1
3143153,Monte Formoso,MG,Minas Gerais,Sudeste,Jequitinhonha,Almenara,4939.0,44093.0,27233.0,4634.0,807.0,10200.0,8927.515691435514,0
3143203,Monte Santo de Minas,MG,Minas Gerais,Sudeste,Sul/Sudoeste de Minas,São Sebastião do Paraíso,21504.0,483172.0,108282.0,115704.0,33125.0,193144.0,22468.936011904763,1
3143302,Montes Claros,MG,Minas Gerais,Sudeste,Norte de Minas,Montes Claros,417478.0,10799486.0,1879776.0,156031.0,1961021.0,5465743.0,25868.39546035959,1
3143401,Monte Sião,MG,Minas Gerais,Sudeste,Sul/Sudoeste de Minas,Poços de Caldas,24247.0,605892.0,127708.0,41812.0,94851.0,271751.0,24988.32845300449,1
3143450,Montezuma,MG,Minas Gerais,Sudeste,Norte de Minas,Salinas,8379.0,91046.0,43893.0,21063.0,2487.0,21333.0,10865.974459959423,0
3143500,Morada Nova de Minas,MG,Minas Gerais,Sudeste,Central Mineira,Três Marias,8955.0,541502.0,57055.0,334820.0,28917.0,99991.0,60469.23506420994,1
3143609,Morro da Garça,MG,Minas Gerais,Sudeste,Central Mineira,Curvelo,2413.0,51052.0,19158.0,19694.0,1424.0,9345.0,21157.065893079154,0
3143708,Morro do Pilar,MG,Minas Gerais,Sudeste,Metropolitana de Belo Horizonte,Conceição do Mato Dentro,3126.0,44097.0,21299.0,6471.0,1213.0,13400.0,14106.525911708251,0
3143807,Munhoz,MG,Minas Gerais,Sudeste,Sul/Sudoeste de Minas,Pouso Alegre,5960.0,128215.0,31278.0,18440.0,19076.0,48514.0,21512.58389261745,0
3143906,Muriaé,MG,Minas Gerais,Sudeste,Zona da Mata,Muriaé,109997.0,2654177.0,571495.0,59852.0,241881.0,1530224.0,24129.539896542632,1
3144003,Mutum,MG,Minas Gerais,Sudeste,Vale do Rio Doce,Aimorés,26945.0,508860.0,123096.0,118792.0,67878.0,159846.0,18885.136388940435,1
3144102,Muzambinho,MG,Minas Gerais,Sudeste,Sul/Sudoeste de Minas,São Sebastião do Paraíso,20522.0,535415.0,101259.0,77613.0,76688.0,230878.0,26089.80606178735,1
3144201,Nacip Raydan,MG,Minas Gerais,Sudeste,Vale do Rio Doce,Governador Valadares,3221.0,37373.0,19616.0,6570.0,1067.0,9206.0,11602.918348339024,0
3144300,Nanuque,MG,Minas Gerais,Sudeste,Vale do Mucuri,Nanuque,40583.0,808450.0,169712.0,45108.0,127499.0,381592.0,19920.902841091098,1
3144359,Naque,MG,Minas Gerais,Sudeste,Vale do Rio Doce,Ipatinga,7104.0,90147.0,37133.0,4458.0,4223.0,38486.0,12689.611486486489,0
3144375,Natalândia,MG,Minas Gerais,Sudeste,Noroeste de Minas,Unaí,3306.0,75163.0,22652.0,16416.0,2941.0,28588.0,22735.329703569267,0
3144409,Natércia,MG,Minas Gerais,Sudeste,Sul/Sudoeste de Minas,Santa Rita do Sapucaí,4727.0,115392.0,25526.0,37920.0,6449.0,36626.0,24411.25449545166,0
3144508,Nazareno,MG,Minas Gerais,Sudeste,Campo das Vertentes,São João Del Rei,8710.0,668804.0,46360.0,69390.0,405186.0,125936.0,76785.76349024111,1
3144607,Nepomuceno,MG,Minas Gerais,Sudeste,Campo das Vertentes,Lavras,26882.0,618031.0,128714.0,195586.0,23526.0,226262.0,22990.514098653373,1
3144656,Ninheira,MG,Minas Gerais,Sudeste,Norte de Minas,Salinas,10355.0,126349.0,50474.0,40081.0,5047.0,25431.0,12201.73829068083,0
3144672,Nova Belém,MG,Minas Gerais,Sudeste,Vale do Rio Doce,Mantena,3067.0,83434.0,20853.0,43469.0,2501.0,14950.0,27203.782197587218,0
3144706,Nova Era,MG,Minas Gerais,Sudeste,Metropolitana de Belo Horizonte,Itabira,17524.0,432758.0,92036.0,15748.0,105610.0,177338.0,24695.16092216389,0
3144805,Nova Lima,MG,Minas Gerais,Sudeste,Metropolitana de Belo Horizonte,Belo Horizonte,97378.0,21040766.0,736535.0,3335.0,13942745.0,5223938.0,216073.09659265957,1
3144904,Nova Módica,MG,Minas Gerais,Sudeste,Vale do Rio Doce,Governador Valadares,3548.0,58649.0,24228.0,12501.0,3708.0,16027.0,16530.157835400227,0
3145000,Nova Ponte,MG,Minas Gerais,Sudeste,Triângulo Mineiro/Alto Paranaíba,Araxá,16046.0,1115949.0,94799.0,372826.0,350468.0,242593.0,69546.86526237069,1
3145059,Nova Porteirinha,MG,Minas Gerais,Sudeste,Norte de Minas,Janaúba,7493.0,116346.0,40308.0,24828.0,9191.0,37232.0,15527.292139330042,0
3145109,Nova Resende,MG,Minas Gerais,Sudeste,Sul/Sudoeste de Minas,São Sebastião do Paraíso,16937.0,385622.0,76454.0,144473.0,19022.0,122376.0,22768.022672256007,0
3145208,Nova Serrana,MG,Minas Gerais,Sudeste,Oeste de Minas,Divinópolis,108241.0,2634272.0,527911.0,16002.0,739959.0,1075886.0,24337.09962029176,1
3145307,Novo Cruzeiro,MG,Minas Gerais,Sudeste,Jequitinhonha,Araçuaí,31339.0,330390.0,135824.0,33813.0,15565.0,121564.0,10542.455087909631,0
3145356,Novo Oriente de Minas,MG,Minas Gerais,Sudeste,Vale do Mucuri,Teófilo Otoni,10800.0,121560.0,52181.0,20028.0,7018.0,36343.0,11255.555555555557,0
3145372,Novorizonte,MG,Minas Gerais,Sudeste,Norte de Minas,Salinas,5348.0,70395.0,30316.0,2932.0,11901.0,17508.0,13162.864622288706,0
3145406,Olaria,MG,Minas Gerais,Sudeste,Zona da Mata,Juiz de Fora,1694.0,31904.0,15369.0,5695.0,809.0,9215.0,18833.530106257374,0
3145455,Olhos-d'Água,MG,Minas Gerais,Sudeste,Norte de Minas,Bocaiúva,6243.0,211917.0,36432.0,139219.0,6941.0,23320.0,33944.738106679484,0
3145505,Olímpio Noronha,MG,Minas Gerais,Sudeste,Sul/Sudoeste de Minas,São Lourenço,2829.0,43924.0,18130.0,9462.0,1187.0,13249.0,15526.33439377872,0
3145604,Oliveira,MG,Minas Gerais,Sudeste,Oeste de Minas,Oliveira,41987.0,1108063.0,187460.0,121511.0,189984.0,506133.0,26390.62090647105,1
3145703,Oliveira Fortes,MG,Minas Gerais,Sudeste,Zona da Mata,Juiz de Fora,2128.0,40519.0,14773.0,14660.0,1324.0,8665.0,19040.88345864662,0
3145802,Onça de Pitangui,MG,Minas Gerais,Sudeste,Metropolitana de Belo Horizonte,Pará de Minas,3155.0,64913.0,19258.0,27543.0,3809.0,12313.0,20574.64342313788,0
3145851,Oratórios,MG,Minas Gerais,Sudeste,Zona da Mata,Ponte Nova,4671.0,70841.0,28560.0,9565.0,7923.0,21184.0,15166.131449368444,0
3145877,Orizânia,MG,Minas Gerais,Sudeste,Zona da Mata,Muriaé,8138.0,122068.0,42764.0,34136.0,4566.0,33604.0,14999.754239370854,0
3145901,Ouro Branco,MG,Minas Gerais,Sudeste,Metropolitana de Belo Horizonte,Conselheiro Lafaiete,40220.0,5276139.0,227412.0,9792.0,2937281.0,919776.0,131181.9741422178,1
3146008,Ouro Fino,MG,Minas Gerais,Sudeste,Sul/Sudoeste de Minas,Poços de Caldas,33938.0,934049.0,152584.0,58973.0,156241.0,434953.0,27522.21698391184,1
3146107,Ouro Preto,MG,Minas Gerais,Sudeste,Metropolitana de Belo Horizonte,Ouro Preto,74824.0,9518797.0,462531.0,30549.0,6362933.0,2260337.0,127215.82647278949,1
3146206,Ouro Verde de Minas,MG,Minas Gerais,Sudeste,Vale do Mucuri,Teófilo Otoni,5895.0,67792.0,31351.0,12765.0,2758.0,18792.0,11499.91518235793,0
3146255,Padre Carvalho,MG,Minas Gerais,Sudeste,Norte de Minas,Grão Mogol,6466.0,58183.0,32660.0,1182.0,1600.0,19492.0,8998.298793690072,0
3146305,Padre Paraíso,MG,Minas Gerais,Sudeste,Jequitinhonha,Araçuaí,20346.0,213888.0,94612.0,7324.0,13429.0,86283.0,10512.53317605426,0
3146404,Paineiras,MG,Minas Gerais,Sudeste,Central Mineira,Três Marias,4440.0,82804.0,25079.0,25695.0,2601.0,24843.0,18649.54954954955,0
3146503,Pains,MG,Minas Gerais,Sudeste,Oeste de Minas,Formiga,8308.0,531120.0,50068.0,43263.0,267710.0,110491.0,63928.74337987482,1
3146552,Pai Pedro,MG,Minas Gerais,Sudeste,Norte de Minas,Janaúba,6098.0,58642.0,33209.0,10512.0,2030.0,11313.0,9616.595605116432,0
3146602,Paiva,MG,Minas Gerais,Sudeste,Zona da Mata,Juiz de Fora,1517.0,27292.0,12756.0,4677.0,1239.0,7634.0,17990.771259063942,0
3146701,Palma,MG,Minas Gerais,Sudeste,Zona da Mata,Cataguases,6606.0,103636.0,33646.0,21199.0,4113.0,38492.0,15688.162276718134,0
3146750,Palmópolis,MG,Minas Gerais,Sudeste,Jequitinhonha,Almenara,5196.0,63837.0,30001.0,8498.0,3470.0,19684.0,12285.79676674365,0
3146909,Papagaios,MG,Minas Gerais,Sudeste,Metropolitana de Belo Horizonte,Sete Lagoas,15922.0,374384.0,74346.0,36206.0,105391.0,125697.0,23513.6289410878,0
3147006,Paracatu,MG,Minas Gerais,Sudeste,Noroeste de Minas,Paracatu,94539.0,7198751.0,526011.0,1133352.0,3309471.0,1867899.0,76145.83399443617,1
3147105,Pará de Minas,MG,Minas Gerais,Sudeste,Metropolitana de Belo Horizonte,Pará de Minas,95616.0,4024574.0,463939.0,128982.0,1134017.0,1660638.0,42091.00987282463,1
3147204,Paraguaçu,MG,Minas Gerais,Sudeste,Sul/Sudoeste de Minas,Alfenas,21693.0,650844.0,97964.0,137445.0,123431.0,229204.0,30002.48928225695,1
3147303,Paraisópolis,MG,Minas Gerais,Sudeste,Sul/Sudoeste de Minas,Itajubá,21353.0,592506.0,101608.0,18500.0,140136.0,222964.0,27748.138434880344,1
3147402,Paraopeba,MG,Minas Gerais,Sudeste,Metropolitana de Belo Horizonte,Sete Lagoas,24854.0,918655.0,121829.0,47061.0,149840.0,522545.0,36962.05842117969,1
3147501,Passabém,MG,Minas Gerais,Sudeste,Metropolitana de Belo Horizonte,Conceição do Mato Dentro,1619.0,23588.0,12628.0,3014.0,824.0,6255.0,14569.487337862878,0
3147600,Passa Quatro,MG,Minas Gerais,Sudeste,Sul/Sudoeste de Minas,São Lourenço,16439.0,471565.0,77910.0,97796.0,87476.0,162540.0,28685.747308230428,1
3147709,Passa Tempo,MG,Minas Gerais,Sudeste,Oeste de Minas,Oliveira,8031.0,481059.0,42257.0,28793.0,249889.0,102714.0,59900.26148673888,0
3147808,Passa Vinte,MG,Minas Gerais,Sudeste,Sul/Sudoeste de Minas,Andrelândia,2024.0,42075.0,16751.0,10588.0,1226.0,12081.0,20788.043478260868,0
3147907,Passos,MG,Minas Gerais,Sudeste,Sul/Sudoeste de Minas,Passos,115970.0,3023766.0,522616.0,310026.0,304921.0,1580294.0,26073.6914719324,1
3147956,Patis,MG,Minas Gerais,Sudeste,Norte de Minas,Montes Claros,6031.0,55025.0,32931.0,5499.0,1556.0,13465.0,9123.694246393632,0
3148004,Patos de Minas,MG,Minas Gerais,Sudeste,Triângulo Mineiro/Alto Paranaíba,Patos de Minas,154641.0,6146247.0,776245.0,671617.0,1012131.0,2997021.0,39745.26160591305,1
3148103,Patrocínio,MG,Minas Gerais,Sudeste,Triângulo Mineiro/Alto Paranaíba,Patrocínio,92116.0,3679638.0,467665.0,884670.0,392164.0,1565882.0,39945.69890138521,1
3148202,Patrocínio do Muriaé,MG,Minas Gerais,Sudeste,Zona da Mata,Muriaé,5744.0,116017.0,32067.0,6522.0,20882.0,44408.0,20197.945682451253,0
3148301,Paula Cândido,MG,Minas Gerais,Sudeste,Zona da Mata,Viçosa,9597.0,136790.0,44273.0,35607.0,5134.0,43711.0,14253.412524747317,0
3148400,Paulistas,MG,Minas Gerais,Sudeste,Vale do Rio Doce,Guanhães,4794.0,67346.0,24866.0,16198.0,5630.0,17196.0,14047.976637463496,0
3148509,Pavão,MG,Minas Gerais,Sudeste,Vale do Mucuri,Teófilo Otoni,8390.0,93054.0,40846.0,18872.0,2878.0,26835.0,11091.060786650774,0
3148608,Peçanha,MG,Minas Gerais,Sudeste,Vale do Rio Doce,Peçanha,17534.0,270118.0,86361.0,81989.0,6133.0,83270.0,15405.383825710049,0
3148707,Pedra Azul,MG,Minas Gerais,Sudeste,Jequitinhonha,Pedra Azul,24333.0,401335.0,121361.0,14187.0,108937.0,136675.0,16493.445115686518,0
3148756,Pedra Bonita,MG,Minas Gerais,Sudeste,Zona da Mata,Manhuaçu,7157.0,96488.0,38674.0,32599.0,2757.0,19840.0,13481.62637976806,0
3148806,Pedra do Anta,MG,Minas Gerais,Sudeste,Zona da Mata,Viçosa,2960.0,57703.0,22344.0,12269.0,6685.0,14196.0,19494.25675675676,0
3148905,Pedra do Indaiá,MG,Minas Gerais,Sudeste,Oeste de Minas,Formiga,3977.0,116112.0,24222.0,35466.0,19331.0,27163.0,29195.876288659794,0
3149002,Pedra Dourada,MG,Minas Gerais,Sudeste,Zona da Mata,Muriaé,2559.0,42273.0,19213.0,8649.0,1280.0,11845.0,16519.34349355217,0
3149101,Pedralva,MG,Minas Gerais,Sudeste,Sul/Sudoeste de Minas,Santa Rita do Sapucaí,11098.0,182673.0,52563.0,52016.0,8713.0,61049.0,16459.99279149396,0
3149150,Pedras de Maria da Cruz,MG,Minas Gerais,Sudeste,Norte de Minas,Januária,12313.0,109624.0,58815.0,17602.0,3271.0,26138.0,8903.110533582392,0
3149200,Pedrinópolis,MG,Minas Gerais,Sudeste,Triângulo Mineiro/Alto Paranaíba,Araxá,3651.0,204095.0,27323.0,92550.0,6369.0,59968.0,55901.12298000548,0
3149309,Pedro Leopoldo,MG,Minas Gerais,Sudeste,Metropolitana de Belo Horizonte,Belo Horizonte,65149.0,1938134.0,321038.0,12335.0,681070.0,684519.0,29749.25171529878,1
3149408,Pedro Teixeira,MG,Minas Gerais,Sudeste,Zona da Mata,Juiz de Fora,1804.0,30259.0,14190.0,6932.0,750.0,7495.0,16773.28159645233,0
3149507,Pequeri,MG,Minas Gerais,Sudeste,Zona da Mata,Juiz de Fora,3340.0,62510.0,22485.0,4283.0,14610.0,17037.0,18715.56886227545,0
3149606,Pequi,MG,Minas Gerais,Sudeste,Metropolitana de Belo Horizonte,Sete Lagoas,4457.0,85500.0,23815.0,29328.0,4739.0,23165.0,19183.30715728068,0
3149705,Perdigão,MG,Minas Gerais,Sudeste,Oeste de Minas,Divinópolis,11994.0,234680.0,60012.0,14890.0,63796.0,74534.0,19566.449891612472,0
3149804,Perdizes,MG,Minas Gerais,Sudeste,Triângulo Mineiro/Alto Paranaíba,Araxá,16469.0,1629149.0,92423.0,864212.0,219556.0,320164.0,98922.15677940373,1
3149903,Perdões,MG,Minas Gerais,Sudeste,Oeste de Minas,Campo Belo,21577.0,626987.0,99827.0,59683.0,150755.0,255309.0,29058.117439866524,1
3149952,Periquito,MG,Minas Gerais,Sudeste,Vale do Rio Doce,Ipatinga,6738.0,111677.0,38406.0,9511.0,9346.0,43917.0,16574.205995844462,0
3150000,Pescador,MG,Minas Gerais,Sudeste,Vale do Rio Doce,Governador Valadares,4261.0,47075.0,23825.0,6929.0,978.0,14044.0,11047.876085425956,0
3150109,Piau,MG,Minas Gerais,Sudeste,Zona da Mata,Juiz de Fora,2719.0,92645.0,18921.0,14863.0,42137.0,14180.0,34073.188672305994,0
3150158,Piedade de Caratinga,MG,Minas Gerais,Sudeste,Vale do Rio Doce,Caratinga,8832.0,140805.0,44276.0,39253.0,6917.0,42762.0,15942.595108695652,0
3150208,Piedade de Ponte Nova,MG,Minas Gerais,Sudeste,Zona da Mata,Ponte Nova,4141.0,62725.0,25371.0,11912.0,2138.0,19940.0,15147.307413668195,0
3150307,Piedade do Rio Grande,MG,Minas Gerais,Sudeste,Campo das Vertentes,São João Del Rei,4436.0,110390.0,24102.0,43675.0,8529.0,29214.0,24885.031559963933,0
3150406,Piedade dos Gerais,MG,Minas Gerais,Sudeste,Metropolitana de Belo Horizonte,Itaguara,5034.0,89789.0,26383.0,23567.0,10096.0,24224.0,17836.511720301947,0
3150505,Pimenta,MG,Minas Gerais,Sudeste,Oeste de Minas,Formiga,8715.0,281707.0,46051.0,86455.0,6781.0,109154.0,32324.38324727481,0
3150539,Pingo-d'Água,MG,Minas Gerais,Sudeste,Vale do Rio Doce,Caratinga,5029.0,52693.0,28085.0,2499.0,2809.0,17345.0,10477.828594153909,0
3150570,Pintópolis,MG,Minas Gerais,Sudeste,Norte de Minas,Januária,7540.0,71109.0,37032.0,10491.0,2328.0,18792.0,9430.901856763923,0
3150604,Piracema,MG,Minas Gerais,Sudeste,Oeste de Minas,Oliveira,6386.0,303140.0,34737.0,26165.0,160905.0,72573.0,47469.464453492015,0
3150703,Pirajuba,MG,Minas Gerais,Sudeste,Triângulo Mineiro/Alto Paranaíba,Frutal,6491.0,403702.0,38557.0,104949.0,106764.0,105766.0,62194.114928362345,0
3150802,Piranga,MG,Minas Gerais,Sudeste,Zona da Mata,Viçosa,17641.0,200152.0,78643.0,35574.0,8101.0,68417.0,11345.842072444872,0
3150901,Piranguçu,MG,Minas Gerais,Sudeste,Sul/Sudoeste de Minas,Itajubá,5504.0,78363.0,28011.0,9423.0,12796.0,23091.0,14237.463662790698,0
3151008,Piranguinho,MG,Minas Gerais,Sudeste,Sul/Sudoeste de Minas,Itajubá,8683.0,136133.0,40655.0,13968.0,15520.0,55811.0,15678.10664516872,0
3151107,Pirapetinga,MG,Minas Gerais,Sudeste,Zona da Mata,Cataguases,10791.0,633595.0,58971.0,10550.0,286585.0,152232.0,58715.13298118803,1
3151206,Pirapora,MG,Minas Gerais,Sudeste,Norte de Minas,Pirapora,56845.0,2871585.0,288030.0,63679.0,1202635.0,775508.0,50516.052423256224,1
3151305,Piraúba,MG,Minas Gerais,Sudeste,Zona da Mata,Ubá,10732.0,200321.0,52590.0,22042.0,33464.0,75153.0,18665.76593365636,0
3151404,Pitangui,MG,Minas Gerais,Sudeste,Metropolitana de Belo Horizonte,Pará de Minas,28433.0,741273.0,123009.0,88240.0,131345.0,339473.0,26070.86835719059,1
3151503,Piumhi,MG,Minas Gerais,Sudeste,Oeste de Minas,Piuí,35137.0,1280617.0,176698.0,296353.0,125503.0,548769.0,36446.39553746763,1
3151602,Planura,MG,Minas Gerais,Sudeste,Triângulo Mineiro/Alto Paranaíba,Frutal,12445.0,574230.0,70113.0,123719.0,273509.0,92230.0,46141.42225793492,1
3151701,Poço Fundo,MG,Minas Gerais,Sudeste,Sul/Sudoeste de Minas,Alfenas,16900.0,403832.0,74364.0,106018.0,33728.0,154693.0,23895.384615384617,0
3151800,Poços de Caldas,MG,Minas Gerais,Sudeste,Sul/Sudoeste de Minas,Poços de Caldas,169838.0,8526942.0,1073208.0,78108.0,2045872.0,3824797.0,50206.326028332885,1
3151909,Pocrane,MG,Minas Gerais,Sudeste,Vale do Rio Doce,Aimorés,8288.0,121701.0,39306.0,32372.0,2762.0,39027.0,14684.000965250963,0
3152006,Pompéu,MG,Minas Gerais,Sudeste,Central Mineira,Três Marias,32248.0,1170319.0,157214.0,266488.0,200157.0,428996.0,36291.21185809973,1
3152105,Ponte Nova,MG,Minas Gerais,Sudeste,Zona da Mata,Ponte Nova,60003.0,2142078.0,306539.0,41428.0,446309.0,1036390.0,35699.51502424879,1
3152131,Ponto Chique,MG,Minas Gerais,Sudeste,Norte de Minas,Montes Claros,4305.0,52084.0,26264.0,6198.0,3149.0,14456.0,12098.49012775842,0
3152170,Ponto dos Volantes,MG,Minas Gerais,Sudeste,Jequitinhonha,Araçuaí,12235.0,122520.0,60478.0,9882.0,4674.0,40364.0,10013.894564773193,0
3152204,Porteirinha,MG,Minas Gerais,Sudeste,Norte de Minas,Janaúba,37823.0,526973.0,173947.0,94114.0,34201.0,190441.0,13932.607143801391,1
3152303,Porto Firme,MG,Minas Gerais,Sudeste,Zona da Mata,Viçosa,11414.0,130226.0,50896.0,24225.0,10997.0,37687.0,11409.32188540389,0
3152402,Poté,MG,Minas Gerais,Sudeste,Vale do Mucuri,Teófilo Otoni,16675.0,168767.0,72680.0,18692.0,13363.0,55498.0,10120.95952023988,0
3152501,Pouso Alegre,MG,Minas Gerais,Sudeste,Sul/Sudoeste de Minas,Pouso Alegre,154293.0,10718150.0,807222.0,109543.0,2434995.0,5153859.0,69466.21039191668,1
3152600,Pouso Alto,MG,Minas Gerais,Sudeste,Sul/Sudoeste de Minas,São Lourenço,5862.0,277395.0,34041.0,91199.0,42036.0,78791.0,47320.88024564995,0
3152709,Prados,MG,Minas Gerais,Sudeste,Campo das Vertentes,São João Del Rei,9128.0,229055.0,41840.0,44643.0,61142.0,64476.0,25093.66783523225,0
3152808,Prata,MG,Minas Gerais,Sudeste,Triângulo Mineiro/Alto Paranaíba,Uberlândia,28173.0,1292807.0,147211.0,416406.0,168166.0,440463.0,45888.15532602137,1
3152907,Pratápolis,MG,Minas Gerais,Sudeste,Sul/Sudoeste de Minas,Passos,8530.0,228619.0,44749.0,59912.0,42672.0,70324.0,26801.758499413834,0
3153004,Pratinha,MG,Minas Gerais,Sudeste,Triângulo Mineiro/Alto Paranaíba,Araxá,3658.0,154718.0,22459.0,91852.0,6052.0,27036.0,42295.790049207215,0
3153103,Presidente Bernardes,MG,Minas Gerais,Sudeste,Zona da Mata,Viçosa,5315.0,67749.0,27628.0,16730.0,2959.0,18007.0,12746.754468485418,0
3153202,Presidente Juscelino,MG,Minas Gerais,Sudeste,Central Mineira,Curvelo,3572.0,49104.0,22218.0,12286.0,2012.0,10270.0,13746.920492721163,0
3153301,Presidente Kubitschek,MG,Minas Gerais,Sudeste,Jequitinhonha,Diamantina,3000.0,36193.0,21608.0,2048.0,1008.0,10361.0,12064.333333333334,0
3153400,Presidente Olegário,MG,Minas Gerais,Sudeste,Noroeste de Minas,Paracatu,19680.0,731425.0,103855.0,382699.0,30405.0,178404.0,37165.90447154472,1
3153509,Alto Jequitibá,MG,Minas Gerais,Sudeste,Zona da Mata,Manhuaçu,8286.0,125573.0,39277.0,33627.0,6016.0,39857.0,15154.839488293506,0
3153608,Prudente de Morais,MG,Minas Gerais,Sudeste,Metropolitana de Belo Horizonte,Sete Lagoas,10931.0,203096.0,51889.0,3365.0,50818.0,70161.0,18579.818863781904,0
3153707,Quartel Geral,MG,Minas Gerais,Sudeste,Central Mineira,Bom Despacho,3603.0,77606.0,22616.0,30618.0,2701.0,18085.0,21539.27282819872,0
3153806,Queluzito,MG,Minas Gerais,Sudeste,Metropolitana de Belo Horizonte,Conselheiro Lafaiete,1948.0,40046.0,15173.0,13224.0,1025.0,9454.0,20557.49486652977,0
3153905,Raposos,MG,Minas Gerais,Sudeste,Metropolitana de Belo Horizonte,Belo Horizonte,16501.0,193684.0,75337.0,326.0,43354.0,64536.0,11737.712865886915,0
3154002,Raul Soares,MG,Minas Gerais,Sudeste,Zona da Mata,Ponte Nova,23663.0,423330.0,114701.0,93729.0,26842.0,161703.0,17889.954781726745,1
3154101,Recreio,MG,Minas Gerais,Sudeste,Zona da Mata,Cataguases,10522.0,123247.0,54351.0,12693.0,2614.0,47093.0,11713.267439650255,0
3154150,Reduto,MG,Minas Gerais,Sudeste,Zona da Mata,Manhuaçu,7247.0,121182.0,37101.0,30322.0,8841.0,39041.0,16721.67793569753,0
3154200,Resende Costa,MG,Minas Gerais,Sudeste,Campo das Vertentes,São João Del Rei,11578.0,207473.0,51803.0,48273.0,18123.0,76477.0,17919.588875453446,0
3154309,Resplendor,MG,Minas Gerais,Sudeste,Vale do Rio Doce,Aimorés,17396.0,277790.0,90895.0,27868.0,16686.0,124566.0,15968.613474361922,0
3154408,Ressaquinha,MG,Minas Gerais,Sudeste,Campo das Vertentes,Barbacena,4826.0,372866.0,32512.0,31409.0,160671.0,95180.0,77261.91462909241,0
3154457,Riachinho,MG,Minas Gerais,Sudeste,Norte de Minas,Pirapora,8132.0,157242.0,40535.0,66589.0,4471.0,40149.0,19336.202656173144,0
3154507,Riacho dos Machados,MG,Minas Gerais,Sudeste,Norte de Minas,Janaúba,9471.0,532552.0,53553.0,47609.0,322182.0,84270.0,56229.753985851545,1
3154606,Ribeirão das Neves,MG,Minas Gerais,Sudeste,Metropolitana de Belo Horizonte,Belo Horizonte,341415.0,5180189.0,1460099.0,4918.0,647330.0,2325896.0,15172.704772783856,1
3154705,Ribeirão Vermelho,MG,Minas Gerais,Sudeste,Campo das Vertentes,Lavras,4061.0,105346.0,23885.0,9974.0,6150.0,55582.0,25940.901255848312,0
3154804,Rio Acima,MG,Minas Gerais,Sudeste,Metropolitana de Belo Horizonte,Belo Horizonte,10524.0,472402.0,70855.0,772.0,270310.0,119147.0,44888.06537438237,0
3154903,Rio Casca,MG,Minas Gerais,Sudeste,Zona da Mata,Ponte Nova,13384.0,237324.0,70246.0,32761.0,11512.0,106750.0,17731.918708906156,0
3155009,Rio Doce,MG,Minas Gerais,Sudeste,Zona da Mata,Ponte Nova,2630.0,51851.0,21956.0,4417.0,7240.0,12927.0,19715.209125475285,0
3155108,Rio do Prado,MG,Minas Gerais,Sudeste,Jequitinhonha,Almenara,5117.0,52654.0,27177.0,6249.0,896.0,16136.0,10290.01367989056,0
3155207,Rio Espera,MG,Minas Gerais,Sudeste,Zona da Mata,Viçosa,5332.0,59583.0,26055.0,13514.0,1647.0,16405.0,11174.606151537884,0
3155306,Rio Manso,MG,Minas Gerais,Sudeste,Metropolitana de Belo Horizonte,Itaguara,5924.0,113750.0,29972.0,20079.0,7795.0,46169.0,19201.55300472653,0
3155405,Rio Novo,MG,Minas Gerais,Sudeste,Zona da Mata,Juiz de Fora,8964.0,120045.0,43715.0,9882.0,7898.0,51007.0,13391.90093708166,0
3155504,Rio Paranaíba,MG,Minas Gerais,Sudeste,Triângulo Mineiro/Alto Paranaíba,Patos de Minas,12356.0,906412.0,70698.0,539565.0,41461.0,210706.0,73358.04467465199,1
3155603,Rio Pardo de Minas,MG,Minas Gerais,Sudeste,Norte de Minas,Salinas,31171.0,345428.0,145903.0,84507.0,10192.0,90688.0,11081.710564306568,0
3155702,Rio Piracicaba,MG,Minas Gerais,Sudeste,Metropolitana de Belo Horizonte,Itabira,14325.0,1339656.0,77880.0,22347.0,937159.0,274220.0,93518.7434554974,1
3155801,Rio Pomba,MG,Minas Gerais,Sudeste,Zona da Mata,Ubá,18007.0,417244.0,82251.0,19884.0,74436.0,193787.0,23171.211195646138,0
3155900,Rio Preto,MG,Minas Gerais,Sudeste,Zona da Mata,Juiz de Fora,5493.0,69135.0,28338.0,6727.0,3615.0,27183.0,12586.01856908793,0
3156007,Rio Vermelho,MG,Minas Gerais,Sudeste,Metropolitana de Belo Horizonte,Conceição do Mato Dentro,12635.0,140757.0,56353.0,30867.0,3284.0,44393.0,11140.245350217649,0
3156106,Ritápolis,MG,Minas Gerais,Sudeste,Campo das Vertentes,São João Del Rei,4521.0,90330.0,23623.0,24709.0,12534.0,25579.0,19980.09289980093,0
3156205,Rochedo de Minas,MG,Minas Gerais,Sudeste,Zona da Mata,Juiz de Fora,2335.0,114660.0,15914.0,3476.0,47710.0,31544.0,49104.92505353319,0
3156304,Rodeiro,MG,Minas Gerais,Sudeste,Zona da Mata,Ubá,8333.0,544656.0,41187.0,40904.0,291995.0,105533.0,65361.334453378135,1
3156403,Romaria,MG,Minas Gerais,Sudeste,Triângulo Mineiro/Alto Paranaíba,Patrocínio,3507.0,271627.0,22043.0,182797.0,16075.0,43066.0,77452.80866837753,0
3156452,Rosário da Limeira,MG,Minas Gerais,Sudeste,Zona da Mata,Muriaé,4648.0,67723.0,29170.0,8742.0,3182.0,22387.0,14570.352839931153,0
3156502,Rubelita,MG,Minas Gerais,Sudeste,Norte de Minas,Salinas,5609.0,80084.0,33630.0,10702.0,15603.0,17741.0,14277.767873061151,0
3156601,Rubim,MG,Minas Gerais,Sudeste,Jequitinhonha,Almenara,10269.0,111693.0,55781.0,12999.0,3583.0,35584.0,10876.71633070406,0
3156700,Sabará,MG,Minas Gerais,Sudeste,Metropolitana de Belo Horizonte,Belo Horizonte,137877.0,4201932.0,602783.0,3156.0,1845745.0,1400550.0,30475.945951826627,1
3156809,Sabinópolis,MG,Minas Gerais,Sudeste,Vale do Rio Doce,Guanhães,15364.0,334727.0,69797.0,42776.0,107387.0,101975.0,21786.448841447535,0
3156908,Sacramento,MG,Minas Gerais,Sudeste,Triângulo Mineiro/Alto Paranaíba,Araxá,26556.0,2090841.0,175198.0,687267.0,436639.0,615035.0,78733.28061455039,1
3157005,Salinas,MG,Minas Gerais,Sudeste,Norte de Minas,Salinas,41864.0,667282.0,197669.0,27609.0,62010.0,317354.0,15939.279571947258,1
3157104,Salto da Divisa,MG,Minas Gerais,Sudeste,Jequitinhonha,Almenara,7014.0,132015.0,40453.0,14583.0,38658.0,33564.0,18821.64242942686,0
3157203,Santa Bárbara,MG,Minas Gerais,Sudeste,Metropolitana de Belo Horizonte,Itabira,31873.0,1628347.0,162691.0,21230.0,923357.0,450543.0,51088.601637749816,1
3157252,Santa Bárbara do Leste,MG,Minas Gerais,Sudeste,Vale do Rio Doce,Caratinga,8212.0,111674.0,39221.0,24989.0,5141.0,36127.0,13598.87968826108,0
3157278,Santa Bárbara do Monte Verde,MG,Minas Gerais,Sudeste,Zona da Mata,Juiz de Fora,3212.0,56261.0,19992.0,21441.0,1548.0,11600.0,17515.87795765878,0
3157302,Santa Bárbara do Tugúrio,MG,Minas Gerais,Sudeste,Campo das Vertentes,Barbacena,4385.0,70602.0,24179.0,10689.0,2719.0,27822.0,16100.798175598631,0
3157336,Santa Cruz de Minas,MG,Minas Gerais,Sudeste,Campo das Vertentes,São João Del Rei,8723.0,103453.0,39942.0,57.0,7136.0,47122.0,11859.795941763155,0
3157377,Santa Cruz de Salinas,MG,Minas Gerais,Sudeste,Norte de Minas,Salinas,4074.0,48998.0,24647.0,4874.0,1057.0,15788.0,12027.000490918015,0
3157401,Santa Cruz do Escalvado,MG,Minas Gerais,Sudeste,Zona da Mata,Ponte Nova,4693.0,76982.0,26127.0,12234.0,19990.0,15015.0,16403.57979970168,0
3157500,Santa Efigênia de Minas,MG,Minas Gerais,Sudeste,Vale do Rio Doce,Guanhães,4354.0,51008.0,25063.0,6492.0,1811.0,15601.0,11715.204409738171,0
3157609,Santa Fé de Minas,MG,Minas Gerais,Sudeste,Norte de Minas,Pirapora,3806.0,59926.0,23491.0,18606.0,1907.0,13246.0,15745.139253809772,0
3157658,Santa Helena de Minas,MG,Minas Gerais,Sudeste,Vale do Mucuri,Nanuque,6406.0,57927.0,31482.0,8449.0,1052.0,15266.0,9042.616297221355,0
3157708,Santa Juliana,MG,Minas Gerais,Sudeste,Triângulo Mineiro/Alto Paranaíba,Araxá,14497.0,860296.0,77569.0,230710.0,216676.0,254207.0,59343.03649030834,1
3157807,Santa Luzia,MG,Minas Gerais,Sudeste,Metropolitana de Belo Horizonte,Belo Horizonte,221705.0,5287597.0,1018986.0,4236.0,1729157.0,1844630.0,23849.69666899709,1
3157906,Santa Margarida,MG,Minas Gerais,Sudeste,Zona da Mata,Manhuaçu,16393.0,353995.0,79370.0,172775.0,11680.0,78951.0,21594.278045507228,0
3158003,Santa Maria de Itabira,MG,Minas Gerais,Sudeste,Metropolitana de Belo Horizonte,Itabira,10867.0,269094.0,54712.0,18931.0,65045.0,105348.0,24762.491948099752,0
3158102,Santa Maria do Salto,MG,Minas Gerais,Sudeste,Jequitinhonha,Almenara,5203.0,49983.0,28554.0,4730.0,1167.0,14112.0,9606.573130886029,0
3158201,Santa Maria do Suaçuí,MG,Minas Gerais,Sudeste,Vale do Rio Doce,Peçanha,14607.0,170803.0,67377.0,21490.0,6337.0,67151.0,11693.229273635929,0
3158300,Santana da Vargem,MG,Minas Gerais,Sudeste,Sul/Sudoeste de Minas,Varginha,7047.0,243282.0,37265.0,71338.0,38807.0,70893.0,34522.77564921243,0
3158409,Santana de Cataguases,MG,Minas Gerais,Sudeste,Zona da Mata,Cataguases,3909.0,49901.0,23492.0,6824.0,2193.0,15379.0,12765.668969045792,0
3158508,Santana de Pirapama,MG,Minas Gerais,Sudeste,Metropolitana de Belo Horizonte,Sete Lagoas,7538.0,116826.0,35364.0,45963.0,4847.0,25570.0,15498.275404616608,0
3158607,Santana do Deserto,MG,Minas Gerais,Sudeste,Zona da Mata,Juiz de Fora,3985.0,47355.0,24416.0,4367.0,1566.0,15172.0,11883.31242158093,0
3158706,Santana do Garambéu,MG,Minas Gerais,Sudeste,Campo das Vertentes,São João Del Rei,2494.0,39152.0,17653.0,9192.0,752.0,10125.0,15698.476343223738,0
3158805,Santana do Jacaré,MG,Minas Gerais,Sudeste,Oeste de Minas,Campo Belo,4847.0,105812.0,26017.0,10902.0,24114.0,35808.0,21830.41056323499,0
3158904,Santana do Manhuaçu,MG,Minas Gerais,Sudeste,Zona da Mata,Manhuaçu,8660.0,189822.0,40644.0,79543.0,7939.0,50610.0,21919.399538106238,0
3158953,Santana do Paraíso,MG,Minas Gerais,Sudeste,Vale do Rio Doce,Ipatinga,36048.0,749702.0,170470.0,12579.0,181962.0,298701.0,20797.32578783844,1
3159001,Santana do Riacho,MG,Minas Gerais,Sudeste,Metropolitana de Belo Horizonte,Sete Lagoas,4334.0,103770.0,25766.0,3139.0,8075.0,58239.0,23943.23950161513,0
3159100,Santana dos Montes,MG,Minas Gerais,Sudeste,Metropolitana de Belo Horizonte,Conselheiro Lafaiete,3753.0,49867.0,23838.0,7191.0,2231.0,14796.0,13287.236877164934,0
3159209,Santa Rita de Caldas,MG,Minas Gerais,Sudeste,Sul/Sudoeste de Minas,Poços de Caldas,8900.0,227928.0,43974.0,62554.0,37452.0,68687.0,25609.88764044944,0
3159308,Santa Rita de Jacutinga,MG,Minas Gerais,Sudeste,Zona da Mata,Juiz de Fora,4843.0,74798.0,27620.0,14376.0,2043.0,26900.0,15444.559157546975,0
3159357,Santa Rita de Minas,MG,Minas Gerais,Sudeste,Vale do Rio Doce,Caratinga,7322.0,151781.0,37210.0,22990.0,30230.0,46277.0,20729.44550669216,0
3159407,Santa Rita de Ibitipoca,MG,Minas Gerais,Sudeste,Zona da Mata,Juiz de Fora,3380.0,61998.0,21749.0,22112.0,2238.0,13526.0,18342.60355029586,0
3159506,Santa Rita do Itueto,MG,Minas Gerais,Sudeste,Vale do Rio Doce,Aimorés,5426.0,179107.0,31427.0,83411.0,27181.0,31826.0,33009.030593439,0
3159605,Santa Rita do Sapucaí,MG,Minas Gerais,Sudeste,Sul/Sudoeste de Minas,Santa Rita do Sapucaí,44226.0,1944045.0,211606.0,72424.0,602210.0,625973.0,43957.061457061456,1
3159704,Santa Rosa da Serra,MG,Minas Gerais,Sudeste,Triângulo Mineiro/Alto Paranaíba,Patos de Minas,3364.0,102017.0,22057.0,49636.0,6345.0,21184.0,30326.09988109393,0
3159803,Santa Vitória,MG,Minas Gerais,Sudeste,Triângulo Mineiro/Alto Paranaíba,Ituiutaba,19997.0,802576.0,142410.0,219824.0,131295.0,244082.0,40134.82022303346,1
3159902,Santo Antônio do Amparo,MG,Minas Gerais,Sudeste,Oeste de Minas,Oliveira,18697.0,354378.0,88762.0,86896.0,19169.0,133759.0,18953.735893458845,0
3160009,Santo Antônio do Aventureiro,MG,Minas Gerais,Sudeste,Zona da Mata,Cataguases,3602.0,67888.0,23137.0,20032.0,2609.0,20033.0,18847.307051637978,0
3160108,Santo Antônio do Grama,MG,Minas Gerais,Sudeste,Zona da Mata,Ponte Nova,3861.0,85508.0,24894.0,10803.0,12373.0,20617.0,22146.594146594147,0
3160207,Santo Antônio do Itambé,MG,Minas Gerais,Sudeste,Metropolitana de Belo Horizonte,Conceição do Mato Dentro,3763.0,44720.0,23082.0,7811.0,1175.0,11340.0,11884.134998671272,0
3160306,Santo Antônio do Jacinto,MG,Minas Gerais,Sudeste,Jequitinhonha,Almenara,11570.0,114522.0,58281.0,11057.0,4741.0,35961.0,9898.18496110631,0
3160405,Santo Antônio do Monte,MG,Minas Gerais,Sudeste,Oeste de Minas,Divinópolis,28603.0,842862.0,134149.0,352781.0,47291.0,262955.0,29467.608292836416,1
3160454,Santo Antônio do Retiro,MG,Minas Gerais,Sudeste,Norte de Minas,Salinas,7316.0,70752.0,40268.0,6216.0,3796.0,18230.0,9670.858392564243,0
3160504,Santo Antônio do Rio Abaixo,MG,Minas Gerais,Sudeste,Metropolitana de Belo Horizonte,Conceição do Mato Dentro,1756.0,28487.0,13563.0,5044.0,628.0,8228.0,16222.66514806378,0
3160603,Santo Hipólito,MG,Minas Gerais,Sudeste,Central Mineira,Curvelo,3044.0,50190.0,19937.0,14834.0,1880.0,12063.0,16488.173455978977,0
3160702,Santos Dumont,MG,Minas Gerais,Sudeste,Zona da Mata,Juiz de Fora,46357.0,1101637.0,211660.0,21028.0,290588.0,406014.0,23764.199581508725,1
3160801,São Bento Abade,MG,Minas Gerais,Sudeste,Sul/Sudoeste de Minas,Varginha,5411.0,89289.0,29088.0,27791.0,4036.0,24807.0,16501.386065422288,0
3160900,São Brás do Suaçuí,MG,Minas Gerais,Sudeste,Metropolitana de Belo Horizonte,Conselheiro Lafaiete,3770.0,80485.0,28242.0,3712.0,3375.0,38845.0,21348.806366047746,0
3160959,São Domingos das Dores,MG,Minas Gerais,Sudeste,Vale do Rio Doce,Caratinga,5672.0,91424.0,31786.0,16322.0,2573.0,32543.0,16118.476727785614,0
3161007,São Domingos do Prata,MG,Minas Gerais,Sudeste,Metropolitana de Belo Horizonte,Itabira,17296.0,313454.0,85241.0,32429.0,28747.0,133973.0,18122.91859389454,0
3161056,São Félix de Minas,MG,Minas Gerais,Sudeste,Vale do Rio Doce,Mantena,3354.0,43890.0,21408.0,5808.0,2051.0,12789.0,13085.867620751342,0
3161106,São Francisco,MG,Minas Gerais,Sudeste,Norte de Minas,Januária,56625.0,648148.0,251665.0,75359.0,35182.0,245108.0,11446.32229580574,1
3161205,São Francisco de Paula,MG,Minas Gerais,Sudeste,Oeste de Minas,Oliveira,6512.0,150493.0,32586.0,44970.0,6886.0,54062.0,23110.10442260442,0
3161304,São Francisco de Sales,MG,Minas Gerais,Sudeste,Triângulo Mineiro/Alto Paranaíba,Frutal,6309.0,193829.0,38232.0,92870.0,9535.0,45386.0,30722.618481534315,0
3161403,São Francisco do Glória,MG,Minas Gerais,Sudeste,Zona da Mata,Muriaé,4758.0,72559.0,26037.0,14935.0,3891.0,22828.0,15249.89491382934,0
3161502,São Geraldo,MG,Minas Gerais,Sudeste,Zona da Mata,Ubá,12751.0,263233.0,57844.0,20096.0,89153.0,66877.0,20644.106344600423,0
3161601,São Geraldo da Piedade,MG,Minas Gerais,Sudeste,Vale do Rio Doce,Governador Valadares,3860.0,44803.0,22527.0,6327.0,1058.0,13310.0,11606.994818652847,0
3161650,São Geraldo do Baixio,MG,Minas Gerais,Sudeste,Vale do Rio Doce,Governador Valadares,4104.0,49928.0,22528.0,8528.0,3785.0,13482.0,12165.692007797272,0
3161700,São Gonçalo do Abaeté,MG,Minas Gerais,Sudeste,Noroeste de Minas,Paracatu,8527.0,325637.0,41522.0,112784.0,38065.0,102469.0,38188.92928345256,0
3161809,São Gonçalo do Pará,MG,Minas Gerais,Sudeste,Oeste de Minas,Divinópolis,12776.0,311147.0,60651.0,27106.0,112165.0,81679.0,24354.023168440828,0
3161908,São Gonçalo do Rio Abaixo,MG,Minas Gerais,Sudeste,Metropolitana de Belo Horizonte,Itabira,11114.0,7603788.0,176735.0,12551.0,5826629.0,1415026.0,684163.0376102213,1
3162005,São Gonçalo do Sapucaí,MG,Minas Gerais,Sudeste,Sul/Sudoeste de Minas,Santa Rita do Sapucaí,25670.0,986478.0,124683.0,157543.0,202847.0,381156.0,38429.216984807164,1
3162104,São Gotardo,MG,Minas Gerais,Sudeste,Triângulo Mineiro/Alto Paranaíba,Patos de Minas,36084.0,1189028.0,172446.0,130818.0,125094.0,608768.0,32951.668329453496,1
3162203,São João Batista do Glória,MG,Minas Gerais,Sudeste,Sul/Sudoeste de Minas,Passos,7541.0,268082.0,49101.0,109263.0,29838.0,64762.0,35549.927065375945,0
3162252,São João da Lagoa,MG,Minas Gerais,Sudeste,Norte de Minas,Montes Claros,4949.0,60402.0,28453.0,14162.0,1301.0,13699.0,12204.889876742776,0
3162302,São João da Mata,MG,Minas Gerais,Sudeste,Sul/Sudoeste de Minas,Santa Rita do Sapucaí,2743.0,55081.0,17520.0,18127.0,1489.0,15456.0,20080.568720379146,0
3162401,São João da Ponte,MG,Minas Gerais,Sudeste,Norte de Minas,Montes Claros,25033.0,269275.0,124762.0,37952.0,11191.0,82219.0,10756.8010226501,0
3162450,São João das Missões,MG,Minas Gerais,Sudeste,Norte de Minas,Januária,13232.0,92410.0,60213.0,6704.0,2197.0,20447.0,6983.827085852479,0
3162500,São João del Rei,MG,Minas Gerais,Sudeste,Campo das Vertentes,São João Del Rei,90897.0,3003942.0,405919.0,292264.0,590046.0,1364171.0,33047.75735172778,1
3162559,São João do Manhuaçu,MG,Minas Gerais,Sudeste,Zona da Mata,Manhuaçu,11785.0,183076.0,59797.0,47629.0,8287.0,56613.0,15534.662706830715,0
3162575,São João do Manteninha,MG,Minas Gerais,Sudeste,Vale do Rio Doce,Mantena,5975.0,81210.0,31214.0,7833.0,8003.0,29482.0,13591.63179916318,0
3162609,São João do Oriente,MG,Minas Gerais,Sudeste,Vale do Rio Doce,Caratinga,7393.0,101830.0,37245.0,10318.0,12851.0,35097.0,13773.840119031516,0
3162658,São João do Pacuí,MG,Minas Gerais,Sudeste,Norte de Minas,Montes Claros,4476.0,44651.0,25081.0,7957.0,892.0,9462.0,9975.647899910637,0
3162708,São João do Paraíso,MG,Minas Gerais,Sudeste,Norte de Minas,Salinas,23797.0,285026.0,110481.0,67860.0,16128.0,75784.0,11977.39210824894,0
3162807,São João Evangelista,MG,Minas Gerais,Sudeste,Vale do Rio Doce,Guanhães,15761.0,253189.0,75779.0,31799.0,13142.0,113171.0,16064.27257153734,0
3162906,São João Nepomuceno,MG,Minas Gerais,Sudeste,Zona da Mata,Juiz de Fora,26530.0,506005.0,123433.0,21061.0,105915.0,217752.0,19072.936298529967,1
3162922,São Joaquim de Bicas,MG,Minas Gerais,Sudeste,Metropolitana de Belo Horizonte,Belo Horizonte,32696.0,1083056.0,167714.0,46947.0,432902.0,295832.0,33125.030584781016,1
3162948,São José da Barra,MG,Minas Gerais,Sudeste,Sul/Sudoeste de Minas,Passos,7532.0,891414.0,44335.0,87668.0,678364.0,67644.0,118350.2389803505,1
3162955,São José da Lapa,MG,Minas Gerais,Sudeste,Metropolitana de Belo Horizonte,Belo Horizonte,24490.0,624432.0,133985.0,9300.0,198281.0,193618.0,25497.427521437323,1
3163003,São José da Safira,MG,Minas Gerais,Sudeste,Vale do Rio Doce,Governador Valadares,4291.0,49538.0,25154.0,3256.0,3977.0,15192.0,11544.62829177348,0
3163102,São José da Varginha,MG,Minas Gerais,Sudeste,Metropolitana de Belo Horizonte,Pará de Minas,5151.0,114569.0,26906.0,55240.0,2112.0,24970.0,22242.08891477383,0
3163201,São José do Alegre,MG,Minas Gerais,Sudeste,Sul/Sudoeste de Minas,Santa Rita do Sapucaí,4222.0,57941.0,22993.0,8117.0,2697.0,20567.0,13723.590715300805,0
3163300,São José do Divino,MG,Minas Gerais,Sudeste,Vale do Rio Doce,Governador Valadares,3851.0,53035.0,23510.0,11332.0,1213.0,15462.0,13771.747598026486,0
3163409,São José do Goiabal,MG,Minas Gerais,Sudeste,Metropolitana de Belo Horizonte,Itabira,5356.0,67369.0,29547.0,13246.0,2490.0,19791.0,12578.23002240478,0
3163508,São José do Jacuri,MG,Minas Gerais,Sudeste,Vale do Rio Doce,Peçanha,6409.0,99880.0,32034.0,22200.0,13824.0,25607.0,15584.334529567795,0
3163607,São José do Mantimento,MG,Minas Gerais,Sudeste,Zona da Mata,Manhuaçu,2821.0,44165.0,18806.0,11532.0,1559.0,11035.0,15655.79581708614,0
3163706,São Lourenço,MG,Minas Gerais,Sudeste,Sul/Sudoeste de Minas,São Lourenço,46539.0,1177795.0,252119.0,2664.0,108613.0,701404.0,25307.69891918606,1
3163805,São Miguel do Anta,MG,Minas Gerais,Sudeste,Zona da Mata,Viçosa,6949.0,105060.0,36216.0,32883.0,5596.0,25861.0,15118.7221182904,0
3163904,São Pedro da União,MG,Minas Gerais,Sudeste,Sul/Sudoeste de Minas,São Sebastião do Paraíso,4563.0,148147.0,26071.0,71613.0,5631.0,37965.0,32467.01731317116,0
3164001,São Pedro dos Ferros,MG,Minas Gerais,Sudeste,Zona da Mata,Ponte Nova,7634.0,134364.0,33704.0,29879.0,17142.0,42575.0,17600.73356038774,0
3164100,São Pedro do Suaçuí,MG,Minas Gerais,Sudeste,Vale do Rio Doce,Peçanha,5160.0,81769.0,26530.0,13280.0,9834.0,26380.0,15846.70542635659,0
3164209,São Romão,MG,Minas Gerais,Sudeste,Norte de Minas,Pirapora,12713.0,243070.0,57417.0,121813.0,10196.0,44431.0,19119.79863132227,0
3164308,São Roque de Minas,MG,Minas Gerais,Sudeste,Oeste de Minas,Piuí,7100.0,323179.0,38174.0,151225.0,24492.0,85760.0,45518.16901408451,0
3164407,São Sebastião da Bela Vista,MG,Minas Gerais,Sudeste,Sul/Sudoeste de Minas,Santa Rita do Sapucaí,5598.0,442552.0,35966.0,24955.0,80441.0,213885.0,79055.3769203287,0
3164431,São Sebastião da Vargem Alegre,MG,Minas Gerais,Sudeste,Zona da Mata,Muriaé,3039.0,66796.0,21448.0,9521.0,18536.0,15440.0,21979.59855215532,0
3164472,São Sebastião do Anta,MG,Minas Gerais,Sudeste,Vale do Rio Doce,Caratinga,6697.0,104236.0,36090.0,27811.0,4945.0,31026.0,15564.581155741376,0
3164506,São Sebastião do Maranhão,MG,Minas Gerais,Sudeste,Vale do Rio Doce,Peçanha,9884.0,100804.0,44495.0,20718.0,2932.0,28272.0,10198.704977741803,0
3164605,São Sebastião do Oeste,MG,Minas Gerais,Sudeste,Oeste de Minas,Divinópolis,6948.0,596667.0,40592.0,77595.0,234175.0,155068.0,85876.07944732298,1
3164704,São Sebastião do Paraíso,MG,Minas Gerais,Sudeste,Sul/Sudoeste de Minas,São Sebastião do Paraíso,71915.0,2234341.0,363181.0,186671.0,425485.0,965700.0,31069.192797052077,1
3164803,São Sebastião do Rio Preto,MG,Minas Gerais,Sudeste,Metropolitana de Belo Horizonte,Conceição do Mato Dentro,1478.0,25965.0,14125.0,4467.0,580.0,6189.0,17567.65899864682,0
3164902,São Sebastião do Rio Verde,MG,Minas Gerais,Sudeste,Sul/Sudoeste de Minas,São Lourenço,2259.0,35675.0,15660.0,5972.0,1433.0,11161.0,15792.386011509518,0
3165008,São Tiago,MG,Minas Gerais,Sudeste,Campo das Vertentes,São João Del Rei,10979.0,246013.0,50549.0,65685.0,37327.0,75025.0,22407.596320247747,0
3165107,São Tomás de Aquino,MG,Minas Gerais,Sudeste,Sul/Sudoeste de Minas,São Sebastião do Paraíso,6980.0,195196.0,38781.0,84033.0,14782.0,48515.0,27965.042979942693,0
3165206,São Tomé das Letras,MG,Minas Gerais,Sudeste,Sul/Sudoeste de Minas,Varginha,7151.0,137341.0,35303.0,35981.0,11444.0,46721.0,19205.8453363166,0
3165305,São Vicente de Minas,MG,Minas Gerais,Sudeste,Sul/Sudoeste de Minas,Andrelândia,7876.0,206080.0,37993.0,55556.0,26957.0,65966.0,26165.56627729812,0
3165404,Sapucaí-Mirim,MG,Minas Gerais,Sudeste,Sul/Sudoeste de Minas,Pouso Alegre,7045.0,110258.0,34394.0,14692.0,15448.0,38330.0,15650.532292405962,0
3165503,Sardoá,MG,Minas Gerais,Sudeste,Vale do Rio Doce,Guanhães,6421.0,68811.0,32587.0,6754.0,3350.0,22628.0,10716.555053729948,0
3165537,Sarzedo,MG,Minas Gerais,Sudeste,Metropolitana de Belo Horizonte,Belo Horizonte,34050.0,2190346.0,185037.0,2994.0,1255611.0,538215.0,64327.34214390602,1
3165552,Setubinha,MG,Minas Gerais,Sudeste,Vale do Mucuri,Teófilo Otoni,12493.0,122713.0,53800.0,37906.0,3019.0,24522.0,9822.54062274874,0
3165560,Sem-Peixe,MG,Minas Gerais,Sudeste,Zona da Mata,Ponte Nova,2579.0,36660.0,16386.0,6345.0,2805.0,9964.0,14214.811942613416,0
3165578,Senador Amaral,MG,Minas Gerais,Sudeste,Sul/Sudoeste de Minas,Pouso Alegre,5365.0,89404.0,31264.0,18774.0,3397.0,31151.0,16664.30568499534,0
3165602,Senador Cortes,MG,Minas Gerais,Sudeste,Zona da Mata,Juiz de Fora,2001.0,38033.0,15164.0,5662.0,3721.0,11343.0,19006.996501749127,0
3165701,Senador Firmino,MG,Minas Gerais,Sudeste,Zona da Mata,Ubá,7902.0,106704.0,39513.0,10241.0,7327.0,43246.0,13503.416856492027,0
3165800,Senador José Bento,MG,Minas Gerais,Sudeste,Sul/Sudoeste de Minas,Pouso Alegre,1422.0,35501.0,12547.0,12156.0,1013.0,8613.0,24965.541490857948,0
3165909,Senador Modestino Gonçalves,MG,Minas Gerais,Sudeste,Jequitinhonha,Diamantina,4056.0,92204.0,23248.0,44693.0,7205.0,14778.0,22732.741617357,0
3166006,Senhora de Oliveira,MG,Minas Gerais,Sudeste,Zona da Mata,Viçosa,5786.0,81065.0,29599.0,15272.0,2371.0,30172.0,14010.542689249914,0
3166105,Senhora do Porto,MG,Minas Gerais,Sudeste,Vale do Rio Doce,Guanhães,3516.0,49708.0,20670.0,12440.0,4356.0,10441.0,14137.656427758817,0
3166204,Senhora dos Remédios,MG,Minas Gerais,Sudeste,Campo das Vertentes,Barbacena,10474.0,115731.0,48126.0,21098.0,9992.0,32379.0,11049.360320794349,0
3166303,Sericita,MG,Minas Gerais,Sudeste,Zona da Mata,Ponte Nova,7340.0,104954.0,36422.0,31449.0,6949.0,26325.0,14298.910081743868,0
3166402,Seritinga,MG,Minas Gerais,Sudeste,Sul/Sudoeste de Minas,Andrelândia,1857.0,45221.0,14947.0,10424.0,3214.0,13820.0,24351.642434033387,0
3166501,Serra Azul de Minas,MG,Minas Gerais,Sudeste,Metropolitana de Belo Horizonte,Conceição do Mato Dentro,4292.0,45048.0,26020.0,5921.0,1454.0,10374.0,10495.806150978564,0
3166600,Serra da Saudade,MG,Minas Gerais,Sudeste,Central Mineira,Bom Despacho,771.0,21916.0,8460.0,7918.0,816.0,4108.0,28425.421530479896,0
3166709,Serra dos Aimorés,MG,Minas Gerais,Sudeste,Vale do Mucuri,Nanuque,8725.0,93122.0,41594.0,15706.0,3800.0,27950.0,10673.008595988538,0
3166808,Serra do Salitre,MG,Minas Gerais,Sudeste,Triângulo Mineiro/Alto Paranaíba,Patrocínio,11750.0,983425.0,72239.0,429056.0,266285.0,189779.0,83695.74468085106,1
3166907,Serrania,MG,Minas Gerais,Sudeste,Sul/Sudoeste de Minas,Alfenas,7667.0,161680.0,38186.0,43775.0,16632.0,53051.0,21087.778792226425,0
3166956,Serranópolis de Minas,MG,Minas Gerais,Sudeste,Norte de Minas,Janaúba,4836.0,47445.0,28681.0,6297.0,1643.0,9530.0,9810.794044665012,0
3167004,Serranos,MG,Minas Gerais,Sudeste,Sul/Sudoeste de Minas,Andrelândia,1949.0,38551.0,14160.0,13493.0,723.0,9084.0,19779.88712160082,0
3167103,Serro,MG,Minas Gerais,Sudeste,Metropolitana de Belo Horizonte,Conceição do Mato Dentro,20915.0,292378.0,98070.0,29268.0,15127.0,131430.0,13979.344967726513,0
3167202,Sete Lagoas,MG,Minas Gerais,Sudeste,Metropolitana de Belo Horizonte,Sete Lagoas,243950.0,12655800.0,1241707.0,36541.0,4824684.0,4365733.0,51878.663660586186,1
3167301,Silveirânia,MG,Minas Gerais,Sudeste,Zona da Mata,Ubá,2267.0,35131.0,15990.0,7447.0,1339.0,9250.0,15496.691662990735,0
3167400,Silvianópolis,MG,Minas Gerais,Sudeste,Sul/Sudoeste de Minas,Santa Rita do Sapucaí,6258.0,141500.0,31658.0,46269.0,16462.0,38520.0,22611.057845957173,0
3167509,Simão Pereira,MG,Minas Gerais,Sudeste,Zona da Mata,Juiz de Fora,2621.0,103933.0,19404.0,5116.0,57552.0,16922.0,39653.94887447539,0
3167608,Simonésia,MG,Minas Gerais,Sudeste,Zona da Mata,Manhuaçu,19834.0,285219.0,90284.0,89366.0,10442.0,82460.0,14380.306544317838,0
3167707,Sobrália,MG,Minas Gerais,Sudeste,Vale do Rio Doce,Governador Valadares,5476.0,67350.0,30350.0,10686.0,2432.0,21543.0,12299.123447772095,0
3167806,Soledade de Minas,MG,Minas Gerais,Sudeste,Sul/Sudoeste de Minas,São Lourenço,6226.0,81837.0,30951.0,17220.0,4340.0,26111.0,13144.394474783168,0
3167905,Tabuleiro,MG,Minas Gerais,Sudeste,Zona da Mata,Ubá,3669.0,65697.0,21109.0,8928.0,7439.0,23220.0,17905.96892886345,0
3168002,Taiobeiras,MG,Minas Gerais,Sudeste,Norte de Minas,Salinas,34653.0,557221.0,163119.0,59332.0,42630.0,251984.0,16080.021931723084,1
3168051,Taparuba,MG,Minas Gerais,Sudeste,Vale do Rio Doce,Aimorés,3093.0,49071.0,20835.0,13214.0,1818.0,11647.0,15865.17943743938,0
3168101,Tapira,MG,Minas Gerais,Sudeste,Triângulo Mineiro/Alto Paranaíba,Araxá,4890.0,688692.0,40079.0,123205.0,366087.0,99239.0,140836.80981595092,1
3168200,Tapiraí,MG,Minas Gerais,Sudeste,Oeste de Minas,Piuí,1869.0,56050.0,12890.0,31754.0,1586.0,8741.0,29989.299090422686,0
3168309,Taquaraçu de Minas,MG,Minas Gerais,Sudeste,Metropolitana de Belo Horizonte,Itabira,4120.0,65923.0,25191.0,7555.0,7524.0,21954.0,16000.728155339806,0
3168408,Tarumirim,MG,Minas Gerais,Sudeste,Vale do Rio Doce,Caratinga,14280.0,188289.0,70875.0,27694.0,7834.0,72974.0,13185.504201680673,0
3168507,Teixeiras,MG,Minas Gerais,Sudeste,Zona da Mata,Viçosa,11680.0,191264.0,58481.0,23939.0,27362.0,71403.0,16375.342465753423,0
3168606,Teófilo Otoni,MG,Minas Gerais,Sudeste,Vale do Mucuri,Teófilo Otoni,141269.0,2952020.0,647157.0,90727.0,368266.0,1572586.0,20896.44578782323,1
3168705,Timóteo,MG,Minas Gerais,Sudeste,Vale do Rio Doce,Ipatinga,91268.0,5609602.0,442653.0,1663.0,3162255.0,1274689.0,61462.96620940527,1
3168804,Tiradentes,MG,Minas Gerais,Sudeste,Campo das Vertentes,São João Del Rei,8160.0,205615.0,43724.0,7230.0,15279.0,123435.0,25197.916666666668,0
3168903,Tiros,MG,Minas Gerais,Sudeste,Triângulo Mineiro/Alto Paranaíba,Patos de Minas,6369.0,379852.0,38624.0,169944.0,38271.0,100124.0,59640.759930915374,0
3169000,Tocantins,MG,Minas Gerais,Sudeste,Zona da Mata,Ubá,16769.0,349351.0,77606.0,40131.0,57261.0,140103.0,20833.14449281412,0
3169059,Tocos do Moji,MG,Minas Gerais,Sudeste,Sul/Sudoeste de Minas,Pouso Alegre,4117.0,70715.0,23150.0,23532.0,2742.0,18255.0,17176.341996599465,0
3169109,Toledo,MG,Minas Gerais,Sudeste,Sul/Sudoeste de Minas,Pouso Alegre,6336.0,107093.0,32625.0,13214.0,14035.0,39178.0,16902.304292929293,0
3169208,Tombos,MG,Minas Gerais,Sudeste,Zona da Mata,Muriaé,7683.0,130946.0,39174.0,19242.0,5127.0,58358.0,17043.6027593388,0
3169307,Três Corações,MG,Minas Gerais,Sudeste,Sul/Sudoeste de Minas,Varginha,80561.0,2958952.0,387298.0,338109.0,574567.0,1214230.0,36729.33553456387,1
3169356,Três Marias,MG,Minas Gerais,Sudeste,Central Mineira,Três Marias,33062.0,3149734.0,187870.0,88355.0,1955241.0,518394.0,95267.49742907264,1
3169406,Três Pontas,MG,Minas Gerais,Sudeste,Sul/Sudoeste de Minas,Varginha,57127.0,1877754.0,289133.0,212415.0,340731.0,787808.0,32869.8163740438,1
3169505,Tumiritinga,MG,Minas Gerais,Sudeste,Vale do Rio Doce,Governador Valadares,6797.0,83258.0,35960.0,15729.0,3601.0,25049.0,12249.227600411949,0
3169604,Tupaciguara,MG,Minas Gerais,Sudeste,Triângulo Mineiro/Alto Paranaíba,Uberlândia,25466.0,946266.0,150622.0,281661.0,114784.0,318971.0,37158.01460771224,1
3169703,Turmalina,MG,Minas Gerais,Sudeste,Jequitinhonha,Capelinha,20280.0,443537.0,99697.0,148131.0,31919.0,134107.0,21870.660749506904,1
3169802,Turvolândia,MG,Minas Gerais,Sudeste,Sul/Sudoeste de Minas,Santa Rita do Sapucaí,5099.0,139823.0,27772.0,63352.0,7277.0,34512.0,27421.65130417729,0
3169901,Ubá,MG,Minas Gerais,Sudeste,Zona da Mata,Ubá,117995.0,3557764.0,471428.0,32833.0,1147838.0,1454740.0,30151.81999237256,1
3170008,Ubaí,MG,Minas Gerais,Sudeste,Norte de Minas,Montes Claros,12661.0,117187.0,60413.0,14434.0,4895.0,33248.0,9255.745991627831,0
3170057,Ubaporanga,MG,Minas Gerais,Sudeste,Vale do Rio Doce,Caratinga,12514.0,167976.0,59355.0,36453.0,9771.0,52903.0,13423.046188269138,0
3170107,Uberaba,MG,Minas Gerais,Sudeste,Triângulo Mineiro/Alto Paranaíba,Uberaba,340277.0,20384265.0,1692887.0,1425496.0,6118665.0,8032968.0,59904.91570103181,1
3170206,Uberlândia,MG,Minas Gerais,Sudeste,Triângulo Mineiro/Alto Paranaíba,Uberlândia,706597.0,43030885.0,3263021.0,921227.0,10480987.0,19165044.0,60898.76549150364,1
3170305,Umburatiba,MG,Minas Gerais,Sudeste,Vale do Mucuri,Nanuque,2582.0,44152.0,17782.0,12798.0,1665.0,10248.0,17099.92254066615,0
3170404,Unaí,MG,Minas Gerais,Sudeste,Noroeste de Minas,Unaí,85461.0,4316723.0,468304.0,1610992.0,323431.0,1531685.0,50511.028422321295,1
3170438,União de Minas,MG,Minas Gerais,Sudeste,Triângulo Mineiro/Alto Paranaíba,Frutal,4265.0,130400.0,24364.0,70426.0,5612.0,25414.0,30574.443141852287,0
3170479,Uruana de Minas,MG,Minas Gerais,Sudeste,Noroeste de Minas,Unaí,3256.0,97089.0,21944.0,47065.0,2774.0,21731.0,29818.488943488945,0
3170503,Urucânia,MG,Minas Gerais,Sudeste,Zona da Mata,Ponte Nova,10333.0,239904.0,52717.0,29697.0,60154.0,72464.0,23217.265073066872,0
3170529,Urucuia,MG,Minas Gerais,Sudeste,Norte de Minas,Januária,17470.0,193218.0,83901.0,51770.0,6254.0,42568.0,11059.988551803091,0
3170578,Vargem Alegre,MG,Minas Gerais,Sudeste,Vale do Rio Doce,Caratinga,6460.0,77359.0,33415.0,4868.0,3690.0,29931.0,11975.077399380803,0
3170602,Vargem Bonita,MG,Minas Gerais,Sudeste,Oeste de Minas,Piuí,2143.0,87624.0,18793.0,43269.0,3673.0,18980.0,40888.47410172656,0
3170651,Vargem Grande do Rio Pardo,MG,Minas Gerais,Sudeste,Norte de Minas,Salinas,5045.0,68132.0,29017.0,18491.0,4548.0,14061.0,13504.856293359762,0
3170701,Varginha,MG,Minas Gerais,Sudeste,Sul/Sudoeste de Minas,Varginha,137608.0,8093504.0,692370.0,88572.0,1549368.0,3920606.0,58815.65025289227,1
3170750,Varjão de Minas,MG,Minas Gerais,Sudeste,Noroeste de Minas,Paracatu,7235.0,316498.0,40012.0,180398.0,24953.0,61327.0,43745.40428472703,0
3170800,Várzea da Palma,MG,Minas Gerais,Sudeste,Norte de Minas,Pirapora,40101.0,1087380.0,194590.0,101082.0,337261.0,274963.0,27116.032019151644,1
3170909,Varzelândia,MG,Minas Gerais,Sudeste,Norte de Minas,Montes Claros,19290.0,187195.0,94603.0,8897.0,6774.0,66722.0,9704.250907205806,0
3171006,Vazante,MG,Minas Gerais,Sudeste,Noroeste de Minas,Paracatu,20692.0,1168800.0,109657.0,294442.0,367935.0,290234.0,56485.59829885946,1
3171030,Verdelândia,MG,Minas Gerais,Sudeste,Norte de Minas,Montes Claros,9527.0,115440.0,47502.0,37018.0,3990.0,22179.0,12117.140757846122,0
3171071,Veredinha,MG,Minas Gerais,Sudeste,Jequitinhonha,Capelinha,5733.0,133100.0,31255.0,55822.0,20820.0,21530.0,23216.46607360893,0
3171105,Veríssimo,MG,Minas Gerais,Sudeste,Triângulo Mineiro/Alto Paranaíba,Uberaba,4090.0,170416.0,27857.0,101522.0,6842.0,29146.0,41666.50366748167,0
3171154,Vermelho Novo,MG,Minas Gerais,Sudeste,Zona da Mata,Ponte Nova,4852.0,64212.0,26147.0,20750.0,1583.0,13933.0,13234.130255564716,0
3171204,Vespasiano,MG,Minas Gerais,Sudeste,Metropolitana de Belo Horizonte,Belo Horizonte,131849.0,3019114.0,643295.0,1174.0,778990.0,1058228.0,22898.269990671142,1
3171303,Viçosa,MG,Minas Gerais,Sudeste,Zona da Mata,Viçosa,79910.0,1811350.0,385852.0,31310.0,187266.0,1038354.0,22667.375797772493,1
3171402,Vieiras,MG,Minas Gerais,Sudeste,Zona da Mata,Muriaé,3570.0,53436.0,22821.0,15002.0,1942.0,12069.0,14968.067226890757,0
3171501,Mathias Lobato,MG,Minas Gerais,Sudeste,Vale do Rio Doce,Governador Valadares,3157.0,43983.0,20606.0,5450.0,1682.0,13792.0,13931.89737092176,0
3171600,Virgem da Lapa,MG,Minas Gerais,Sudeste,Jequitinhonha,Araçuaí,13729.0,131570.0,65481.0,9140.0,5392.0,45273.0,9583.36368271542,0
3171709,Virgínia,MG,Minas Gerais,Sudeste,Sul/Sudoeste de Minas,Itajubá,8652.0,180396.0,40100.0,52052.0,5260.0,75225.0,20850.2080443828,0
3171808,Virginópolis,MG,Minas Gerais,Sudeste,Vale do Rio Doce,Guanhães,10459.0,183972.0,52832.0,32383.0,6483.0,80290.0,17589.826943302418,0
3171907,Virgolândia,MG,Minas Gerais,Sudeste,Vale do Rio Doce,Governador Valadares,5303.0,62673.0,29710.0,12538.0,1957.0,16521.0,11818.404676598151,0
3172004,Visconde do Rio Branco,MG,Minas Gerais,Sudeste,Zona da Mata,Ubá,43351.0,1349239.0,200483.0,16197.0,458734.0,491858.0,31123.59576480358,1
3172103,Volta Grande,MG,Minas Gerais,Sudeste,Zona da Mata,Cataguases,5270.0,139852.0,30740.0,12821.0,30384.0,43602.0,26537.38140417457,0
3172202,Wenceslau Braz,MG,Minas Gerais,Sudeste,Sul/Sudoeste de Minas,Itajubá,2543.0,33070.0,15244.0,5988.0,2510.0,7547.0,13004.325599685411,0
3200102,Afonso Cláudio,ES,Espírito Santo,Sudeste,Central Espírito-santense,Afonso Cláudio,30326.0,569778.0,157075.0,128587.0,48980.0,196278.0,18788.432368264854,1
3200136,Águia Branca,ES,Espírito Santo,Sudeste,Noroeste Espírito-santense,Nova Venécia,9621.0,246002.0,56114.0,69293.0,23925.0,75296.0,25569.27554308284,0
3200169,Água Doce do Norte,ES,Espírito Santo,Sudeste,Noroeste Espírito-santense,Barra de São Francisco,10801.0,184400.0,61241.0,35850.0,26077.0,51038.0,17072.49328765855,0
3200201,Alegre,ES,Espírito Santo,Sudeste,Sul Espírito-santense,Alegre,29869.0,575149.0,134754.0,72353.0,133957.0,201942.0,19255.7166292812,1
3200300,Alfredo Chaves,ES,Espírito Santo,Sudeste,Central Espírito-santense,Guarapari,14670.0,457723.0,82616.0,100175.0,91659.0,140580.0,31201.295160190864,1
3200359,Alto Rio Novo,ES,Espírito Santo,Sudeste,Noroeste Espírito-santense,Colatina,7911.0,113033.0,45622.0,26348.0,5260.0,30858.0,14288.079888762482,0
3200409,Anchieta,ES,Espírito Santo,Sudeste,Central Espírito-santense,Guarapari,30285.0,5764186.0,250853.0,40269.0,4238345.0,1094528.0,190331.38517417863,1
3200508,Apiacá,ES,Espírito Santo,Sudeste,Sul Espírito-santense,Cachoeiro de Itapemirim,7542.0,118191.0,43500.0,19531.0,5834.0,38434.0,15671.04216388226,0
3200607,Aracruz,ES,Espírito Santo,Sudeste,Litoral Norte Espírito-santense,Linhares,104942.0,5313109.0,566580.0,79986.0,2627039.0,1304697.0,50629.00459301328,1
3200706,Atílio Vivácqua,ES,Espírito Santo,Sudeste,Sul Espírito-santense,Cachoeiro de Itapemirim,12270.0,360869.0,73985.0,21920.0,94298.0,105393.0,29410.676446617766,0
3200805,Baixo Guandu,ES,Espírito Santo,Sudeste,Noroeste Espírito-santense,Colatina,31263.0,928258.0,166347.0,52844.0,382635.0,258169.0,29691.904167866167,1
3200904,Barra de São Francisco,ES,Espírito Santo,Sudeste,Noroeste Espírito-santense,Barra de São Francisco,45301.0,1164997.0,219845.0,75624.0,341416.0,401364.0,25716.80536853491,1
3201001,Boa Esperança,ES,Espírito Santo,Sudeste,Noroeste Espírito-santense,Nova Venécia,15146.0,271046.0,78860.0,65208.0,15183.0,93095.0,17895.54998019279,0
3201100,Bom Jesus do Norte,ES,Espírito Santo,Sudeste,Sul Espírito-santense,Cachoeiro de Itapemirim,9988.0,186830.0,55792.0,5936.0,22484.0,82834.0,18705.446535843013,0
3201159,Brejetuba,ES,Espírito Santo,Sudeste,Central Espírito-santense,Afonso Cláudio,12450.0,294749.0,66768.0,128969.0,19828.0,66140.0,23674.61847389558,0
3201209,Cachoeiro de Itapemirim,ES,Espírito Santo,Sudeste,Sul Espírito-santense,Cachoeiro de Itapemirim,212172.0,6146965.0,1000414.0,80565.0,1531965.0,2727956.0,28971.612653884586,1
3201308,Cariacica,ES,Espírito Santo,Sudeste,Central Espírito-santense,Vitória,386495.0,13698899.0,1581488.0,20821.0,1673110.0,5874895.0,35443.92294855043,1
3201407,Castelo,ES,Espírito Santo,Sudeste,Sul Espírito-santense,Cachoeiro de Itapemirim,37956.0,1170584.0,198043.0,112137.0,279117.0,421757.0,30840.552218358094,1
3201506,Colatina,ES,Espírito Santo,Sudeste,Noroeste Espírito-santense,Colatina,124283.0,4378290.0,657832.0,127943.0,1130283.0,1964294.0,35228.39004529984,1
3201605,Conceição da Barra,ES,Espírito Santo,Sudeste,Litoral Norte Espírito-santense,São Mateus,31479.0,607064.0,178809.0,103951.0,91798.0,177040.0,19284.72950220782,1
3201704,Conceição do Castelo,ES,Espírito Santo,Sudeste,Central Espírito-santense,Afonso Cláudio,12887.0,279074.0,68410.0,59572.0,26594.0,101683.0,21655.46674943742,0
3201803,Divino de São Lourenço,ES,Espírito Santo,Sudeste,Sul Espírito-santense,Alegre,4236.0,82577.0,27877.0,27970.0,5005.0,18414.0,19494.09820585458,0
3201902,Domingos Martins,ES,Espírito Santo,Sudeste,Central Espírito-santense,Afonso Cláudio,34120.0,957718.0,172279.0,172884.0,149379.0,388191.0,28069.10902696366,1
3202009,Dores do Rio Preto,ES,Espírito Santo,Sudeste,Sul Espírito-santense,Alegre,6793.0,159784.0,39154.0,36571.0,17224.0,54086.0,23521.860738996027,0
3202108,Ecoporanga,ES,Espírito Santo,Sudeste,Noroeste Espírito-santense,Barra de São Francisco,22748.0,411088.0,116655.0,99786.0,60073.0,115313.0,18071.390891506944,1
3202207,Fundão,ES,Espírito Santo,Sudeste,Litoral Norte Espírito-santense,Linhares,22379.0,468483.0,115714.0,37339.0,108013.0,159507.0,20934.045310335583,1
3202256,Governador Lindenberg,ES,Espírito Santo,Sudeste,Noroeste Espírito-santense,Colatina,13047.0,334325.0,68029.0,92538.0,45067.0,104214.0,25624.66467387139,0
3202306,Guaçuí,ES,Espírito Santo,Sudeste,Sul Espírito-santense,Alegre,31372.0,612499.0,151368.0,65180.0,71129.0,275429.0,19523.747290577587,1
3202405,Guarapari,ES,Espírito Santo,Sudeste,Central Espírito-santense,Guarapari,128504.0,2537477.0,616120.0,69329.0,290340.0,1317714.0,19746.28805329017,1
3202454,Ibatiba,ES,Espírito Santo,Sudeste,Sul Espírito-santense,Alegre,26762.0,450083.0,128087.0,73202.0,24133.0,186581.0,16817.98819221284,1
3202504,Ibiraçu,ES,Espírito Santo,Sudeste,Litoral Norte Espírito-santense,Linhares,12701.0,289513.0,67947.0,23513.0,34932.0,133339.0,22794.504369734663,0
3202553,Ibitirama,ES,Espírito Santo,Sudeste,Sul Espírito-santense,Alegre,8830.0,171980.0,49792.0,48474.0,6686.0,54668.0,19476.78369195923,0
3202603,Iconha,ES,Espírito Santo,Sudeste,Central Espírito-santense,Guarapari,14083.0,314849.0,80500.0,37238.0,21509.0,125767.0,22356.671163814528,0
3202652,Irupi,ES,Espírito Santo,Sudeste,Sul Espírito-santense,Alegre,13672.0,236221.0,71788.0,46942.0,10060.0,88375.0,17277.72088940901,0
3202702,Itaguaçu,ES,Espírito Santo,Sudeste,Central Espírito-santense,Santa Teresa,13982.0,325864.0,75735.0,115469.0,18170.0,98505.0,23305.964811901016,0
3202801,Itapemirim,ES,Espírito Santo,Sudeste,Sul Espírito-santense,Itapemirim,34957.0,5744177.0,362084.0,116500.0,4062152.0,1096314.0,164321.22321709528,1
3202900,Itarana,ES,Espírito Santo,Sudeste,Central Espírito-santense,Santa Teresa,10433.0,266025.0,55592.0,46592.0,60745.0,85188.0,25498.41847982364,0
3203007,Iúna,ES,Espírito Santo,Sudeste,Sul Espírito-santense,Alegre,29417.0,538442.0,141092.0,108435.0,22510.0,223170.0,18303.769928952646,1
3203056,Jaguaré,ES,Espírito Santo,Sudeste,Litoral Norte Espírito-santense,São Mateus,31589.0,963633.0,174902.0,163642.0,295451.0,271763.0,30505.33413530026,1
3203106,Jerônimo Monteiro,ES,Espírito Santo,Sudeste,Sul Espírito-santense,Cachoeiro de Itapemirim,12336.0,172122.0,63432.0,28310.0,9901.0,59803.0,13952.821011673152,0
3203130,João Neiva,ES,Espírito Santo,Sudeste,Litoral Norte Espírito-santense,Linhares,16774.0,646257.0,81756.0,19125.0,276759.0,185714.0,38527.30416120186,1
3203163,Laranja da Terra,ES,Espírito Santo,Sudeste,Central Espírito-santense,Afonso Cláudio,10919.0,187686.0,57205.0,62445.0,9954.0,46525.0,17188.936715816468,0
3203205,Linhares,ES,Espírito Santo,Sudeste,Litoral Norte Espírito-santense,Linhares,179755.0,8036037.0,965162.0,393611.0,2824724.0,2710141.0,44705.49915162304,1
3203304,Mantenópolis,ES,Espírito Santo,Sudeste,Noroeste Espírito-santense,Barra de São Francisco,15653.0,203073.0,76819.0,54083.0,9230.0,53820.0,12973.423624864245,0
3203320,Marataízes,ES,Espírito Santo,Sudeste,Sul Espírito-santense,Itapemirim,39259.0,6659691.0,323783.0,114908.0,4862745.0,1268543.0,169634.75890878524,1
3203346,Marechal Floriano,ES,Espírito Santo,Sudeste,Central Espírito-santense,Afonso Cláudio,17141.0,516900.0,98370.0,83746.0,57053.0,213556.0,30155.766874744764,1
3203353,Marilândia,ES,Espírito Santo,Sudeste,Noroeste Espírito-santense,Colatina,13091.0,312890.0,75848.0,78311.0,26993.0,107971.0,23901.153464212053,0
3203403,Mimoso do Sul,ES,Espírito Santo,Sudeste,Sul Espírito-santense,Cachoeiro de Itapemirim,26079.0,607403.0,125940.0,113097.0,92518.0,222305.0,23290.88538670961,1
3203502,Montanha,ES,Espírito Santo,Sudeste,Litoral Norte Espírito-santense,Montanha,18954.0,410502.0,104168.0,90056.0,30799.0,148942.0,21657.803102247548,0
3203601,Mucurici,ES,Espírito Santo,Sudeste,Litoral Norte Espírito-santense,Montanha,5468.0,96748.0,34610.0,35329.0,3852.0,19685.0,17693.489392831016,0
3203700,Muniz Freire,ES,Espírito Santo,Sudeste,Sul Espírito-santense,Alegre,17176.0,383337.0,96173.0,124245.0,24598.0,113472.0,22318.176525384257,0
3203809,Muqui,ES,Espírito Santo,Sudeste,Sul Espírito-santense,Cachoeiro de Itapemirim,15602.0,234318.0,80365.0,45676.0,9768.0,84727.0,15018.45917190104,0
3203908,Nova Venécia,ES,Espírito Santo,Sudeste,Noroeste Espírito-santense,Nova Venécia,50751.0,1339629.0,253894.0,159006.0,167080.0,611875.0,26396.11042146953,1
3204005,Pancas,ES,Espírito Santo,Sudeste,Noroeste Espírito-santense,Colatina,23426.0,358499.0,112466.0,114609.0,17311.0,97358.0,15303.466234098863,0
3204054,Pedro Canário,ES,Espírito Santo,Sudeste,Litoral Norte Espírito-santense,São Mateus,26575.0,401435.0,132758.0,64847.0,54675.0,126226.0,15105.73847601129,1
3204104,Pinheiros,ES,Espírito Santo,Sudeste,Litoral Norte Espírito-santense,Montanha,27601.0,861689.0,149418.0,155894.0,169644.0,271398.0,31219.48480127532,1
3204203,Piúma,ES,Espírito Santo,Sudeste,Central Espírito-santense,Guarapari,22388.0,876048.0,124901.0,19957.0,445226.0,249354.0,39130.248347328925,1
3204252,Ponto Belo,ES,Espírito Santo,Sudeste,Litoral Norte Espírito-santense,Montanha,8016.0,107547.0,44643.0,23055.0,5508.0,29474.0,13416.541916167664,0
3204302,Presidente Kennedy,ES,Espírito Santo,Sudeste,Sul Espírito-santense,Itapemirim,11741.0,6811823.0,147663.0,79636.0,5314481.0,1210279.0,580174.005621327,1
3204351,Rio Bananal,ES,Espírito Santo,Sudeste,Litoral Norte Espírito-santense,Linhares,19398.0,525681.0,112715.0,175743.0,41862.0,151293.0,27099.752551809463,1
3204401,Rio Novo do Sul,ES,Espírito Santo,Sudeste,Central Espírito-santense,Guarapari,11630.0,229881.0,62273.0,24300.0,49109.0,69442.0,19766.20808254514,0
3204500,Santa Leopoldina,ES,Espírito Santo,Sudeste,Central Espírito-santense,Santa Teresa,12171.0,330157.0,59920.0,117176.0,87154.0,56320.0,27126.530276887683,0
3204559,Santa Maria de Jetibá,ES,Espírito Santo,Sudeste,Central Espírito-santense,Santa Teresa,41588.0,1631412.0,233159.0,763736.0,99790.0,416144.0,39227.95037029913,1
3204609,Santa Teresa,ES,Espírito Santo,Sudeste,Central Espírito-santense,Santa Teresa,23853.0,577198.0,125596.0,119839.0,38903.0,243492.0,24198.13021422882,1
3204658,São Domingos do Norte,ES,Espírito Santo,Sudeste,Noroeste Espírito-santense,Colatina,8735.0,331338.0,50699.0,55152.0,116234.0,69997.0,37932.2266742988,0
3204708,São Gabriel da Palha,ES,Espírito Santo,Sudeste,Noroeste Espírito-santense,Nova Venécia,39085.0,762078.0,181266.0,90351.0,100421.0,323504.0,19497.96597160036,1
3204807,São José do Calçado,ES,Espírito Santo,Sudeste,Sul Espírito-santense,Cachoeiro de Itapemirim,10536.0,203594.0,58881.0,26777.0,42193.0,63285.0,19323.652239939256,0
3204906,São Mateus,ES,Espírito Santo,Sudeste,Litoral Norte Espírito-santense,São Mateus,134629.0,2947650.0,657970.0,365621.0,393964.0,1231895.0,21894.61408760371,1
3204955,São Roque do Canaã,ES,Espírito Santo,Sudeste,Central Espírito-santense,Santa Teresa,12602.0,228985.0,61346.0,46457.0,23935.0,77021.0,18170.52848754166,0
3205002,Serra,ES,Espírito Santo,Sudeste,Central Espírito-santense,Vitória,536765.0,37279144.0,2403065.0,34539.0,13151398.0,13219110.0,69451.51788957923,1
3205010,Sooretama,ES,Espírito Santo,Sudeste,Litoral Norte Espírito-santense,Linhares,31278.0,667554.0,167170.0,108934.0,147048.0,173142.0,21342.605025896795,1
3205036,Vargem Alta,ES,Espírito Santo,Sudeste,Sul Espírito-santense,Cachoeiro de Itapemirim,21778.0,430103.0,104648.0,47530.0,99401.0,130340.0,19749.42602626504,1
3205069,Venda Nova do Imigrante,ES,Espírito Santo,Sudeste,Central Espírito-santense,Afonso Cláudio,26204.0,702150.0,130697.0,77227.0,78060.0,332825.0,26795.527400396884,1
3205101,Viana,ES,Espírito Santo,Sudeste,Central Espírito-santense,Vitória,80735.0,4227430.0,376829.0,23017.0,586589.0,2057974.0,52361.80095373753,1
3205150,Vila Pavão,ES,Espírito Santo,Sudeste,Noroeste Espírito-santense,Nova Venécia,9280.0,180641.0,53459.0,48464.0,24917.0,43544.0,19465.625,0
3205176,Vila Valério,ES,Espírito Santo,Sudeste,Noroeste Espírito-santense,Nova Venécia,14065.0,434064.0,81636.0,168988.0,24505.0,129708.0,30861.28688233203,0
3205200,Vila Velha,ES,Espírito Santo,Sudeste,Central Espírito-santense,Vitória,508655.0,16305901.0,2136750.0,25395.0,2493630.0,8047895.0,32056.89711100844,1
3205309,Vitória,ES,Espírito Santo,Sudeste,Central Espírito-santense,Vitória,369534.0,31423978.0,1995344.0,26154.0,9518403.0,13651258.0,85036.77063544896,1
3300100,Angra dos Reis,RJ,Rio de Janeiro,Sudeste,Sul Fluminense,Baía da Ilha Grande,210171.0,11194157.0,1921438.0,60857.0,3331322.0,4796225.0,53262.13892497062,1
3300159,Aperibé,RJ,Rio de Janeiro,Sudeste,Noroeste Fluminense,Santo Antônio de Pádua,12036.0,249119.0,121491.0,9387.0,13598.0,85161.0,20697.82319707544,0
3300209,Araruama,RJ,Rio de Janeiro,Sudeste,Baixadas,Lagos,136109.0,4234217.0,1183055.0,59721.0,1071336.0,1557778.0,31109.01556840473,1
3300225,Areal,RJ,Rio de Janeiro,Sudeste,Centro Fluminense,Três Rios,12763.0,427436.0,134994.0,4394.0,89808.0,123296.0,33490.2452401473,0
3300233,Armação dos Búzios,RJ,Rio de Janeiro,Sudeste,Baixadas,Lagos,35060.0,2970297.0,478880.0,12586.0,1181356.0,1165231.0,84720.39361095265,1
3300258,Arraial do Cabo,RJ,Rio de Janeiro,Sudeste,Baixadas,Lagos,30827.0,2705450.0,387019.0,22382.0,1510707.0,713995.0,87762.35118564895,1
3300308,Barra do Piraí,RJ,Rio de Janeiro,Sudeste,Sul Fluminense,Barra do Piraí,101139.0,2713890.0,776396.0,47238.0,540720.0,1047621.0,26833.269065345718,1
3300407,Barra Mansa,RJ,Rio de Janeiro,Sudeste,Sul Fluminense,Vale do Paraíba Fluminense,185237.0,6449270.0,1419176.0,70860.0,1292423.0,2974216.0,34816.31639467277,1
3300456,Belford Roxo,RJ,Rio de Janeiro,Sudeste,Metropolitana do Rio de Janeiro,Rio de Janeiro,515239.0,8839736.0,3675976.0,3708.0,1047938.0,3073705.0,17156.57393947275,1
3300506,Bom Jardim,RJ,Rio de Janeiro,Sudeste,Centro Fluminense,Nova Friburgo,27779.0,887295.0,232368.0,105464.0,184755.0,252073.0,31941.21458655819,1
3300605,Bom Jesus do Itabapoana,RJ,Rio de Janeiro,Sudeste,Noroeste Fluminense,Itaperuna,37306.0,908156.0,303933.0,55743.0,98642.0,356687.0,24343.43001125824,1
3300704,Cabo Frio,RJ,Rio de Janeiro,Sudeste,Baixadas,Lagos,234077.0,12359509.0,2170099.0,58007.0,5375422.0,4224059.0,52801.03982877429,1
3300803,Cachoeiras de Macacu,RJ,Rio de Janeiro,Sudeste,Metropolitana do Rio de Janeiro,Macacu-Caceribu,59652.0,1305498.0,478957.0,65696.0,255651.0,381961.0,21885.234359283848,1
3300902,Cambuci,RJ,Rio de Janeiro,Sudeste,Noroeste Fluminense,Santo Antônio de Pádua,15521.0,399847.0,142742.0,73845.0,37282.0,86936.0,25761.677726950584,0
3300936,Carapebus,RJ,Rio de Janeiro,Sudeste,Norte Fluminense,Macaé,16859.0,726756.0,199125.0,13339.0,339637.0,152591.0,43107.894892935525,1
3300951,Comendador Levy Gasparian,RJ,Rio de Janeiro,Sudeste,Centro Fluminense,Três Rios,8590.0,603969.0,93081.0,6122.0,320228.0,126735.0,70310.71012805589,1
3301009,Campos dos Goytacazes,RJ,Rio de Janeiro,Sudeste,Norte Fluminense,Campos dos Goytacazes,514643.0,37179716.0,4146075.0,368935.0,20380240.0,10854517.0,72243.70291639058,1
3301108,Cantagalo,RJ,Rio de Janeiro,Sudeste,Centro Fluminense,Cantagalo-Cordeiro,20163.0,841413.0,183183.0,40422.0,345749.0,199716.0,41730.54604969499,1
3301157,Cardoso Moreira,RJ,Rio de Janeiro,Sudeste,Norte Fluminense,Campos dos Goytacazes,12818.0,395476.0,126984.0,28953.0,88349.0,107689.0,30853.17522234358,0
3301207,Carmo,RJ,Rio de Janeiro,Sudeste,Centro Fluminense,Cantagalo-Cordeiro,19161.0,561273.0,167812.0,24934.0,139478.0,160746.0,29292.46907781431,1
3301306,Casimiro de Abreu,RJ,Rio de Janeiro,Sudeste,Baixadas,Bacia de São João,45864.0,2352145.0,449948.0,13479.0,1173401.0,633038.0,51285.212803069946,1
3301405,Conceição de Macabu,RJ,Rio de Janeiro,Sudeste,Norte Fluminense,Macaé,23561.0,434135.0,208678.0,21308.0,15761.0,151145.0,18426.000594202284,0
3301504,Cordeiro,RJ,Rio de Janeiro,Sudeste,Centro Fluminense,Cantagalo-Cordeiro,22152.0,456168.0,195070.0,7438.0,49845.0,174131.0,20592.63271939328,1
3301603,Duas Barras,RJ,Rio de Janeiro,Sudeste,Centro Fluminense,Nova Friburgo,11563.0,249214.0,113347.0,30631.0,18051.0,57927.0,21552.7112341088,0
3301702,Duque de Caxias,RJ,Rio de Janeiro,Sudeste,Metropolitana do Rio de Janeiro,Rio de Janeiro,929449.0,53136504.0,6868695.0,18006.0,14779160.0,22667493.0,57169.89743385597,1
3301801,Engenheiro Paulo de Frontin,RJ,Rio de Janeiro,Sudeste,Metropolitana do Rio de Janeiro,Vassouras,14138.0,406735.0,158196.0,10993.0,88645.0,100096.0,28768.920639411517,0
3301850,Guapimirim,RJ,Rio de Janeiro,Sudeste,Metropolitana do Rio de Janeiro,Rio de Janeiro,62225.0,1363992.0,545713.0,29283.0,223701.0,444456.0,21920.32141422258,1
3301876,Iguaba Grande,RJ,Rio de Janeiro,Sudeste,Baixadas,Lagos,29344.0,631393.0,302782.0,2798.0,44762.0,243318.0,21516.93702290076,1
3301900,Itaboraí,RJ,Rio de Janeiro,Sudeste,Metropolitana do Rio de Janeiro,Rio de Janeiro,244416.0,5640678.0,1934956.0,17169.0,649530.0,2458230.0,23078.18637077769,1
3302007,Itaguaí,RJ,Rio de Janeiro,Sudeste,Metropolitana do Rio de Janeiro,Itaguaí,136547.0,10502682.0,1321064.0,18783.0,769961.0,7105405.0,76916.2412942064,1
3302056,Italva,RJ,Rio de Janeiro,Sudeste,Noroeste Fluminense,Itaperuna,15387.0,418759.0,149212.0,26677.0,89144.0,119033.0,27215.116656918177,1
3302106,Itaocara,RJ,Rio de Janeiro,Sudeste,Noroeste Fluminense,Santo Antônio de Pádua,23211.0,635888.0,201692.0,68679.0,48108.0,242847.0,27395.976045840333,1
3302205,Itaperuna,RJ,Rio de Janeiro,Sudeste,Noroeste Fluminense,Itaperuna,104354.0,3394940.0,867882.0,79778.0,485132.0,1639583.0,32532.91680242252,1
3302254,Itatiaia,RJ,Rio de Janeiro,Sudeste,Sul Fluminense,Vale do Paraíba Fluminense,32312.0,6893408.0,367452.0,6492.0,2061682.0,2020748.0,213338.945283486,1
3302270,Japeri,RJ,Rio de Janeiro,Sudeste,Metropolitana do Rio de Janeiro,Rio de Janeiro,106296.0,1530183.0,806365.0,7290.0,206300.0,385262.0,14395.489952585234,1
3302304,Laje do Muriaé,RJ,Rio de Janeiro,Sudeste,Noroeste Fluminense,Itaperuna,7298.0,184160.0,82365.0,14213.0,28742.0,40638.0,25234.310770073997,0
3302403,Macaé,RJ,Rio de Janeiro,Sudeste,Norte Fluminense,Macaé,266136.0,17746787.0,3278109.0,75525.0,5538018.0,6094385.0,66683.15071993266,1
3302452,Macuco,RJ,Rio de Janeiro,Sudeste,Centro Fluminense,Cantagalo-Cordeiro,5646.0,214870.0,68518.0,5305.0,47805.0,67230.0,38057.0315267446,0
3302502,Magé,RJ,Rio de Janeiro,Sudeste,Metropolitana do Rio de Janeiro,Rio de Janeiro,247741.0,4765781.0,1976050.0,65818.0,536854.0,1854238.0,19236.949071812905,1
3302601,Mangaratiba,RJ,Rio de Janeiro,Sudeste,Metropolitana do Rio de Janeiro,Itaguaí,45941.0,3211861.0,567752.0,20401.0,126011.0,2297224.0,69912.73590039398,1
3302700,Maricá,RJ,Rio de Janeiro,Sudeste,Metropolitana do Rio de Janeiro,Rio de Janeiro,167668.0,85814188.0,1814114.0,16520.0,65616070.0,17609584.0,511810.17248371785,1
3302809,Mendes,RJ,Rio de Janeiro,Sudeste,Metropolitana do Rio de Janeiro,Vassouras,18681.0,357688.0,155437.0,940.0,26114.0,146102.0,19147.15486323002,0
3302858,Mesquita,RJ,Rio de Janeiro,Sudeste,Metropolitana do Rio de Janeiro,Rio de Janeiro,177016.0,2619212.0,1210340.0,3243.0,155039.0,1087344.0,14796.47037555927,1
3302908,Miguel Pereira,RJ,Rio de Janeiro,Sudeste,Metropolitana do Rio de Janeiro,Vassouras,25622.0,632498.0,247383.0,7242.0,43356.0,285303.0,24685.738818203103,1
3303005,Miracema,RJ,Rio de Janeiro,Sudeste,Noroeste Fluminense,Santo Antônio de Pádua,27134.0,662180.0,254490.0,22295.0,88399.0,236859.0,24404.068696100832,1
3303104,Natividade,RJ,Rio de Janeiro,Sudeste,Noroeste Fluminense,Itaperuna,15305.0,324261.0,134788.0,24160.0,16293.0,116998.0,21186.605684416856,0
3303203,Nilópolis,RJ,Rio de Janeiro,Sudeste,Metropolitana do Rio de Janeiro,Rio de Janeiro,162893.0,3059459.0,1197485.0,0.0,164558.0,1464886.0,18782.01641568392,1
3303302,Niterói,RJ,Rio de Janeiro,Sudeste,Metropolitana do Rio de Janeiro,Rio de Janeiro,516981.0,66345488.0,4927303.0,26399.0,37156047.0,21273203.0,128332.54607035848,1
3303401,Nova Friburgo,RJ,Rio de Janeiro,Sudeste,Centro Fluminense,Nova Friburgo,191664.0,6324877.0,1593900.0,130267.0,768815.0,3169022.0,32999.81738876367,1
3303500,Nova Iguaçu,RJ,Rio de Janeiro,Sudeste,Metropolitana do Rio de Janeiro,Rio de Janeiro,825388.0,17794452.0,6080467.0,8261.0,1523118.0,8460464.0,21558.89351432296,1
3303609,Paracambi,RJ,Rio de Janeiro,Sudeste,Metropolitana do Rio de Janeiro,Vassouras,53093.0,1162875.0,400967.0,3200.0,271413.0,390394.0,21902.60486316464,1
3303708,Paraíba do Sul,RJ,Rio de Janeiro,Sudeste,Centro Fluminense,Três Rios,44741.0,1253017.0,382243.0,63636.0,214270.0,431401.0,28006.01238237858,1
3303807,Paraty,RJ,Rio de Janeiro,Sudeste,Sul Fluminense,Baía da Ilha Grande,44175.0,1955280.0,433765.0,39520.0,590951.0,768103.0,44262.13921901528,1
3303856,Paty do Alferes,RJ,Rio de Janeiro,Sudeste,Metropolitana do Rio de Janeiro,Vassouras,27942.0,684851.0,256658.0,61124.0,58524.0,222053.0,24509.734449932,1
3303906,Petrópolis,RJ,Rio de Janeiro,Sudeste,Metropolitana do Rio de Janeiro,Serrana,307144.0,15665370.0,2449274.0,70958.0,4742116.0,6527993.0,51003.34045268669,1
3303955,Pinheiral,RJ,Rio de Janeiro,Sudeste,Sul Fluminense,Vale do Paraíba Fluminense,25563.0,1452638.0,222240.0,5734.0,854984.0,264407.0,56825.80291828033,1
3304003,Piraí,RJ,Rio de Janeiro,Sudeste,Sul Fluminense,Vale do Paraíba Fluminense,29802.0,2449973.0,306429.0,21163.0,1361264.0,473853.0,82208.34172203208,1
3304102,Porciúncula,RJ,Rio de Janeiro,Sudeste,Noroeste Fluminense,Itaperuna,19068.0,415943.0,167716.0,35016.0,44363.0,125928.0,21813.666876442207,1
3304110,Porto Real,RJ,Rio de Janeiro,Sudeste,Sul Fluminense,Vale do Paraíba Fluminense,20254.0,4245725.0,246631.0,4902.0,1749294.0,885165.0,209624.02488397356,1
3304128,Quatis,RJ,Rio de Janeiro,Sudeste,Sul Fluminense,Vale do Paraíba Fluminense,14562.0,305010.0,126625.0,23189.0,14590.0,105542.0,20945.61186650185,0
3304144,Queimados,RJ,Rio de Janeiro,Sudeste,Metropolitana do Rio de Janeiro,Rio de Janeiro,152311.0,4361684.0,1185104.0,3473.0,865868.0,1737451.0,28636.697283846865,1
3304151,Quissamã,RJ,Rio de Janeiro,Sudeste,Norte Fluminense,Macaé,25535.0,5996886.0,352484.0,33197.0,4343047.0,1194814.0,234849.65733307225,1
3304201,Resende,RJ,Rio de Janeiro,Sudeste,Sul Fluminense,Vale do Paraíba Fluminense,133244.0,10754357.0,1201112.0,60059.0,3265317.0,3575570.0,80711.75437543154,1
3304300,Rio Bonito,RJ,Rio de Janeiro,Sudeste,Metropolitana do Rio de Janeiro,Macacu-Caceribu,60930.0,1831391.0,546259.0,30006.0,119708.0,898750.0,30057.295256852125,1
3304409,Rio Claro,RJ,Rio de Janeiro,Sudeste,Sul Fluminense,Vale do Paraíba Fluminense,18677.0,435959.0,200235.0,56893.0,18294.0,106628.0,23342.02495047385,0
3304508,Rio das Flores,RJ,Rio de Janeiro,Sudeste,Sul Fluminense,Barra do Piraí,9401.0,294384.0,109023.0,18060.0,81192.0,61798.0,31314.11551962557,0
3304524,Rio das Ostras,RJ,Rio de Janeiro,Sudeste,Baixadas,Bacia de São João,159529.0,8948996.0,1513779.0,14234.0,4259839.0,2610550.0,56096.35865579299,1
3304557,Rio de Janeiro,RJ,Rio de Janeiro,Sudeste,Metropolitana do Rio de Janeiro,Rio de Janeiro,6775561.0,359632648.0,56970406.0,111267.0,45685918.0,177540661.0,53077.91458153797,1
3304607,Santa Maria Madalena,RJ,Rio de Janeiro,Sudeste,Centro Fluminense,Santa Maria Madalena,10380.0,234575.0,115159.0,25373.0,7959.0,61965.0,22598.74759152216,0
3304706,Santo Antônio de Pádua,RJ,Rio de Janeiro,Sudeste,Noroeste Fluminense,Santo Antônio de Pádua,42705.0,1284632.0,344485.0,56173.0,259722.0,483614.0,30081.536119892284,1
3304755,São Francisco de Itabapoana,RJ,Rio de Janeiro,Sudeste,Norte Fluminense,Campos dos Goytacazes,42214.0,1184513.0,387400.0,283619.0,47880.0,269086.0,28059.719524328422,1
3304805,São Fidélis,RJ,Rio de Janeiro,Sudeste,Norte Fluminense,Campos dos Goytacazes,38749.0,845178.0,334508.0,63650.0,68309.0,296012.0,21811.60804149785,1
3304904,São Gonçalo,RJ,Rio de Janeiro,Sudeste,Metropolitana do Rio de Janeiro,Rio de Janeiro,1098357.0,20324752.0,7670628.0,81571.0,2003953.0,8725171.0,18504.686545449247,1
3305000,São João da Barra,RJ,Rio de Janeiro,Sudeste,Norte Fluminense,Campos dos Goytacazes,36731.0,9886849.0,415544.0,59304.0,4636444.0,4061567.0,269169.0670006262,1
3305109,São João de Meriti,RJ,Rio de Janeiro,Sudeste,Metropolitana do Rio de Janeiro,Rio de Janeiro,473385.0,8963716.0,3376912.0,1480.0,445897.0,4304905.0,18935.361280986934,1
3305133,São José de Ubá,RJ,Rio de Janeiro,Sudeste,Noroeste Fluminense,Santo Antônio de Pádua,7240.0,196857.0,75323.0,40933.0,8751.0,41903.0,27190.193370165747,0
3305158,São José do Vale do Rio Preto,RJ,Rio de Janeiro,Sudeste,Metropolitana do Rio de Janeiro,Serrana,22032.0,744334.0,207042.0,190494.0,52484.0,152136.0,33784.22294843863,1
3305208,São Pedro da Aldeia,RJ,Rio de Janeiro,Sudeste,Baixadas,Lagos,107556.0,2743637.0,830242.0,41301.0,305668.0,1231133.0,25508.91628546989,1
3305307,São Sebastião do Alto,RJ,Rio de Janeiro,Sudeste,Centro Fluminense,Santa Maria Madalena,9416.0,241281.0,114237.0,42038.0,7674.0,45944.0,25624.57519116397,0
3305406,Sapucaia,RJ,Rio de Janeiro,Sudeste,Centro Fluminense,Três Rios,18270.0,1000567.0,164784.0,43378.0,197879.0,395229.0,54765.571975916806,1
3305505,Saquarema,RJ,Rio de Janeiro,Sudeste,Baixadas,Lagos,91938.0,42178159.0,921586.0,22407.0,31852883.0,8961974.0,458767.4193478214,1
3305554,Seropédica,RJ,Rio de Janeiro,Sudeste,Metropolitana do Rio de Janeiro,Itaguaí,83841.0,4777005.0,743218.0,18303.0,666094.0,2493579.0,56976.95638172255,1
3305604,Silva Jardim,RJ,Rio de Janeiro,Sudeste,Baixadas,Bacia de São João,21775.0,602627.0,255793.0,48909.0,91999.0,147441.0,27675.177956371987,1
3305703,Sumidouro,RJ,Rio de Janeiro,Sudeste,Centro Fluminense,Nova Friburgo,15709.0,600250.0,147973.0,197887.0,28707.0,91183.0,38210.57992233752,1
3305752,Tanguá,RJ,Rio de Janeiro,Sudeste,Metropolitana do Rio de Janeiro,Rio de Janeiro,34898.0,694534.0,324058.0,17472.0,46116.0,250445.0,19901.828184996277,1
3305802,Teresópolis,RJ,Rio de Janeiro,Sudeste,Metropolitana do Rio de Janeiro,Serrana,185820.0,5923899.0,1484733.0,360917.0,540709.0,2896453.0,31879.770745883117,1
3305901,Trajano de Moraes,RJ,Rio de Janeiro,Sudeste,Centro Fluminense,Santa Maria Madalena,10653.0,242013.0,116037.0,33405.0,7802.0,57835.0,22717.82596451704,0
3306008,Três Rios,RJ,Rio de Janeiro,Sudeste,Centro Fluminense,Três Rios,82468.0,6348140.0,743762.0,17386.0,2831277.0,1907627.0,76977.00926419944,1
3306107,Valença,RJ,Rio de Janeiro,Sudeste,Sul Fluminense,Barra do Piraí,77202.0,3122592.0,614179.0,71900.0,1166620.0,980435.0,40447.03505090542,1
3306156,Varre-Sai,RJ,Rio de Janeiro,Sudeste,Noroeste Fluminense,Itaperuna,11208.0,264149.0,108067.0,45669.0,14617.0,56643.0,23567.897930049963,0
3306206,Vassouras,RJ,Rio de Janeiro,Sudeste,Metropolitana do Rio de Janeiro,Vassouras,37262.0,1321254.0,353440.0,36233.0,222719.0,578649.0,35458.48317320595,1
3306305,Volta Redonda,RJ,Rio de Janeiro,Sudeste,Sul Fluminense,Vale do Paraíba Fluminense,274925.0,19671203.0,2245477.0,8048.0,8507259.0,5640206.0,71551.16122578885,1
3500105,Adamantina,SP,São Paulo,Sudeste,Presidente Prudente,Adamantina,35153.0,1370866.0,228217.0,54224.0,178323.0,785582.0,38997.12684550394,1
3500204,Adolfo,SP,São Paulo,Sudeste,São José do Rio Preto,São José do Rio Preto,3545.0,115490.0,27140.0,22826.0,17783.0,42622.0,32578.27926657264,0
3500303,Aguaí,SP,São Paulo,Sudeste,Campinas,Pirassununga,36981.0,1314737.0,151740.0,121796.0,358841.0,437985.0,35551.68870501068,1
3500402,Águas da Prata,SP,São Paulo,Sudeste,Campinas,São João da Boa Vista,8262.0,209004.0,36923.0,25096.0,25551.0,106279.0,25297.022512708787,0
3500501,Águas de Lindóia,SP,São Paulo,Sudeste,Campinas,Amparo,18908.0,585604.0,114951.0,10299.0,41439.0,372530.0,30971.229109371696,1
3500550,Águas de Santa Bárbara,SP,São Paulo,Sudeste,Bauru,Avaré,6142.0,217296.0,41021.0,70379.0,9944.0,82958.0,35378.70400521003,0
3500600,Águas de São Pedro,SP,São Paulo,Sudeste,Piracicaba,Piracicaba,3588.0,147855.0,31515.0,0.0,8859.0,98195.0,41208.19397993311,0
3500709,Agudos,SP,São Paulo,Sudeste,Bauru,Bauru,37582.0,2638623.0,207613.0,85373.0,1120495.0,780808.0,70209.75466978873,1
3500758,Alambari,SP,São Paulo,Sudeste,Itapetininga,Itapetininga,6231.0,129390.0,32355.0,35450.0,11403.0,42753.0,20765.5272026962,0
3500808,Alfredo Marcondes,SP,São Paulo,Sudeste,Presidente Prudente,Presidente Prudente,4201.0,120355.0,24617.0,9081.0,21155.0,35648.0,28649.1311592478,0
3500907,Altair,SP,São Paulo,Sudeste,São José do Rio Preto,São José do Rio Preto,4211.0,112274.0,29230.0,48059.0,5049.0,24150.0,26662.075516504392,0
3501004,Altinópolis,SP,São Paulo,Sudeste,Ribeirão Preto,Batatais,16221.0,833396.0,82123.0,386045.0,28794.0,296402.0,51377.596942235374,1
3501103,Alto Alegre,SP,São Paulo,Sudeste,Araçatuba,Birigui,4078.0,113585.0,26680.0,38450.0,7852.0,34981.0,27853.114271701816,0
3501152,Alumínio,SP,São Paulo,Sudeste,Macro Metropolitana Paulista,Sorocaba,18903.0,3982313.0,117203.0,1155.0,2236918.0,793351.0,210670.95170078825,1
3501202,Álvares Florence,SP,São Paulo,Sudeste,São José do Rio Preto,Votuporanga,3616.0,124351.0,25587.0,60047.0,4640.0,30253.0,34389.10398230088,0
3501301,Álvares Machado,SP,São Paulo,Sudeste,Presidente Prudente,Presidente Prudente,25078.0,709876.0,111961.0,43126.0,121126.0,335572.0,28306.723024164607,1
3501400,Álvaro de Carvalho,SP,São Paulo,Sudeste,Marília,Marília,5320.0,58586.0,23332.0,11041.0,2988.0,19064.0,11012.406015037594,0
3501509,Alvinlândia,SP,São Paulo,Sudeste,Marília,Marília,3251.0,58405.0,21289.0,14786.0,3008.0,17208.0,17965.241464164872,0
3501608,Americana,SP,São Paulo,Sudeste,Campinas,Campinas,244370.0,15217280.0,1169763.0,14188.0,4499622.0,7144793.0,62271.47358513729,1
3501707,Américo Brasiliense,SP,São Paulo,Sudeste,Araraquara,Araraquara,41545.0,1230444.0,206818.0,21525.0,363182.0,506588.0,29617.13804308581,1
3501806,Américo de Campos,SP,São Paulo,Sudeste,São José do Rio Preto,Votuporanga,5993.0,126802.0,33233.0,38291.0,3852.0,46795.0,21158.35140997831,0
3501905,Amparo,SP,São Paulo,Sudeste,Campinas,Amparo,73145.0,5152156.0,372175.0,120904.0,2105977.0,1830744.0,70437.5692118395,1
3502002,Analândia,SP,São Paulo,Sudeste,Araraquara,São Carlos,5115.0,208314.0,35352.0,46531.0,55495.0,61450.0,40726.09970674487,0
3502101,Andradina,SP,São Paulo,Sudeste,Araçatuba,Andradina,57245.0,2845285.0,297746.0,170531.0,808160.0,1295768.0,49703.6422394969,1
3502200,Angatuba,SP,São Paulo,Sudeste,Itapetininga,Itapetininga,25724.0,1474152.0,127712.0,198301.0,508781.0,497926.0,57306.48421707355,1
3502309,Anhembi,SP,São Paulo,Sudeste,Bauru,Botucatu,6911.0,169558.0,38944.0,56226.0,19234.0,44276.0,24534.51020112864,0
3502408,Anhumas,SP,São Paulo,Sudeste,Presidente Prudente,Presidente Prudente,4172.0,105621.0,25165.0,42784.0,7638.0,26549.0,25316.634707574303,0
3502507,Aparecida,SP,São Paulo,Sudeste,Vale do Paraíba Paulista,Guaratinguetá,36211.0,1041067.0,183287.0,3003.0,39568.0,762869.0,28750.02071193836,1
3502606,Aparecida d'Oeste,SP,São Paulo,Sudeste,São José do Rio Preto,Jales,4122.0,151540.0,24954.0,27847.0,38504.0,49291.0,36763.70693837943,0
3502705,Apiaí,SP,São Paulo,Sudeste,Itapetininga,Capão Bonito,24081.0,897713.0,116332.0,259421.0,190903.0,257956.0,37278.89207258835,1
3502754,Araçariguama,SP,São Paulo,Sudeste,Macro Metropolitana Paulista,Sorocaba,23343.0,4814504.0,135830.0,1761.0,1504367.0,2112508.0,206250.43910379984,1
3502804,Araçatuba,SP,São Paulo,Sudeste,Araçatuba,Araçatuba,199210.0,9017953.0,803250.0,136998.0,1312464.0,5822666.0,45268.575874705086,1
3502903,Araçoiaba da Serra,SP,São Paulo,Sudeste,Macro Metropolitana Paulista,Sorocaba,35389.0,1205884.0,167091.0,29828.0,358401.0,522978.0,34075.10808443301,1
3503000,Aramina,SP,São Paulo,Sudeste,Ribeirão Preto,Ituverava,5689.0,150277.0,29778.0,27475.0,3774.0,76857.0,26415.36298119177,0
3503109,Arandu,SP,São Paulo,Sudeste,Bauru,Avaré,6373.0,194818.0,35295.0,92862.0,9502.0,50612.0,30569.276635807317,0
3503158,Arapeí,SP,São Paulo,Sudeste,Vale do Paraíba Paulista,Bananal,2452.0,45568.0,21325.0,2769.0,1888.0,17210.0,18584.013050570964,0
3503208,Araraquara,SP,São Paulo,Sudeste,Araraquara,Araraquara,240542.0,11953237.0,1257073.0,124543.0,2194730.0,6924501.0,49692.93096423909,1
3503307,Araras,SP,São Paulo,Sudeste,Piracicaba,Limeira,136739.0,6942567.0,611476.0,174529.0,1569122.0,3673554.0,50772.39851103196,1
3503356,Arco-Íris,SP,São Paulo,Sudeste,Marília,Tupã,1755.0,62096.0,14987.0,28248.0,3646.0,13120.0,35382.336182336185,0
3503406,Arealva,SP,São Paulo,Sudeste,Bauru,Bauru,8665.0,227079.0,41911.0,66918.0,18061.0,87291.0,26206.462781304097,0
3503505,Areias,SP,São Paulo,Sudeste,Vale do Paraíba Paulista,Bananal,3906.0,58113.0,26213.0,8334.0,1480.0,19688.0,14877.880184331798,0
3503604,Areiópolis,SP,São Paulo,Sudeste,Bauru,Bauru,11186.0,163060.0,53409.0,22630.0,12987.0,65258.0,14577.150008939749,0
3503703,Ariranha,SP,São Paulo,Sudeste,São José do Rio Preto,Catanduva,9851.0,1136911.0,52039.0,22473.0,198112.0,676702.0,115410.7197238859,1
3503802,Artur Nogueira,SP,São Paulo,Sudeste,Campinas,Mogi Mirim,56247.0,1721737.0,248271.0,207404.0,318941.0,689122.0,30610.2903265952,1
3503901,Arujá,SP,São Paulo,Sudeste,Metropolitana de São Paulo,Guarulhos,92453.0,8293370.0,456648.0,44134.0,1393205.0,4787584.0,89703.63319740842,1
3503950,Aspásia,SP,São Paulo,Sudeste,São José do Rio Preto,Jales,1815.0,39546.0,14202.0,10329.0,2056.0,11473.0,21788.42975206612,0
3504008,Assis,SP,São Paulo,Sudeste,Assis,Assis,105768.0,4082516.0,491705.0,56957.0,675200.0,2381901.0,38598.78224037516,1
3504107,Atibaia,SP,São Paulo,Sudeste,Macro Metropolitana Paulista,Bragança Paulista,145378.0,8361032.0,744743.0,305860.0,1833696.0,4034661.0,57512.36087991305,1
3504206,Auriflama,SP,São Paulo,Sudeste,São José do Rio Preto,Auriflama,15316.0,358544.0,69482.0,36449.0,40185.0,189742.0,23409.76756333246,0
3504305,Avaí,SP,São Paulo,Sudeste,Bauru,Bauru,5467.0,376094.0,33327.0,249016.0,11779.0,71770.0,68793.4882019389,0
3504404,Avanhandava,SP,São Paulo,Sudeste,Araçatuba,Birigui,14063.0,199389.0,62366.0,38333.0,7236.0,81276.0,14178.269217094505,0
3504503,Avaré,SP,São Paulo,Sudeste,Bauru,Avaré,91792.0,3278922.0,428689.0,154850.0,483492.0,1879750.0,35721.2175352972,1
3504602,Bady Bassitt,SP,São Paulo,Sudeste,São José do Rio Preto,São José do Rio Preto,18013.0,551849.0,92625.0,19643.0,82368.0,305638.0,30636.151668239603,1
3504701,Balbinos,SP,São Paulo,Sudeste,Bauru,Bauru,6127.0,65400.0,28648.0,16589.0,4811.0,13341.0,10674.065611228987,0
3504800,Bálsamo,SP,São Paulo,Sudeste,São José do Rio Preto,São José do Rio Preto,9209.0,278642.0,44543.0,37092.0,46856.0,122318.0,30257.574112281465,0
3504909,Bananal,SP,São Paulo,Sudeste,Vale do Paraíba Paulista,Bananal,11039.0,216018.0,59069.0,11796.0,36130.0,93762.0,19568.62034604584,0
3505005,Barão de Antonina,SP,São Paulo,Sudeste,Itapetininga,Itapeva,3525.0,74956.0,20522.0,28043.0,2888.0,21295.0,21264.113475177302,0
3505104,Barbosa,SP,São Paulo,Sudeste,Araçatuba,Birigui,7532.0,109125.0,34220.0,13933.0,4510.0,49618.0,14488.183749336164,0
3505203,Bariri,SP,São Paulo,Sudeste,Bauru,Jaú,35844.0,1623406.0,179473.0,88983.0,426105.0,723694.0,45290.87155451401,1
3505302,Barra Bonita,SP,São Paulo,Sudeste,Bauru,Jaú,36125.0,1515653.0,181639.0,20125.0,405061.0,732207.0,41955.79238754325,1
3505351,Barra do Chapéu,SP,São Paulo,Sudeste,Itapetininga,Capão Bonito,5794.0,133738.0,27781.0,70754.0,4986.0,25568.0,23082.153952364515,0
3505401,Barra do Turvo,SP,São Paulo,Sudeste,Litoral Sul Paulista,Registro,7606.0,125821.0,42934.0,5097.0,5416.0,60597.0,16542.334998685248,0
3505500,Barretos,SP,São Paulo,Sudeste,Ribeirão Preto,Barretos,123546.0,5903516.0,625248.0,251329.0,1315472.0,3146638.0,47783.95091706733,1
3505609,Barrinha,SP,São Paulo,Sudeste,Ribeirão Preto,Ribeirão Preto,33537.0,624816.0,165926.0,30338.0,112693.0,272051.0,18630.646748367475,1
3505708,Barueri,SP,São Paulo,Sudeste,Metropolitana de São Paulo,Osasco,279704.0,58027667.0,2282410.0,464.0,5741034.0,36185003.0,207460.9837542545,1
3505807,Bastos,SP,São Paulo,Sudeste,Marília,Tupã,20952.0,1067217.0,110153.0,461928.0,123143.0,306440.0,50936.28293241695,1
3505906,Batatais,SP,São Paulo,Sudeste,Ribeirão Preto,Batatais,63438.0,2416803.0,309287.0,200058.0,532695.0,1109479.0,38097.08691951197,1
3506003,Bauru,SP,São Paulo,Sudeste,Bauru,Bauru,381706.0,16721368.0,1570814.0,49290.0,2524992.0,10733609.0,43806.92994084452,1
3506102,Bebedouro,SP,São Paulo,Sudeste,Ribeirão Preto,Jaboticabal,77612.0,4080485.0,370866.0,117188.0,535906.0,2466710.0,52575.439365046645,1
3506201,Bento de Abreu,SP,São Paulo,Sudeste,Araçatuba,Araçatuba,3028.0,210460.0,22864.0,36684.0,77655.0,53273.0,69504.62351387054,0
3506300,Bernardino de Campos,SP,São Paulo,Sudeste,Assis,Ourinhos,11168.0,377950.0,58597.0,37651.0,75863.0,169942.0,33842.22779369628,0
3506359,Bertioga,SP,São Paulo,Sudeste,Metropolitana de São Paulo,Santos,66154.0,2067677.0,454876.0,8255.0,141039.0,1318462.0,31255.50987090728,1
3506409,Bilac,SP,São Paulo,Sudeste,Araçatuba,Birigui,8197.0,292577.0,37896.0,124813.0,10507.0,103764.0,35693.18043186532,0
3506508,Birigui,SP,São Paulo,Sudeste,Araçatuba,Birigui,126094.0,3947388.0,547945.0,80294.0,720788.0,2179371.0,31305.121575967136,1
3506607,Biritiba Mirim,SP,São Paulo,Sudeste,Metropolitana de São Paulo,Mogi das Cruzes,33265.0,971016.0,132717.0,471704.0,46493.0,280353.0,29190.320156320457,1
3506706,Boa Esperança do Sul,SP,São Paulo,Sudeste,Araraquara,Araraquara,15111.0,380753.0,77747.0,98617.0,33977.0,144514.0,25197.07497849249,0
3506805,Bocaina,SP,São Paulo,Sudeste,Bauru,Jaú,12571.0,281964.0,71175.0,43686.0,33096.0,111188.0,22429.71919497256,0
3506904,Bofete,SP,São Paulo,Sudeste,Bauru,Botucatu,12107.0,212434.0,57486.0,33004.0,24085.0,84053.0,17546.378128355496,0
3507001,Boituva,SP,São Paulo,Sudeste,Itapetininga,Tatuí,63310.0,3393229.0,331521.0,29902.0,1115746.0,1412349.0,53597.046280208495,1
3507100,Bom Jesus dos Perdões,SP,São Paulo,Sudeste,Macro Metropolitana Paulista,Bragança Paulista,26506.0,1463036.0,114518.0,14056.0,575826.0,524791.0,55196.40836037124,1
3507159,Bom Sucesso de Itararé,SP,São Paulo,Sudeste,Itapetininga,Itapeva,4013.0,63857.0,23249.0,5369.0,12078.0,19548.0,15912.53426364316,0
3507209,Borá,SP,São Paulo,Sudeste,Assis,Assis,839.0,74195.0,11529.0,13496.0,23467.0,19788.0,88432.6579261025,0
3507308,Boracéia,SP,São Paulo,Sudeste,Bauru,Jaú,4913.0,519153.0,28494.0,25545.0,193575.0,204730.0,105669.244860574,0
3507407,Borborema,SP,São Paulo,Sudeste,Araraquara,Araraquara,16278.0,518182.0,81904.0,115709.0,37148.0,242452.0,31833.271900724903,1
3507456,Borebi,SP,São Paulo,Sudeste,Bauru,Bauru,2713.0,73943.0,22310.0,22762.0,3666.0,20404.0,27255.068190195358,0
3507506,Botucatu,SP,São Paulo,Sudeste,Bauru,Botucatu,149718.0,5979359.0,550504.0,165588.0,1498003.0,3160156.0,39937.47578781442,1
3507605,Bragança Paulista,SP,São Paulo,Sudeste,Macro Metropolitana Paulista,Bragança Paulista,172346.0,7954300.0,748676.0,99838.0,1987758.0,3946314.0,46153.08739396331,1
3507704,Braúna,SP,São Paulo,Sudeste,Araçatuba,Birigui,5795.0,120687.0,29033.0,36631.0,6689.0,43389.0,20826.056945642795,0
3507753,Brejo Alegre,SP,São Paulo,Sudeste,Araçatuba,Birigui,2911.0,75675.0,20678.0,22315.0,3599.0,24671.0,25996.221229817933,0
3507803,Brodowski,SP,São Paulo,Sudeste,Ribeirão Preto,Ribeirão Preto,25605.0,894831.0,134494.0,93166.0,147133.0,414074.0,34947.51025190393,1
3507902,Brotas,SP,São Paulo,Sudeste,Piracicaba,Rio Claro,24862.0,1123987.0,131687.0,109573.0,280080.0,482125.0,45209.03386694554,1
3508009,Buri,SP,São Paulo,Sudeste,Itapetininga,Itapeva,20050.0,684130.0,99504.0,225588.0,54819.0,250756.0,34121.1970074813,1
3508108,Buritama,SP,São Paulo,Sudeste,Araçatuba,Birigui,17414.0,627565.0,82494.0,72979.0,155317.0,274828.0,36037.957964855865,1
3508207,Buritizal,SP,São Paulo,Sudeste,Ribeirão Preto,Ituverava,4547.0,244488.0,32877.0,39268.0,119329.0,42011.0,53769.078513305474,0
3508306,Cabrália Paulista,SP,São Paulo,Sudeste,Bauru,Bauru,4222.0,102882.0,25046.0,25609.0,17341.0,29702.0,24368.07200378967,0
3508405,Cabreúva,SP,São Paulo,Sudeste,Macro Metropolitana Paulista,Sorocaba,51130.0,5961333.0,282544.0,35186.0,1863557.0,2651030.0,116591.68785448855,1
3508504,Caçapava,SP,São Paulo,Sudeste,Vale do Paraíba Paulista,São José dos Campos,95752.0,5214553.0,430222.0,23144.0,1890323.0,2018774.0,54458.94602723703,1
3508603,Cachoeira Paulista,SP,São Paulo,Sudeste,Vale do Paraíba Paulista,Guaratinguetá,33827.0,673632.0,156848.0,19887.0,54497.0,405443.0,19914.033168770507,1
3508702,Caconde,SP,São Paulo,Sudeste,Campinas,São João da Boa Vista,19031.0,574395.0,83831.0,249083.0,33499.0,185526.0,30182.07135725921,1
3508801,Cafelândia,SP,São Paulo,Sudeste,Bauru,Lins,17917.0,682544.0,89668.0,107405.0,170241.0,243593.0,38094.77032985433,1
3508900,Caiabu,SP,São Paulo,Sudeste,Presidente Prudente,Presidente Prudente,4195.0,69806.0,24116.0,19485.0,3833.0,20301.0,16640.286054827175,0
3509007,Caieiras,SP,São Paulo,Sudeste,Metropolitana de São Paulo,Franco da Rocha,104044.0,4858858.0,455745.0,4924.0,1735181.0,1894173.0,46700.030756218526,1
3509106,Caiuá,SP,São Paulo,Sudeste,Presidente Prudente,Presidente Prudente,6017.0,96255.0,34465.0,31770.0,2736.0,23349.0,15997.174671763338,0
3509205,Cajamar,SP,São Paulo,Sudeste,Metropolitana de São Paulo,Osasco,79034.0,22713160.0,497560.0,277.0,2955319.0,14021896.0,287384.66988890857,1
3509254,Cajati,SP,São Paulo,Sudeste,Litoral Sul Paulista,Registro,28441.0,1755226.0,148903.0,186075.0,621421.0,425561.0,61714.63731936289,1
3509304,Cajobi,SP,São Paulo,Sudeste,São José do Rio Preto,Catanduva,10649.0,170916.0,52076.0,23625.0,8703.0,75926.0,16049.957742511036,0
3509403,Cajuru,SP,São Paulo,Sudeste,Ribeirão Preto,Batatais,26613.0,761749.0,131125.0,145198.0,127358.0,285865.0,28623.1916732424,1
3509452,Campina do Monte Alegre,SP,São Paulo,Sudeste,Itapetininga,Itapetininga,6088.0,151087.0,33231.0,34383.0,15552.0,57611.0,24817.181340341656,0
3509502,Campinas,SP,São Paulo,Sudeste,Campinas,Campinas,1223237.0,72946910.0,5182393.0,170417.0,11136730.0,42630096.0,59634.32270279594,1
3509601,Campo Limpo Paulista,SP,São Paulo,Sudeste,Macro Metropolitana Paulista,Jundiaí,86407.0,2530950.0,364156.0,10544.0,737110.0,1038526.0,29291.029661948683,1
3509700,Campos do Jordão,SP,São Paulo,Sudeste,Vale do Paraíba Paulista,Campos do Jordão,52713.0,1449808.0,267718.0,5938.0,131449.0,930239.0,27503.803615806348,1
3509809,Campos Novos Paulista,SP,São Paulo,Sudeste,Assis,Assis,5028.0,194705.0,29105.0,82321.0,13826.0,58714.0,38724.14478918059,0
3509908,Cananéia,SP,São Paulo,Sudeste,Litoral Sul Paulista,Registro,12542.0,264410.0,73959.0,38791.0,17594.0,119982.0,21081.964598947536,0
3509957,Canas,SP,São Paulo,Sudeste,Vale do Paraíba Paulista,Guaratinguetá,5268.0,130060.0,31054.0,2281.0,19678.0,63844.0,24688.686408504174,0
3510005,Cândido Mota,SP,São Paulo,Sudeste,Assis,Assis,31410.0,1518347.0,133278.0,116464.0,229212.0,832949.0,48339.60522126711,1
3510104,Cândido Rodrigues,SP,São Paulo,Sudeste,Ribeirão Preto,Jaboticabal,2805.0,107108.0,17585.0,32513.0,12621.0,36235.0,38184.670231729055,0
3510153,Canitar,SP,São Paulo,Sudeste,Assis,Ourinhos,5365.0,164319.0,30589.0,8454.0,62469.0,47862.0,30627.958993476237,0
3510203,Capão Bonito,SP,São Paulo,Sudeste,Itapetininga,Capão Bonito,47098.0,1269097.0,226305.0,288352.0,118234.0,550333.0,26945.87880589409,1
3510302,Capela do Alto,SP,São Paulo,Sudeste,Macro Metropolitana Paulista,Sorocaba,21257.0,392354.0,106831.0,43696.0,40582.0,172142.0,18457.63748412288,0
3510401,Capivari,SP,São Paulo,Sudeste,Piracicaba,Piracicaba,56973.0,2990810.0,297785.0,60898.0,1045163.0,1086429.0,52495.21703262949,1
3510500,Caraguatatuba,SP,São Paulo,Sudeste,Vale do Paraíba Paulista,Caraguatatuba,125194.0,4532236.0,721398.0,14037.0,976219.0,2522465.0,36201.70295701072,1
3510609,Carapicuíba,SP,São Paulo,Sudeste,Metropolitana de São Paulo,Osasco,405375.0,6854706.0,1330519.0,332.0,911393.0,3961459.0,16909.54301572618,1
3510708,Cardoso,SP,São Paulo,Sudeste,São José do Rio Preto,Votuporanga,12371.0,321120.0,66213.0,81696.0,16170.0,141886.0,25957.4812060464,0
3510807,Casa Branca,SP,São Paulo,Sudeste,Campinas,São João da Boa Vista,30655.0,1179142.0,149670.0,264214.0,131201.0,508921.0,38464.916000652425,1
3510906,Cássia dos Coqueiros,SP,São Paulo,Sudeste,Ribeirão Preto,Batatais,2488.0,293111.0,20775.0,218853.0,8449.0,40743.0,117809.88745980708,0
3511003,Castilho,SP,São Paulo,Sudeste,Araçatuba,Andradina,21521.0,1388287.0,124161.0,111293.0,532894.0,471493.0,64508.48008921518,1
3511102,Catanduva,SP,São Paulo,Sudeste,São José do Rio Preto,Catanduva,123114.0,5218361.0,506725.0,53856.0,910267.0,3239255.0,42386.41421771691,1
3511201,Catiguá,SP,São Paulo,Sudeste,São José do Rio Preto,Catanduva,7905.0,152902.0,35461.0,22123.0,12343.0,72451.0,19342.441492726124,0
3511300,Cedral,SP,São Paulo,Sudeste,São José do Rio Preto,São José do Rio Preto,9452.0,533104.0,54599.0,37046.0,172293.0,187027.0,56401.18493440541,1
3511409,Cerqueira César,SP,São Paulo,Sudeste,Bauru,Avaré,20391.0,956914.0,93132.0,107439.0,239460.0,417798.0,46928.25266048747,1
3511508,Cerquilho,SP,São Paulo,Sudeste,Itapetininga,Tatuí,50631.0,2343906.0,215222.0,75194.0,742604.0,931036.0,46293.89109438881,1
3511607,Cesário Lange,SP,São Paulo,Sudeste,Itapetininga,Tatuí,18595.0,740569.0,90871.0,62225.0,88445.0,445274.0,39826.2436138747,1
3511706,Charqueada,SP,São Paulo,Sudeste,Piracicaba,Piracicaba,17539.0,515123.0,74413.0,21621.0,174764.0,187873.0,29370.14653058897,1
3511904,Clementina,SP,São Paulo,Sudeste,Araçatuba,Birigui,8894.0,186411.0,42158.0,29695.0,23717.0,77579.0,20959.18596806836,0
3512001,Colina,SP,São Paulo,Sudeste,Ribeirão Preto,Barretos,18601.0,1541673.0,112414.0,81769.0,459503.0,687097.0,82881.18918337724,1
3512100,Colômbia,SP,São Paulo,Sudeste,Ribeirão Preto,Barretos,6223.0,373219.0,53139.0,113625.0,80644.0,94803.0,59974.128233970754,0
3512209,Conchal,SP,São Paulo,Sudeste,Piracicaba,Limeira,28491.0,859274.0,126419.0,46362.0,238864.0,349404.0,30159.48896142641,1
3512308,Conchas,SP,São Paulo,Sudeste,Bauru,Botucatu,18138.0,432993.0,93455.0,86115.0,32691.0,188776.0,23872.14687396626,1
3512407,Cordeirópolis,SP,São Paulo,Sudeste,Piracicaba,Limeira,25116.0,4107826.0,197079.0,60274.0,1298662.0,1915958.0,163554.14874980092,1
3512506,Coroados,SP,São Paulo,Sudeste,Araçatuba,Birigui,6197.0,218777.0,30611.0,63908.0,37005.0,68662.0,35303.69533645312,0
3512605,Coronel Macedo,SP,São Paulo,Sudeste,Itapetininga,Itapeva,4591.0,141158.0,28508.0,65679.0,10819.0,31399.0,30746.678283598343,0
3512704,Corumbataí,SP,São Paulo,Sudeste,Piracicaba,Rio Claro,4072.0,345026.0,31663.0,38854.0,19008.0,200435.0,84731.33595284872,0
3512803,Cosmópolis,SP,São Paulo,Sudeste,Campinas,Campinas,74662.0,2109640.0,332129.0,26685.0,652549.0,827086.0,28255.873134928075,1
3512902,Cosmorama,SP,São Paulo,Sudeste,São José do Rio Preto,Votuporanga,7289.0,506809.0,41588.0,86573.0,139845.0,145773.0,69530.66264233777,1
3513009,Cotia,SP,São Paulo,Sudeste,Metropolitana de São Paulo,Itapecerica da Serra,257882.0,16114165.0,1172265.0,31268.0,3684979.0,7573010.0,62486.583010834416,1
3513108,Cravinhos,SP,São Paulo,Sudeste,Ribeirão Preto,Ribeirão Preto,35858.0,1753137.0,165771.0,65545.0,463804.0,745529.0,48891.09822075966,1
3513207,Cristais Paulista,SP,São Paulo,Sudeste,Ribeirão Preto,Franca,8803.0,346566.0,43540.0,154883.0,23524.0,107863.0,39369.07872316256,0
3513306,Cruzália,SP,São Paulo,Sudeste,Assis,Assis,2021.0,137664.0,17066.0,23110.0,5099.0,76366.0,68116.77387431964,0
3513405,Cruzeiro,SP,São Paulo,Sudeste,Vale do Paraíba Paulista,Guaratinguetá,82895.0,3182373.0,358803.0,12250.0,964748.0,1342170.0,38390.40955425538,1
3513504,Cubatão,SP,São Paulo,Sudeste,Metropolitana de São Paulo,Santos,132521.0,21946472.0,796868.0,1326.0,12465420.0,5836352.0,165607.50371639212,1
3513603,Cunha,SP,São Paulo,Sudeste,Vale do Paraíba Paulista,Paraibuna/Paraitinga,21373.0,326362.0,98788.0,46491.0,15696.0,150424.0,15269.826416506809,0
3513702,Descalvado,SP,São Paulo,Sudeste,Araraquara,São Carlos,34097.0,2081162.0,176025.0,154764.0,606766.0,817834.0,61036.51347625891,1
3513801,Diadema,SP,São Paulo,Sudeste,Metropolitana de São Paulo,São Paulo,429550.0,18484356.0,1829678.0,1127.0,5202147.0,7914094.0,43031.90781049936,1
3513850,Dirce Reis,SP,São Paulo,Sudeste,São José do Rio Preto,Jales,1805.0,69827.0,13521.0,9390.0,21194.0,18684.0,38685.31855955679,0
3513900,Divinolândia,SP,São Paulo,Sudeste,Campinas,São João da Boa Vista,11027.0,491457.0,51369.0,164414.0,18571.0,232712.0,44568.51364831776,0
3514007,Dobrada,SP,São Paulo,Sudeste,Araraquara,Araraquara,9088.0,138927.0,42455.0,15061.0,20856.0,47907.0,15286.861795774648,0
3514106,Dois Córregos,SP,São Paulo,Sudeste,Bauru,Jaú,27704.0,835299.0,124246.0,111840.0,150387.0,343848.0,30150.8446433728,1
3514205,Dolcinópolis,SP,São Paulo,Sudeste,São José do Rio Preto,Jales,2108.0,58947.0,16784.0,17234.0,2883.0,20072.0,27963.4724857685,0
3514304,Dourado,SP,São Paulo,Sudeste,Araraquara,São Carlos,8883.0,802299.0,49515.0,28553.0,314883.0,231734.0,90318.47348868626,1
3514403,Dracena,SP,São Paulo,Sudeste,Presidente Prudente,Dracena,47287.0,1444978.0,194978.0,53746.0,200348.0,865880.0,30557.616258168207,1
3514502,Duartina,SP,São Paulo,Sudeste,Bauru,Bauru,12421.0,252626.0,60937.0,16211.0,27923.0,130967.0,20338.62007889864,0
3514601,Dumont,SP,São Paulo,Sudeste,Ribeirão Preto,Ribeirão Preto,10174.0,342332.0,50165.0,29209.0,58644.0,154248.0,33647.72950658541,0
3514700,Echaporã,SP,São Paulo,Sudeste,Marília,Marília,6026.0,152432.0,32687.0,34664.0,7771.0,66840.0,25295.718552937276,0
3514809,Eldorado,SP,São Paulo,Sudeste,Litoral Sul Paulista,Registro,15592.0,329349.0,74408.0,146214.0,12951.0,86045.0,21122.94766546947,0
3514908,Elias Fausto,SP,São Paulo,Sudeste,Campinas,Campinas,18095.0,1004655.0,96499.0,101619.0,371413.0,300563.0,55521.13843603205,1
3514924,Elisiário,SP,São Paulo,Sudeste,São José do Rio Preto,Catanduva,3742.0,76051.0,24235.0,15320.0,2723.0,29479.0,20323.62373062533,0
3514957,Embaúba,SP,São Paulo,Sudeste,São José do Rio Preto,Catanduva,2446.0,57200.0,18326.0,11552.0,6254.0,19027.0,23385.11856091578,0
3515004,Embu das Artes,SP,São Paulo,Sudeste,Metropolitana de São Paulo,Itapecerica da Serra,279264.0,14314754.0,1099632.0,398.0,1790456.0,8506889.0,51258.859000802106,1
3515103,Embu-Guaçu,SP,São Paulo,Sudeste,Metropolitana de São Paulo,Itapecerica da Serra,70402.0,1456125.0,317596.0,2757.0,279477.0,590363.0,20683.0061645976,1
3515129,Emilianópolis,SP,São Paulo,Sudeste,Presidente Prudente,Presidente Prudente,3238.0,79175.0,22580.0,25691.0,5697.0,22515.0,24451.82211241507,0
3515152,Engenheiro Coelho,SP,São Paulo,Sudeste,Campinas,Mogi Mirim,21712.0,661053.0,96103.0,48388.0,130542.0,301600.0,30446.435151068534,1
3515186,Espírito Santo do Pinhal,SP,São Paulo,Sudeste,Campinas,São João da Boa Vista,44607.0,2065824.0,186865.0,174806.0,570661.0,907643.0,46311.6551213935,1
3515194,Espírito Santo do Turvo,SP,São Paulo,Sudeste,Assis,Ourinhos,4926.0,91772.0,28651.0,24141.0,4028.0,30170.0,18630.125862768982,0
3515202,Estrela d'Oeste,SP,São Paulo,Sudeste,São José do Rio Preto,Fernandópolis,8420.0,753257.0,40625.0,47013.0,322399.0,252574.0,89460.4513064133,1
3515301,Estrela do Norte,SP,São Paulo,Sudeste,Presidente Prudente,Presidente Prudente,2774.0,62446.0,20415.0,19268.0,2896.0,16302.0,22511.175198269648,0
3515350,Euclides da Cunha Paulista,SP,São Paulo,Sudeste,Presidente Prudente,Presidente Prudente,9280.0,136498.0,45991.0,35912.0,6392.0,42976.0,14708.836206896553,0
3515400,Fartura,SP,São Paulo,Sudeste,Assis,Ourinhos,16102.0,473712.0,77778.0,97585.0,53954.0,214082.0,29419.450999875797,1
3515509,Fernandópolis,SP,São Paulo,Sudeste,São José do Rio Preto,Fernandópolis,69680.0,2468766.0,321908.0,83864.0,383335.0,1461340.0,35430.051664753155,1
3515608,Fernando Prestes,SP,São Paulo,Sudeste,Ribeirão Preto,Jaboticabal,5805.0,205594.0,33581.0,61991.0,25277.0,70717.0,35416.709732988806,0
3515657,Fernão,SP,São Paulo,Sudeste,Marília,Marília,1739.0,80954.0,14526.0,36213.0,3402.0,23174.0,46552.04140310524,0
3515707,Ferraz de Vasconcelos,SP,São Paulo,Sudeste,Metropolitana de São Paulo,Mogi das Cruzes,198661.0,4740673.0,721054.0,3345.0,1554619.0,1877666.0,23863.12864628689,1
3515806,Flora Rica,SP,São Paulo,Sudeste,Presidente Prudente,Adamantina,1397.0,42156.0,13062.0,16115.0,1696.0,10249.0,30176.09162491052,0
3515905,Floreal,SP,São Paulo,Sudeste,São José do Rio Preto,Auriflama,2884.0,81886.0,19889.0,29772.0,4783.0,24274.0,28393.203883495145,0
3516002,Flórida Paulista,SP,São Paulo,Sudeste,Presidente Prudente,Adamantina,14936.0,264841.0,68907.0,53192.0,26834.0,103219.0,17731.722013926086,0
3516101,Florínea,SP,São Paulo,Sudeste,Assis,Assis,2631.0,171949.0,22459.0,35659.0,4960.0,89443.0,65354.99809958191,0
3516200,Franca,SP,São Paulo,Sudeste,Ribeirão Preto,Franca,358539.0,11276086.0,1438921.0,159929.0,1608561.0,6913824.0,31450.096084386914,1
3516309,Francisco Morato,SP,São Paulo,Sudeste,Metropolitana de São Paulo,Franco da Rocha,179372.0,1872467.0,658442.0,658.0,127499.0,988959.0,10439.015007916509,1
3516408,Franco da Rocha,SP,São Paulo,Sudeste,Metropolitana de São Paulo,Franco da Rocha,158438.0,4297871.0,607769.0,4528.0,1336799.0,1871368.0,27126.5163660233,1
3516507,Gabriel Monteiro,SP,São Paulo,Sudeste,Araçatuba,Birigui,2776.0,93705.0,18158.0,28443.0,16276.0,26511.0,33755.40345821326,0
3516606,Gália,SP,São Paulo,Sudeste,Marília,Marília,6419.0,172719.0,33852.0,50283.0,11686.0,67200.0,26907.462221529837,0
3516705,Garça,SP,São Paulo,Sudeste,Marília,Marília,44429.0,1725228.0,186023.0,123187.0,217931.0,1045773.0,38831.1238155259,1
3516804,Gastão Vidigal,SP,São Paulo,Sudeste,São José do Rio Preto,Auriflama,4911.0,85828.0,23337.0,21817.0,4534.0,31817.0,17476.684992873143,0
3516853,Gavião Peixoto,SP,São Paulo,Sudeste,Araraquara,Araraquara,4841.0,1184185.0,39176.0,47792.0,739454.0,197164.0,244615.78186325135,1
3516903,General Salgado,SP,São Paulo,Sudeste,São José do Rio Preto,Auriflama,10855.0,275099.0,53622.0,55734.0,12628.0,135424.0,25343.067710732383,0
3517000,Getulina,SP,São Paulo,Sudeste,Bauru,Lins,11485.0,215988.0,53761.0,74848.0,6036.0,73131.0,18806.09490639965,0
3517109,Glicério,SP,São Paulo,Sudeste,Araçatuba,Birigui,4842.0,125314.0,29046.0,32201.0,17461.0,39802.0,25880.627839735647,0
3517208,Guaiçara,SP,São Paulo,Sudeste,Bauru,Lins,12416.0,232241.0,57416.0,28038.0,32268.0,83097.0,18704.977448453606,0
3517307,Guaimbê,SP,São Paulo,Sudeste,Bauru,Lins,5806.0,442962.0,25930.0,26372.0,349668.0,33409.0,76293.83396486394,0
3517406,Guaíra,SP,São Paulo,Sudeste,Ribeirão Preto,São Joaquim da Barra,41283.0,2704845.0,223190.0,262395.0,911598.0,1011424.0,65519.58433253397,1
3517505,Guapiaçu,SP,São Paulo,Sudeste,São José do Rio Preto,São José do Rio Preto,22087.0,896415.0,94570.0,68217.0,284894.0,343740.0,40585.638610947615,1
3517604,Guapiara,SP,São Paulo,Sudeste,Itapetininga,Capão Bonito,16896.0,439112.0,86038.0,186970.0,50976.0,97990.0,25989.109848484848,1
3517703,Guará,SP,São Paulo,Sudeste,Ribeirão Preto,Ituverava,21394.0,618205.0,114425.0,54094.0,101737.0,298764.0,28896.18584649902,1
3517802,Guaraçaí,SP,São Paulo,Sudeste,Araçatuba,Andradina,8258.0,326572.0,47542.0,151153.0,14884.0,99409.0,39546.137079195934,0
3517901,Guaraci,SP,São Paulo,Sudeste,São José do Rio Preto,São José do Rio Preto,11382.0,375453.0,62793.0,89255.0,74478.0,110723.0,32986.557722720085,0
3518008,Guarani d'Oeste,SP,São Paulo,Sudeste,São José do Rio Preto,Fernandópolis,1996.0,37040.0,14944.0,6343.0,2917.0,11396.0,18557.114228456918,0
3518107,Guarantã,SP,São Paulo,Sudeste,Bauru,Bauru,6685.0,196319.0,36298.0,64116.0,22446.0,60246.0,29367.090501121915,0
3518206,Guararapes,SP,São Paulo,Sudeste,Araçatuba,Araçatuba,33257.0,1199678.0,152933.0,234719.0,231377.0,483627.0,36072.94704874162,1
3518305,Guararema,SP,São Paulo,Sudeste,Metropolitana de São Paulo,Mogi das Cruzes,30465.0,1546741.0,149826.0,50979.0,370827.0,751162.0,50771.08156901362,1
3518404,Guaratinguetá,SP,São Paulo,Sudeste,Vale do Paraíba Paulista,Guaratinguetá,123192.0,7877882.0,538108.0,49627.0,2657654.0,3075538.0,63947.99987012144,1
3518503,Guareí,SP,São Paulo,Sudeste,Itapetininga,Itapetininga,19244.0,313681.0,82014.0,74506.0,52385.0,83287.0,16300.197464144669,0
3518602,Guariba,SP,São Paulo,Sudeste,Ribeirão Preto,Jaboticabal,40857.0,1135134.0,185248.0,68504.0,250885.0,512978.0,27783.09714369631,1
3518701,Guarujá,SP,São Paulo,Sudeste,Metropolitana de São Paulo,Santos,324977.0,10494252.0,1737252.0,50432.0,1150370.0,5976188.0,32292.291454472164,1
3518800,Guarulhos,SP,São Paulo,Sudeste,Metropolitana de São Paulo,Guarulhos,1404694.0,77376425.0,5882058.0,57763.0,17040800.0,40037133.0,55084.18559486977,1
3518859,Guatapará,SP,São Paulo,Sudeste,Ribeirão Preto,Ribeirão Preto,7760.0,245363.0,51313.0,87619.0,13971.0,74248.0,31618.943298969072,0
3518909,Guzolândia,SP,São Paulo,Sudeste,São José do Rio Preto,Auriflama,5346.0,93585.0,29313.0,23193.0,5722.0,31713.0,17505.611672278337,0
3519006,Herculândia,SP,São Paulo,Sudeste,Marília,Tupã,9649.0,355955.0,46026.0,87683.0,73606.0,118034.0,36890.35133174422,0
3519055,Holambra,SP,São Paulo,Sudeste,Campinas,Campinas,15605.0,1463401.0,83857.0,509243.0,228722.0,498746.0,93777.6994553028,1
3519071,Hortolândia,SP,São Paulo,Sudeste,Campinas,Campinas,237570.0,18377822.0,1088112.0,1575.0,5178931.0,8314851.0,77357.50305173211,1
3519105,Iacanga,SP,São Paulo,Sudeste,Bauru,Bauru,12002.0,658010.0,63165.0,73945.0,48279.0,379965.0,54825.02916180637,1
3519204,Iacri,SP,São Paulo,Sudeste,Marília,Tupã,6269.0,316795.0,30835.0,99988.0,27681.0,127935.0,50533.577923113735,0
3519253,Iaras,SP,São Paulo,Sudeste,Bauru,Avaré,9786.0,168922.0,46905.0,42584.0,10675.0,56934.0,17261.598201512366,0
3519303,Ibaté,SP,São Paulo,Sudeste,Araraquara,São Carlos,35830.0,1159253.0,155998.0,50894.0,407365.0,422490.0,32354.25620987999,1
3519402,Ibirá,SP,São Paulo,Sudeste,São José do Rio Preto,São José do Rio Preto,12639.0,318126.0,61802.0,48698.0,62072.0,126892.0,25170.187514835037,0
3519501,Ibirarema,SP,São Paulo,Sudeste,Assis,Assis,7926.0,244614.0,36499.0,40776.0,28915.0,109953.0,30862.22558667676,0
3519600,Ibitinga,SP,São Paulo,Sudeste,Araraquara,Araraquara,61150.0,1965223.0,262816.0,103104.0,407690.0,994119.0,32137.743254292724,1
3519709,Ibiúna,SP,São Paulo,Sudeste,Macro Metropolitana Paulista,Piedade,80062.0,2370586.0,376555.0,457846.0,391626.0,904427.0,29609.3777322575,1
3519808,Icém,SP,São Paulo,Sudeste,São José do Rio Preto,São José do Rio Preto,8363.0,209289.0,50869.0,30442.0,46755.0,74124.0,25025.58890350353,0
3519907,Iepê,SP,São Paulo,Sudeste,Assis,Assis,8228.0,434356.0,52062.0,83573.0,13880.0,222618.0,52789.98541565386,0
3520004,Igaraçu do Tietê,SP,São Paulo,Sudeste,Bauru,Jaú,24821.0,381185.0,104423.0,15880.0,23366.0,202870.0,15357.358688207569,0
3520103,Igarapava,SP,São Paulo,Sudeste,Ribeirão Preto,Ituverava,30791.0,1299637.0,129817.0,58078.0,163275.0,780396.0,42208.34009937969,1
3520202,Igaratá,SP,São Paulo,Sudeste,Vale do Paraíba Paulista,São José dos Campos,9631.0,240165.0,55879.0,2694.0,24559.0,128600.0,24936.662859516146,0
3520301,Iguape,SP,São Paulo,Sudeste,Litoral Sul Paulista,Registro,31117.0,1588620.0,158331.0,102580.0,800549.0,497573.0,51053.12208760485,1
3520400,Ilhabela,SP,São Paulo,Sudeste,Vale do Paraíba Paulista,Caraguatatuba,36194.0,13956618.0,311820.0,4355.0,9689118.0,3816794.0,385605.8462728629,1
3520426,Ilha Comprida,SP,São Paulo,Sudeste,Litoral Sul Paulista,Registro,11552.0,1363561.0,96873.0,5569.0,847860.0,397962.0,118036.79016620498,1
3520442,Ilha Solteira,SP,São Paulo,Sudeste,Araçatuba,Andradina,26886.0,706075.0,142701.0,73083.0,39868.0,408260.0,26261.8091199881,1
3520509,Indaiatuba,SP,São Paulo,Sudeste,Campinas,Campinas,260690.0,22817117.0,1241521.0,46619.0,6772161.0,9716239.0,87525.862135103,1
3520608,Indiana,SP,São Paulo,Sudeste,Presidente Prudente,Presidente Prudente,4873.0,86968.0,27571.0,18006.0,3922.0,33370.0,17846.91155345783,0
3520707,Indiaporã,SP,São Paulo,Sudeste,São José do Rio Preto,Fernandópolis,3876.0,111103.0,24647.0,27338.0,5860.0,48192.0,28664.34468524252,0
3520806,Inúbia Paulista,SP,São Paulo,Sudeste,Presidente Prudente,Adamantina,4045.0,136681.0,22846.0,9788.0,7680.0,81554.0,33790.11124845488,0
3520905,Ipaussu,SP,São Paulo,Sudeste,Assis,Ourinhos,15165.0,499099.0,76944.0,37048.0,123713.0,210478.0,32911.24299373558,1
3521002,Iperó,SP,São Paulo,Sudeste,Macro Metropolitana Paulista,Sorocaba,38771.0,969694.0,168088.0,21813.0,308393.0,333670.0,25010.80704650383,1
3521101,Ipeúna,SP,São Paulo,Sudeste,Piracicaba,Rio Claro,7824.0,947912.0,42255.0,24395.0,486814.0,272643.0,121154.39672801636,1
3521150,Ipiguá,SP,São Paulo,Sudeste,São José do Rio Preto,São José do Rio Preto,5557.0,124259.0,26171.0,19588.0,24359.0,39831.0,22360.8061903905,0
3521200,Iporanga,SP,São Paulo,Sudeste,Itapetininga,Capão Bonito,4180.0,63459.0,28851.0,7279.0,2987.0,22229.0,15181.578947368422,0
3521309,Ipuã,SP,São Paulo,Sudeste,Ribeirão Preto,São Joaquim da Barra,16794.0,442715.0,90860.0,75494.0,40963.0,203007.0,26361.498154102657,1
3521408,Iracemápolis,SP,São Paulo,Sudeste,Piracicaba,Limeira,24982.0,2127925.0,122990.0,22556.0,714975.0,749839.0,85178.32839644545,1
3521507,Irapuã,SP,São Paulo,Sudeste,São José do Rio Preto,Novo Horizonte,8101.0,186223.0,36458.0,73484.0,9689.0,59247.0,22987.65584495741,0
3521606,Irapuru,SP,São Paulo,Sudeste,Presidente Prudente,Adamantina,8356.0,109595.0,35734.0,21816.0,2638.0,44503.0,13115.725227381525,0
3521705,Itaberá,SP,São Paulo,Sudeste,Itapetininga,Itapeva,17405.0,1016119.0,91961.0,304163.0,34938.0,485006.0,58380.86756679115,1
3521804,Itaí,SP,São Paulo,Sudeste,Bauru,Avaré,27632.0,924897.0,126863.0,301407.0,68360.0,347177.0,33471.95280833816,1
3521903,Itajobi,SP,São Paulo,Sudeste,São José do Rio Preto,Novo Horizonte,15331.0,935220.0,79969.0,195825.0,238575.0,333653.0,61001.891592198815,1
3522000,Itaju,SP,São Paulo,Sudeste,Bauru,Jaú,3937.0,232257.0,23865.0,45851.0,79572.0,59661.0,58993.39598679198,0
3522109,Itanhaém,SP,São Paulo,Sudeste,Litoral Sul Paulista,Itanhaém,104351.0,2369275.0,542815.0,65653.0,159891.0,1451542.0,22704.86147713007,1
3522158,Itaoca,SP,São Paulo,Sudeste,Itapetininga,Capão Bonito,3332.0,53345.0,19520.0,9352.0,6908.0,15328.0,16009.903961584634,0
3522208,Itapecerica da Serra,SP,São Paulo,Sudeste,Metropolitana de São Paulo,Itapecerica da Serra,179574.0,4909299.0,725529.0,26749.0,767377.0,2720394.0,27338.584650339137,1
3522307,Itapetininga,SP,São Paulo,Sudeste,Itapetininga,Itapetininga,167106.0,6359723.0,685169.0,411250.0,1394943.0,3095971.0,38058.01706701136,1
3522406,Itapeva,SP,São Paulo,Sudeste,Itapetininga,Itapeva,95241.0,3788992.0,431701.0,991509.0,477193.0,1560790.0,39783.202612320325,1
3522505,Itapevi,SP,São Paulo,Sudeste,Metropolitana de São Paulo,Osasco,244131.0,12854995.0,1016204.0,365.0,1967818.0,7477096.0,52656.13543548341,1
3522604,Itapira,SP,São Paulo,Sudeste,Campinas,Mogi Mirim,75683.0,4756331.0,353902.0,76929.0,1922953.0,1743951.0,62845.43424547124,1
3522653,Itapirapuã Paulista,SP,São Paulo,Sudeste,Itapetininga,Capão Bonito,4294.0,52590.0,24442.0,3029.0,2864.0,19854.0,12247.321844434096,0
3522703,Itápolis,SP,São Paulo,Sudeste,Araraquara,Araraquara,43536.0,1630820.0,202193.0,157620.0,315905.0,784293.0,37459.11429621463,1
3522802,Itaporanga,SP,São Paulo,Sudeste,Itapetininga,Itapeva,15197.0,305514.0,69996.0,65059.0,12970.0,142141.0,20103.573073632957,0
3522901,Itapuí,SP,São Paulo,Sudeste,Bauru,Jaú,14297.0,1003729.0,65153.0,23468.0,300837.0,466055.0,70205.56760159474,1
3523008,Itapura,SP,São Paulo,Sudeste,Araçatuba,Andradina,4994.0,104628.0,29815.0,35615.0,4325.0,30535.0,20950.74088906688,0
3523107,Itaquaquecetuba,SP,São Paulo,Sudeste,Metropolitana de São Paulo,Mogi das Cruzes,379082.0,9519618.0,1324841.0,15806.0,2351746.0,4428778.0,25112.292327253734,1
3523206,Itararé,SP,São Paulo,Sudeste,Itapetininga,Itapeva,50778.0,1182424.0,218485.0,172774.0,118453.0,580730.0,23286.14754421206,1
3523305,Itariri,SP,São Paulo,Sudeste,Litoral Sul Paulista,Itanhaém,17754.0,438980.0,76866.0,109347.0,13139.0,204462.0,24725.695617888927,0
3523404,Itatiba,SP,São Paulo,Sudeste,Macro Metropolitana Paulista,Bragança Paulista,124254.0,8245498.0,612782.0,840130.0,2385198.0,2904493.0,66360.02060295845,1
3523503,Itatinga,SP,São Paulo,Sudeste,Bauru,Avaré,21139.0,396660.0,93133.0,47196.0,58662.0,162823.0,18764.369175457687,0
3523602,Itirapina,SP,São Paulo,Sudeste,Piracicaba,Rio Claro,18610.0,1273184.0,106990.0,97283.0,257540.0,382848.0,68413.97098334228,1
3523701,Itirapuã,SP,São Paulo,Sudeste,Ribeirão Preto,Franca,6587.0,161835.0,32246.0,73243.0,9458.0,41938.0,24568.847730378016,0
3523800,Itobi,SP,São Paulo,Sudeste,Campinas,São João da Boa Vista,7862.0,198366.0,33121.0,65156.0,17153.0,71342.0,25230.984482320026,0
3523909,Itu,SP,São Paulo,Sudeste,Macro Metropolitana Paulista,Sorocaba,177150.0,10540813.0,785616.0,61728.0,2778956.0,4851516.0,59502.190234264745,1
3524006,Itupeva,SP,São Paulo,Sudeste,Macro Metropolitana Paulista,Jundiaí,64330.0,8423279.0,413889.0,90568.0,2380932.0,3601853.0,130938.58230996424,1
3524105,Ituverava,SP,São Paulo,Sudeste,Ribeirão Preto,Ituverava,42259.0,1907193.0,191840.0,124876.0,500865.0,801007.0,45131.04900731205,1
3524204,Jaborandi,SP,São Paulo,Sudeste,Ribeirão Preto,São Joaquim da Barra,6963.0,153278.0,36614.0,53492.0,8042.0,49076.0,22013.21269567715,0
3524303,Jaboticabal,SP,São Paulo,Sudeste,Ribeirão Preto,Jaboticabal,78029.0,3601183.0,389442.0,247870.0,697109.0,1831273.0,46151.85379794692,1
3524402,Jacareí,SP,São Paulo,Sudeste,Vale do Paraíba Paulista,São José dos Campos,237119.0,16080494.0,954072.0,38512.0,5091966.0,6611049.0,67816.13451473732,1
3524501,Jaci,SP,São Paulo,Sudeste,São José do Rio Preto,São José do Rio Preto,7322.0,676808.0,37441.0,32380.0,290063.0,221721.0,92434.8538650642,1
3524600,Jacupiranga,SP,São Paulo,Sudeste,Litoral Sul Paulista,Registro,17911.0,531089.0,86629.0,122649.0,30011.0,253282.0,29651.554910390263,1
3524709,Jaguariúna,SP,São Paulo,Sudeste,Campinas,Campinas,59921.0,13981302.0,379153.0,20780.0,3759803.0,6870415.0,233328.916406602,1
3524808,Jales,SP,São Paulo,Sudeste,São José do Rio Preto,Jales,49291.0,1982125.0,219013.0,88022.0,355473.0,1139428.0,40212.71631738046,1
3524907,Jambeiro,SP,São Paulo,Sudeste,Vale do Paraíba Paulista,Paraibuna/Paraitinga,6828.0,352904.0,38486.0,12071.0,112581.0,96688.0,51684.82718219098,0
3525003,Jandira,SP,São Paulo,Sudeste,Metropolitana de São Paulo,Osasco,127734.0,4908360.0,552277.0,729.0,1244035.0,2246180.0,38426.41739865658,1
3525102,Jardinópolis,SP,São Paulo,Sudeste,Ribeirão Preto,Ribeirão Preto,45544.0,1580760.0,239951.0,100311.0,227269.0,825790.0,34708.41384155981,1
3525201,Jarinu,SP,São Paulo,Sudeste,Macro Metropolitana Paulista,Bragança Paulista,31173.0,2997400.0,192492.0,55015.0,565117.0,1683142.0,96153.72277291246,1
3525300,Jaú,SP,São Paulo,Sudeste,Bauru,Jaú,153463.0,5582395.0,644925.0,125735.0,878277.0,3302758.0,36376.16233228856,1
3525409,Jeriquara,SP,São Paulo,Sudeste,Ribeirão Preto,Franca,3143.0,168937.0,21197.0,97913.0,9837.0,34950.0,53750.23862551702,0
3525508,Joanópolis,SP,São Paulo,Sudeste,Macro Metropolitana Paulista,Bragança Paulista,13453.0,261558.0,63362.0,25636.0,13741.0,141279.0,19442.354865085854,0
3525607,João Ramalho,SP,São Paulo,Sudeste,Presidente Prudente,Presidente Prudente,4577.0,148675.0,23600.0,84115.0,2977.0,33337.0,32483.067511470395,0
3525706,José Bonifácio,SP,São Paulo,Sudeste,São José do Rio Preto,São José do Rio Preto,37707.0,1381751.0,194283.0,166491.0,272610.0,626318.0,36644.416156151376,1
3525805,Júlio Mesquita,SP,São Paulo,Sudeste,Bauru,Lins,4824.0,58843.0,23465.0,9939.0,1691.0,20852.0,12197.96849087894,0
3525854,Jumirim,SP,São Paulo,Sudeste,Piracicaba,Piracicaba,3467.0,214000.0,20608.0,18362.0,86777.0,55533.0,61724.83415056245,0
3525904,Jundiaí,SP,São Paulo,Sudeste,Macro Metropolitana Paulista,Jundiaí,426935.0,57670893.0,2239148.0,185537.0,11700444.0,29583739.0,135081.20205651913,1
3526001,Junqueirópolis,SP,São Paulo,Sudeste,Presidente Prudente,Dracena,20978.0,807879.0,98821.0,73463.0,177595.0,380558.0,38510.77319096196,1
3526100,Juquiá,SP,São Paulo,Sudeste,Litoral Sul Paulista,Registro,18627.0,366459.0,86908.0,89324.0,21741.0,148762.0,19673.538411982605,0
3526209,Juquitiba,SP,São Paulo,Sudeste,Metropolitana de São Paulo,Itapecerica da Serra,31844.0,573997.0,134190.0,1253.0,78290.0,306245.0,18025.27948750157,0
3526308,Lagoinha,SP,São Paulo,Sudeste,Vale do Paraíba Paulista,Paraibuna/Paraitinga,4882.0,73967.0,25594.0,11329.0,3548.0,30228.0,15150.96272019664,0
3526407,Laranjal Paulista,SP,São Paulo,Sudeste,Itapetininga,Tatuí,29047.0,1411101.0,146192.0,40154.0,509863.0,502219.0,48579.922195063176,1
3526506,Lavínia,SP,São Paulo,Sudeste,Araçatuba,Araçatuba,12581.0,184896.0,52776.0,69549.0,4259.0,50633.0,14696.447023289087,0
3526605,Lavrinhas,SP,São Paulo,Sudeste,Vale do Paraíba Paulista,Guaratinguetá,7361.0,133317.0,39865.0,5804.0,22491.0,50203.0,18111.262056785763,0
3526704,Leme,SP,São Paulo,Sudeste,Piracicaba,Limeira,105273.0,4101867.0,459955.0,111182.0,983962.0,1929159.0,38964.09335727109,1
3526803,Lençóis Paulista,SP,São Paulo,Sudeste,Bauru,Bauru,69533.0,4924228.0,327596.0,97655.0,1872223.0,1952287.0,70818.57535271022,1
3526902,Limeira,SP,São Paulo,Sudeste,Piracicaba,Limeira,310783.0,16060739.0,1324329.0,113031.0,4846074.0,7194793.0,51678.30608495317,1
3527009,Lindóia,SP,São Paulo,Sudeste,Campinas,Amparo,8201.0,246179.0,43819.0,9519.0,76443.0,91645.0,30018.16851603463,0
3527108,Lins,SP,São Paulo,Sudeste,Bauru,Lins,78978.0,6763890.0,300941.0,70627.0,3089441.0,2421186.0,85642.71062827623,1
3527207,Lorena,SP,São Paulo,Sudeste,Vale do Paraíba Paulista,Guaratinguetá,89532.0,3876663.0,368780.0,18506.0,1316996.0,1702224.0,43299.18911674038,1
3527256,Lourdes,SP,São Paulo,Sudeste,Araçatuba,Birigui,2311.0,43489.0,17221.0,8581.0,1980.0,14230.0,18818.260493292943,0
3527306,Louveira,SP,São Paulo,Sudeste,Macro Metropolitana Paulista,Jundiaí,51007.0,19677151.0,326980.0,37359.0,5764020.0,9636001.0,385773.540886545,1
3527405,Lucélia,SP,São Paulo,Sudeste,Presidente Prudente,Adamantina,22022.0,584271.0,104869.0,35246.0,142852.0,243594.0,26531.24148578694,1
3527504,Lucianópolis,SP,São Paulo,Sudeste,Bauru,Bauru,2412.0,70465.0,18427.0,26831.0,2954.0,19569.0,29214.34494195688,0
3527603,Luís Antônio,SP,São Paulo,Sudeste,Ribeirão Preto,Ribeirão Preto,15628.0,1556607.0,97912.0,90672.0,872248.0,332391.0,99603.72408497568,1
3527702,Luiziânia,SP,São Paulo,Sudeste,Araçatuba,Birigui,5918.0,93809.0,28993.0,25156.0,4672.0,32077.0,15851.470091247043,0
3527801,Lupércio,SP,São Paulo,Sudeste,Marília,Marília,4608.0,98337.0,25570.0,19870.0,15264.0,32157.0,21340.494791666668,0
3527900,Lutécia,SP,São Paulo,Sudeste,Assis,Assis,2623.0,101173.0,19555.0,50511.0,6704.0,21321.0,38571.4830346931,0
3528007,Macatuba,SP,São Paulo,Sudeste,Bauru,Jaú,17263.0,643783.0,79430.0,33950.0,82703.0,364670.0,37292.64901813126,1
3528106,Macaubal,SP,São Paulo,Sudeste,São José do Rio Preto,Nhandeara,8174.0,196952.0,35700.0,55945.0,8254.0,85914.0,24094.935160264253,0
3528205,Macedônia,SP,São Paulo,Sudeste,São José do Rio Preto,Fernandópolis,3686.0,90931.0,24948.0,31397.0,6712.0,25017.0,24669.28920238741,0
3528304,Magda,SP,São Paulo,Sudeste,São José do Rio Preto,Auriflama,3086.0,104128.0,20300.0,39341.0,5487.0,34184.0,33742.06092028516,0
3528403,Mairinque,SP,São Paulo,Sudeste,Macro Metropolitana Paulista,Sorocaba,47723.0,2695116.0,250617.0,22658.0,990051.0,989066.0,56474.15292416654,1
3528502,Mairiporã,SP,São Paulo,Sudeste,Metropolitana de São Paulo,Franco da Rocha,103645.0,2288092.0,405640.0,1027.0,439959.0,1139823.0,22076.241015003136,1
3528601,Manduri,SP,São Paulo,Sudeste,Assis,Ourinhos,9972.0,291908.0,46613.0,69510.0,38517.0,109165.0,29272.76373846771,0
3528700,Marabá Paulista,SP,São Paulo,Sudeste,Presidente Prudente,Presidente Prudente,6039.0,157011.0,36866.0,82795.0,5129.0,28518.0,25999.503229011425,0
3528809,Maracaí,SP,São Paulo,Sudeste,Assis,Assis,14069.0,517398.0,74800.0,81317.0,67439.0,245176.0,36775.74809865662,1
3528858,Marapoama,SP,São Paulo,Sudeste,São José do Rio Preto,Novo Horizonte,3097.0,119694.0,23402.0,37043.0,12996.0,37276.0,38648.369389732,0
3528908,Mariápolis,SP,São Paulo,Sudeste,Presidente Prudente,Adamantina,4098.0,76482.0,21020.0,29657.0,3687.0,20335.0,18663.25036603221,0
3529005,Marília,SP,São Paulo,Sudeste,Marília,Marília,242249.0,9756006.0,1057288.0,93385.0,1380458.0,6118707.0,40272.63683235019,1
3529104,Marinópolis,SP,São Paulo,Sudeste,São José do Rio Preto,Jales,2101.0,40067.0,14130.0,9335.0,2086.0,13107.0,19070.442646358875,0
3529203,Martinópolis,SP,São Paulo,Sudeste,Presidente Prudente,Presidente Prudente,26791.0,754950.0,133106.0,169681.0,87075.0,310024.0,28179.239296778767,1
3529302,Matão,SP,São Paulo,Sudeste,Araraquara,Araraquara,84069.0,5356571.0,349245.0,75388.0,2091849.0,2049721.0,63716.36393914522,1
3529401,Mauá,SP,São Paulo,Sudeste,Metropolitana de São Paulo,São Paulo,481725.0,20776213.0,1810087.0,22.0,7756772.0,7936388.0,43128.78301935752,1
3529500,Mendonça,SP,São Paulo,Sudeste,São José do Rio Preto,São José do Rio Preto,5638.0,374785.0,36116.0,22400.0,121950.0,149490.0,66474.813763746,0
3529609,Meridiano,SP,São Paulo,Sudeste,São José do Rio Preto,Fernandópolis,3813.0,393842.0,27333.0,40164.0,168841.0,116133.0,103289.27353789668,0
3529658,Mesópolis,SP,São Paulo,Sudeste,São José do Rio Preto,Jales,1903.0,81615.0,15979.0,43034.0,3124.0,16358.0,42887.54598003153,0
3529708,Miguelópolis,SP,São Paulo,Sudeste,Ribeirão Preto,São Joaquim da Barra,22480.0,1016137.0,117465.0,198446.0,442258.0,230862.0,45201.82384341637,1
3529807,Mineiros do Tietê,SP,São Paulo,Sudeste,Bauru,Jaú,13023.0,226257.0,58852.0,31033.0,36451.0,81089.0,17373.646625201567,0
3529906,Miracatu,SP,São Paulo,Sudeste,Litoral Sul Paulista,Registro,19511.0,456953.0,95529.0,66972.0,27338.0,232068.0,23420.275741889192,1
3530003,Mira Estrela,SP,São Paulo,Sudeste,São José do Rio Preto,Fernandópolis,3125.0,70362.0,21136.0,16878.0,5057.0,24737.0,22515.84,0
3530102,Mirandópolis,SP,São Paulo,Sudeste,Araçatuba,Andradina,29844.0,738742.0,121764.0,153563.0,95680.0,310448.0,24753.45127998928,1
3530201,Mirante do Paranapanema,SP,São Paulo,Sudeste,Presidente Prudente,Presidente Prudente,18415.0,606917.0,87262.0,136704.0,155339.0,174757.0,32957.751832745045,1
3530300,Mirassol,SP,São Paulo,Sudeste,São José do Rio Preto,São José do Rio Preto,60768.0,2660334.0,276932.0,47868.0,695647.0,1293727.0,43778.53475513428,1
3530409,Mirassolândia,SP,São Paulo,Sudeste,São José do Rio Preto,São José do Rio Preto,4966.0,213295.0,26523.0,76241.0,44075.0,51177.0,42951.06725734998,0
3530508,Mococa,SP,São Paulo,Sudeste,Campinas,São João da Boa Vista,69072.0,3043692.0,320873.0,216965.0,752041.0,1389338.0,44065.49687282836,1
3530607,Mogi das Cruzes,SP,São Paulo,Sudeste,Metropolitana de São Paulo,Mogi das Cruzes,455587.0,19604517.0,1881376.0,538094.0,4765447.0,9446543.0,43031.33539806886,1
3530706,Mogi Guaçu,SP,São Paulo,Sudeste,Campinas,Mogi Mirim,154146.0,6865386.0,719541.0,269942.0,1916750.0,3010575.0,44538.20404032541,1
3530805,Mogi Mirim,SP,São Paulo,Sudeste,Campinas,Mogi Mirim,94098.0,6313564.0,544512.0,215753.0,1540840.0,2918109.0,67095.62371144976,1
3530904,Mombuca,SP,São Paulo,Sudeste,Piracicaba,Piracicaba,3523.0,124517.0,25990.0,24900.0,30102.0,35638.0,35344.02497871133,0
3531001,Monções,SP,São Paulo,Sudeste,São José do Rio Preto,Nhandeara,2274.0,58262.0,18772.0,8346.0,6711.0,19728.0,25620.932277924363,0
3531100,Mongaguá,SP,São Paulo,Sudeste,Litoral Sul Paulista,Itanhaém,58567.0,1254605.0,315588.0,6363.0,139857.0,717173.0,21421.70505574812,1
3531209,Monte Alegre do Sul,SP,São Paulo,Sudeste,Campinas,Amparo,8181.0,252218.0,43868.0,64320.0,22128.0,95326.0,30829.727417186165,0
3531308,Monte Alto,SP,São Paulo,Sudeste,Ribeirão Preto,Jaboticabal,51039.0,2435240.0,228706.0,259965.0,623780.0,1018819.0,47713.31726718784,1
3531407,Monte Aprazível,SP,São Paulo,Sudeste,São José do Rio Preto,Nhandeara,25651.0,766600.0,119769.0,89783.0,167344.0,325577.0,29885.77443374527,1
3531506,Monte Azul Paulista,SP,São Paulo,Sudeste,Ribeirão Preto,Jaboticabal,18928.0,639162.0,99278.0,48168.0,53560.0,370223.0,33768.068469991544,1
3531605,Monte Castelo,SP,São Paulo,Sudeste,Presidente Prudente,Dracena,4166.0,128088.0,23246.0,45650.0,4061.0,49311.0,30746.039366298606,0
3531704,Monteiro Lobato,SP,São Paulo,Sudeste,Vale do Paraíba Paulista,Campos do Jordão,4739.0,83030.0,24468.0,4867.0,10007.0,36350.0,17520.573960751215,0
3531803,Monte Mor,SP,São Paulo,Sudeste,Campinas,Campinas,61707.0,4317764.0,292570.0,88147.0,2105531.0,1150538.0,69972.02910528789,1
3531902,Morro Agudo,SP,São Paulo,Sudeste,Ribeirão Preto,São Joaquim da Barra,33598.0,1225918.0,161933.0,191536.0,293312.0,471700.0,36487.82665634859,1
3532009,Morungaba,SP,São Paulo,Sudeste,Macro Metropolitana Paulista,Bragança Paulista,13936.0,633324.0,67704.0,27004.0,256012.0,186842.0,45445.17795637198,1
3532058,Motuca,SP,São Paulo,Sudeste,Araraquara,Araraquara,4831.0,120696.0,26838.0,36174.0,14866.0,36680.0,24983.647277996275,0
3532108,Murutinga do Sul,SP,São Paulo,Sudeste,Araçatuba,Andradina,4525.0,88027.0,28301.0,26037.0,2087.0,28329.0,19453.480662983424,0
3532157,Nantes,SP,São Paulo,Sudeste,Assis,Assis,3215.0,142301.0,24665.0,36996.0,2574.0,65533.0,44261.58631415241,0
3532207,Narandiba,SP,São Paulo,Sudeste,Presidente Prudente,Presidente Prudente,4950.0,639076.0,41936.0,36388.0,301694.0,176032.0,129106.26262626264,1
3532306,Natividade da Serra,SP,São Paulo,Sudeste,Vale do Paraíba Paulista,Paraibuna/Paraitinga,6624.0,93391.0,36723.0,14285.0,2821.0,35587.0,14098.882850241544,0
3532405,Nazaré Paulista,SP,São Paulo,Sudeste,Macro Metropolitana Paulista,Bragança Paulista,18866.0,465371.0,94918.0,25910.0,87914.0,204047.0,24667.17905226333,1
3532504,Neves Paulista,SP,São Paulo,Sudeste,São José do Rio Preto,Nhandeara,8917.0,276248.0,37968.0,36597.0,48015.0,123245.0,30979.92598407536,0
3532603,Nhandeara,SP,São Paulo,Sudeste,São José do Rio Preto,Nhandeara,11575.0,367777.0,60295.0,62082.0,49514.0,170199.0,31773.3909287257,0
3532702,Nipoã,SP,São Paulo,Sudeste,São José do Rio Preto,Nhandeara,5381.0,95892.0,26339.0,20240.0,7473.0,36311.0,17820.479464783497,0
3532801,Nova Aliança,SP,São Paulo,Sudeste,São José do Rio Preto,São José do Rio Preto,7161.0,325933.0,37123.0,37295.0,70222.0,156229.0,45515.01186985058,0
3532827,Nova Campina,SP,São Paulo,Sudeste,Itapetininga,Itapeva,9962.0,221079.0,50738.0,22836.0,33544.0,47654.0,22192.23047580807,0
3532843,Nova Canaã Paulista,SP,São Paulo,Sudeste,São José do Rio Preto,Jales,1824.0,46305.0,13932.0,16904.0,2219.0,11891.0,25386.513157894737,0
3532868,Nova Castilho,SP,São Paulo,Sudeste,São José do Rio Preto,Auriflama,1290.0,60665.0,14844.0,31262.0,1548.0,11558.0,47027.13178294573,0
3532900,Nova Europa,SP,São Paulo,Sudeste,Araraquara,Araraquara,11519.0,377461.0,63485.0,22829.0,131314.0,124500.0,32768.55629828978,0
3533007,Nova Granada,SP,São Paulo,Sudeste,São José do Rio Preto,São José do Rio Preto,21871.0,512829.0,92661.0,104378.0,34425.0,246278.0,23447.89904439669,1
3533106,Nova Guataporanga,SP,São Paulo,Sudeste,Presidente Prudente,Dracena,2333.0,36775.0,15589.0,3230.0,1933.0,14554.0,15762.966138019718,0
3533205,Nova Independência,SP,São Paulo,Sudeste,Araçatuba,Andradina,4135.0,213155.0,32069.0,26718.0,82276.0,54787.0,51548.97218863361,0
3533254,Novais,SP,São Paulo,Sudeste,São José do Rio Preto,Catanduva,6057.0,78660.0,29897.0,16046.0,2315.0,27496.0,12986.62704309064,0
3533304,Nova Luzitânia,SP,São Paulo,Sudeste,São José do Rio Preto,Auriflama,4217.0,60214.0,21768.0,10946.0,2797.0,22924.0,14278.871235475455,0
3533403,Nova Odessa,SP,São Paulo,Sudeste,Campinas,Campinas,61716.0,4020494.0,316938.0,11172.0,1199729.0,1791037.0,65145.08393285372,1
3533502,Novo Horizonte,SP,São Paulo,Sudeste,São José do Rio Preto,Novo Horizonte,41765.0,1585955.0,189013.0,158113.0,173155.0,883339.0,37973.30300490842,1
3533601,Nuporanga,SP,São Paulo,Sudeste,Ribeirão Preto,São Joaquim da Barra,7522.0,868092.0,46170.0,76783.0,323152.0,317397.0,115407.0725870779,1
3533700,Ocauçu,SP,São Paulo,Sudeste,Marília,Marília,4294.0,141366.0,26862.0,57667.0,8463.0,42198.0,32921.75128085701,0
3533809,Óleo,SP,São Paulo,Sudeste,Assis,Ourinhos,2447.0,128272.0,17363.0,82106.0,5391.0,20952.0,52420.10625255415,0
3533908,Olímpia,SP,São Paulo,Sudeste,São José do Rio Preto,São José do Rio Preto,55477.0,2551145.0,265225.0,117751.0,648286.0,1232950.0,45985.63368603205,1
3534005,Onda Verde,SP,São Paulo,Sudeste,São José do Rio Preto,São José do Rio Preto,4462.0,205636.0,27361.0,43061.0,22136.0,95643.0,46086.06006275213,0
3534104,Oriente,SP,São Paulo,Sudeste,Marília,Marília,6569.0,129763.0,31892.0,16499.0,13730.0,48833.0,19753.843811843508,0
3534203,Orindiúva,SP,São Paulo,Sudeste,São José do Rio Preto,São José do Rio Preto,7318.0,640841.0,41990.0,40120.0,247543.0,222996.0,87570.51106859797,1
3534302,Orlândia,SP,São Paulo,Sudeste,Ribeirão Preto,São Joaquim da Barra,44682.0,2579406.0,208564.0,47662.0,974742.0,1017693.0,57728.07842084061,1
3534401,Osasco,SP,São Paulo,Sudeste,Metropolitana de São Paulo,Osasco,701428.0,86111260.0,3286923.0,1392.0,4963982.0,58664576.0,122765.6438009318,1
3534500,Oscar Bressane,SP,São Paulo,Sudeste,Marília,Marília,2603.0,112882.0,18510.0,42618.0,13757.0,32686.0,43366.11601997695,0
3534609,Osvaldo Cruz,SP,São Paulo,Sudeste,Presidente Prudente,Adamantina,33118.0,1087490.0,131803.0,41704.0,266871.0,525323.0,32836.82589528353,1
3534708,Ourinhos,SP,São Paulo,Sudeste,Assis,Ourinhos,115139.0,3961571.0,520560.0,53262.0,579224.0,2399698.0,34406.856060935046,1
3534757,Ouroeste,SP,São Paulo,Sudeste,São José do Rio Preto,Fernandópolis,10712.0,548740.0,77161.0,44082.0,191543.0,184148.0,51226.66168782674,1
3534807,Ouro Verde,SP,São Paulo,Sudeste,Presidente Prudente,Dracena,8676.0,134986.0,43104.0,31819.0,4093.0,50971.0,15558.552328261872,0
3534906,Pacaembu,SP,São Paulo,Sudeste,Presidente Prudente,Adamantina,14326.0,217695.0,64972.0,36833.0,5200.0,100087.0,15195.797850062823,0
3535002,Palestina,SP,São Paulo,Sudeste,São José do Rio Preto,São José do Rio Preto,13285.0,420420.0,62550.0,100213.0,96730.0,129659.0,31646.217538577344,1
3535101,Palmares Paulista,SP,São Paulo,Sudeste,São José do Rio Preto,Catanduva,13691.0,136419.0,53013.0,11180.0,7223.0,59053.0,9964.137024322548,0
3535200,Palmeira d'Oeste,SP,São Paulo,Sudeste,São José do Rio Preto,Jales,9173.0,215050.0,38115.0,60535.0,12976.0,94050.0,23443.80246375232,0
3535309,Palmital,SP,São Paulo,Sudeste,Assis,Assis,22322.0,900627.0,111512.0,110010.0,109062.0,449960.0,40347.05671534809,1
3535408,Panorama,SP,São Paulo,Sudeste,Presidente Prudente,Dracena,15944.0,317826.0,75871.0,43883.0,23744.0,156405.0,19933.89362769694,0
3535507,Paraguaçu Paulista,SP,São Paulo,Sudeste,Assis,Assis,46180.0,1801748.0,208125.0,117848.0,433251.0,854089.0,39015.76440017323,1
3535606,Paraibuna,SP,São Paulo,Sudeste,Vale do Paraíba Paulista,Paraibuna/Paraitinga,18302.0,352398.0,89640.0,14029.0,89623.0,134367.0,19254.616981750627,0
3535705,Paraíso,SP,São Paulo,Sudeste,São José do Rio Preto,Catanduva,6536.0,275313.0,34065.0,37033.0,87835.0,81044.0,42122.55201958384,0
3535804,Paranapanema,SP,São Paulo,Sudeste,Bauru,Avaré,20588.0,945145.0,111472.0,243679.0,37732.0,456222.0,45907.56751505732,1
3535903,Paranapuã,SP,São Paulo,Sudeste,São José do Rio Preto,Jales,4112.0,133065.0,22122.0,57980.0,6059.0,41222.0,32360.165369649807,0
3536000,Parapuã,SP,São Paulo,Sudeste,Presidente Prudente,Adamantina,10934.0,741786.0,52483.0,113240.0,229654.0,267073.0,67842.14377172124,1
3536109,Pardinho,SP,São Paulo,Sudeste,Bauru,Botucatu,6579.0,368271.0,43416.0,33737.0,78986.0,177619.0,55976.74418604651,0
3536208,Pariquera-Açu,SP,São Paulo,Sudeste,Litoral Sul Paulista,Registro,19797.0,586024.0,86011.0,73700.0,37303.0,340428.0,29601.6568166894,1
3536257,Parisi,SP,São Paulo,Sudeste,São José do Rio Preto,Votuporanga,2177.0,53620.0,17529.0,15227.0,1575.0,17337.0,24630.22508038585,0
3536307,Patrocínio Paulista,SP,São Paulo,Sudeste,Ribeirão Preto,Franca,14941.0,1360809.0,72400.0,394528.0,386103.0,366421.0,91078.8434509069,1
3536406,Paulicéia,SP,São Paulo,Sudeste,Presidente Prudente,Dracena,7540.0,200145.0,44687.0,32861.0,24657.0,87541.0,26544.42970822281,0
3536505,Paulínia,SP,São Paulo,Sudeste,Campinas,Campinas,114508.0,52389437.0,1228456.0,18367.0,26746711.0,16124529.0,457517.7018199602,1
3536570,Paulistânia,SP,São Paulo,Sudeste,Bauru,Bauru,1835.0,48637.0,17867.0,13961.0,1865.0,11916.0,26505.17711171662,0
3536604,Paulo de Faria,SP,São Paulo,Sudeste,São José do Rio Preto,São José do Rio Preto,8973.0,269675.0,46505.0,126868.0,11172.0,75107.0,30054.051042014933,0
3536703,Pederneiras,SP,São Paulo,Sudeste,Bauru,Jaú,47523.0,3066261.0,212007.0,116145.0,1125487.0,1031295.0,64521.621109778425,1
3536802,Pedra Bela,SP,São Paulo,Sudeste,Campinas,Amparo,6127.0,118076.0,32550.0,24264.0,6355.0,47984.0,19271.42157662804,0
3536901,Pedranópolis,SP,São Paulo,Sudeste,São José do Rio Preto,Fernandópolis,2468.0,79887.0,19843.0,33441.0,3677.0,19568.0,32369.124797406806,0
3537008,Pedregulho,SP,São Paulo,Sudeste,Ribeirão Preto,Franca,16876.0,1731364.0,78726.0,589566.0,651483.0,355373.0,102593.26854704908,1
3537107,Pedreira,SP,São Paulo,Sudeste,Campinas,Campinas,48992.0,1502008.0,226702.0,10275.0,356878.0,685061.0,30658.229915088177,1
3537156,Pedrinhas Paulista,SP,São Paulo,Sudeste,Assis,Assis,3109.0,176652.0,21954.0,21799.0,18484.0,96780.0,56819.55612737215,0
3537206,Pedro de Toledo,SP,São Paulo,Sudeste,Litoral Sul Paulista,Itanhaém,11507.0,178609.0,53938.0,32676.0,8576.0,73921.0,15521.76935778222,0
3537305,Penápolis,SP,São Paulo,Sudeste,Araçatuba,Birigui,64098.0,2082458.0,314785.0,96863.0,299214.0,1174013.0,32488.65799244906,1
3537404,Pereira Barreto,SP,São Paulo,Sudeste,Araçatuba,Andradina,25685.0,1087485.0,130849.0,115617.0,87880.0,631252.0,42339.30309519175,1
3537503,Pereiras,SP,São Paulo,Sudeste,Itapetininga,Tatuí,8875.0,317964.0,45466.0,36558.0,106160.0,96904.0,35826.92957746479,0
3537602,Peruíbe,SP,São Paulo,Sudeste,Litoral Sul Paulista,Itanhaém,69697.0,1966247.0,360440.0,28423.0,433603.0,1045157.0,28211.35773419229,1
3537701,Piacatu,SP,São Paulo,Sudeste,Araçatuba,Birigui,6093.0,119025.0,30153.0,32846.0,5451.0,45596.0,19534.71196454948,0
3537800,Piedade,SP,São Paulo,Sudeste,Macro Metropolitana Paulista,Piedade,55731.0,1597083.0,208790.0,475444.0,167587.0,622008.0,28656.995209129567,1
3537909,Pilar do Sul,SP,São Paulo,Sudeste,Macro Metropolitana Paulista,Piedade,29612.0,1276180.0,131488.0,139941.0,48206.0,795121.0,43096.71754694043,1
3538006,Pindamonhangaba,SP,São Paulo,Sudeste,Vale do Paraíba Paulista,São José dos Campos,171885.0,13742498.0,775304.0,43052.0,6276328.0,4231575.0,79951.70026471186,1
3538105,Pindorama,SP,São Paulo,Sudeste,São José do Rio Preto,Catanduva,17378.0,498801.0,80182.0,32396.0,139678.0,197579.0,28703.015306709636,1
3538204,Pinhalzinho,SP,São Paulo,Sudeste,Campinas,Amparo,15564.0,314651.0,64723.0,54127.0,31328.0,139613.0,20216.589565664355,0
3538303,Piquerobi,SP,São Paulo,Sudeste,Presidente Prudente,Presidente Prudente,3706.0,67093.0,23239.0,16622.0,3845.0,20308.0,18103.88559093362,0
3538501,Piquete,SP,São Paulo,Sudeste,Vale do Paraíba Paulista,Guaratinguetá,13495.0,197854.0,54603.0,4666.0,36176.0,90118.0,14661.281956280103,0
3538600,Piracaia,SP,São Paulo,Sudeste,Macro Metropolitana Paulista,Bragança Paulista,27617.0,661696.0,119740.0,34500.0,104962.0,329291.0,23959.73494586668,1
3538709,Piracicaba,SP,São Paulo,Sudeste,Piracicaba,Piracicaba,410275.0,34555724.0,1922644.0,168946.0,9974330.0,14606755.0,84225.7607702151,1
3538808,Piraju,SP,São Paulo,Sudeste,Assis,Ourinhos,29930.0,926203.0,140956.0,91330.0,126490.0,496910.0,30945.639826261275,1
3538907,Pirajuí,SP,São Paulo,Sudeste,Bauru,Bauru,25939.0,540058.0,109070.0,88930.0,37446.0,269193.0,20820.309186938583,1
3539004,Pirangi,SP,São Paulo,Sudeste,Ribeirão Preto,Jaboticabal,11524.0,364798.0,52154.0,47357.0,73599.0,160335.0,31655.50156195765,0
3539103,Pirapora do Bom Jesus,SP,São Paulo,Sudeste,Metropolitana de São Paulo,Osasco,19453.0,826672.0,104029.0,232.0,358647.0,286915.0,42495.86182079885,1
3539202,Pirapozinho,SP,São Paulo,Sudeste,Presidente Prudente,Presidente Prudente,27974.0,927781.0,126887.0,34318.0,285286.0,371560.0,33165.83255880461,1
3539301,Pirassununga,SP,São Paulo,Sudeste,Campinas,Pirassununga,77330.0,3312332.0,387142.0,128540.0,592377.0,1720941.0,42833.72559162033,1
3539400,Piratininga,SP,São Paulo,Sudeste,Bauru,Bauru,13890.0,278467.0,58754.0,35313.0,22353.0,141605.0,20048.020158387328,0
3539509,Pitangueiras,SP,São Paulo,Sudeste,Ribeirão Preto,Jaboticabal,40430.0,1389561.0,177310.0,97629.0,240280.0,715107.0,34369.55231263913,1
3539608,Planalto,SP,São Paulo,Sudeste,São José do Rio Preto,São José do Rio Preto,5370.0,193762.0,36094.0,44813.0,44986.0,50656.0,36082.30912476723,0
3539707,Platina,SP,São Paulo,Sudeste,Assis,Assis,3606.0,120019.0,24422.0,44724.0,13438.0,25511.0,33283.13921242374,0
3539806,Poá,SP,São Paulo,Sudeste,Metropolitana de São Paulo,Mogi das Cruzes,119221.0,3769347.0,562105.0,3514.0,1004375.0,1688507.0,31616.468575167128,1
3539905,Poloni,SP,São Paulo,Sudeste,São José do Rio Preto,Nhandeara,6166.0,154423.0,30755.0,33295.0,30294.0,45649.0,25044.275056762894,0
3540002,Pompéia,SP,São Paulo,Sudeste,Marília,Marília,22326.0,1951861.0,115359.0,47881.0,841053.0,653537.0,87425.46806414047,1
3540101,Pongaí,SP,São Paulo,Sudeste,Bauru,Bauru,3385.0,94399.0,21905.0,25947.0,4713.0,37104.0,27887.44460856721,0
3540200,Pontal,SP,São Paulo,Sudeste,Ribeirão Preto,Ribeirão Preto,51717.0,1462865.0,224954.0,81325.0,450924.0,540580.0,28285.96012916449,1
3540259,Pontalinda,SP,São Paulo,Sudeste,São José do Rio Preto,Jales,4719.0,98030.0,24129.0,38925.0,3923.0,27382.0,20773.46895528714,0
3540309,Pontes Gestal,SP,São Paulo,Sudeste,São José do Rio Preto,Votuporanga,2576.0,126663.0,21651.0,23559.0,17562.0,32159.0,49170.41925465839,0
3540408,Populina,SP,São Paulo,Sudeste,São José do Rio Preto,Jales,4136.0,117260.0,26043.0,46157.0,5126.0,35944.0,28351.06382978724,0
3540507,Porangaba,SP,São Paulo,Sudeste,Itapetininga,Tatuí,10205.0,233734.0,46302.0,65063.0,16479.0,91472.0,22903.87065164135,0
3540606,Porto Feliz,SP,São Paulo,Sudeste,Macro Metropolitana Paulista,Sorocaba,53698.0,3754666.0,267988.0,227393.0,861157.0,1505564.0,69921.89653245932,1
3540705,Porto Ferreira,SP,São Paulo,Sudeste,Campinas,Pirassununga,56848.0,2495873.0,265957.0,65187.0,810505.0,890769.0,43904.32381086406,1
3540754,Potim,SP,São Paulo,Sudeste,Vale do Paraíba Paulista,Guaratinguetá,25603.0,308459.0,104073.0,2966.0,42569.0,129451.0,12047.767839706285,0
3540804,Potirendaba,SP,São Paulo,Sudeste,São José do Rio Preto,São José do Rio Preto,17668.0,620169.0,81260.0,62041.0,186511.0,231343.0,35101.25650894272,1
3540853,Pracinha,SP,São Paulo,Sudeste,Presidente Prudente,Adamantina,4327.0,40969.0,21417.0,5252.0,2023.0,11143.0,9468.222787150453,0
3540903,Pradópolis,SP,São Paulo,Sudeste,Ribeirão Preto,Ribeirão Preto,22239.0,1096526.0,129845.0,38147.0,395874.0,352139.0,49306.44363505553,1
3541000,Praia Grande,SP,São Paulo,Sudeste,Metropolitana de São Paulo,Santos,336454.0,8727831.0,1747690.0,5371.0,829936.0,5478765.0,25940.636758665376,1
3541059,Pratânia,SP,São Paulo,Sudeste,Bauru,Botucatu,5371.0,126367.0,28955.0,41597.0,8320.0,38295.0,23527.648482591696,0
3541109,Presidente Alves,SP,São Paulo,Sudeste,Bauru,Bauru,4067.0,77333.0,21861.0,24089.0,3405.0,24926.0,19014.75288910745,0
3541208,Presidente Bernardes,SP,São Paulo,Sudeste,Presidente Prudente,Presidente Prudente,12943.0,331914.0,68099.0,54728.0,17709.0,163406.0,25644.28648690412,0
3541307,Presidente Epitácio,SP,São Paulo,Sudeste,Presidente Prudente,Presidente Prudente,44572.0,1325522.0,187911.0,95665.0,206442.0,740223.0,29738.89437314906,1
3541406,Presidente Prudente,SP,São Paulo,Sudeste,Presidente Prudente,Presidente Prudente,231953.0,9242189.0,919877.0,44944.0,1206433.0,6029072.0,39845.09361810367,1
3541505,Presidente Venceslau,SP,São Paulo,Sudeste,Presidente Prudente,Presidente Prudente,39648.0,823130.0,149855.0,33876.0,33625.0,543918.0,20760.94632768361,1
3541604,Promissão,SP,São Paulo,Sudeste,Bauru,Lins,41211.0,2115365.0,201300.0,97930.0,869919.0,702534.0,51330.10603964961,1
3541653,Quadra,SP,São Paulo,Sudeste,Itapetininga,Tatuí,3902.0,144523.0,28130.0,64415.0,4908.0,40333.0,37038.18554587391,0
3541703,Quatá,SP,São Paulo,Sudeste,Assis,Assis,14309.0,821159.0,67059.0,56281.0,266167.0,328347.0,57387.58823118317,1
3541802,Queiroz,SP,São Paulo,Sudeste,Marília,Tupã,3513.0,684733.0,28491.0,101588.0,314270.0,163503.0,194914.03358952465,1
3541901,Queluz,SP,São Paulo,Sudeste,Vale do Paraíba Paulista,Guaratinguetá,13788.0,388523.0,68470.0,4394.0,49016.0,225260.0,28178.343487090224,0
3542008,Quintana,SP,São Paulo,Sudeste,Marília,Tupã,6736.0,276284.0,33547.0,55402.0,71634.0,89934.0,41016.03325415677,0
3542107,Rafard,SP,São Paulo,Sudeste,Piracicaba,Piracicaba,9126.0,442883.0,45998.0,20286.0,174144.0,141671.0,48529.804952881874,0
3542206,Rancharia,SP,São Paulo,Sudeste,Presidente Prudente,Presidente Prudente,29743.0,1381836.0,143718.0,283383.0,281459.0,547758.0,46459.20048414753,1
3542305,Redenção da Serra,SP,São Paulo,Sudeste,Vale do Paraíba Paulista,Paraibuna/Paraitinga,3827.0,66825.0,22063.0,14008.0,3298.0,24435.0,17461.458061144498,0
3542404,Regente Feijó,SP,São Paulo,Sudeste,Presidente Prudente,Presidente Prudente,20523.0,983725.0,109416.0,72281.0,119719.0,534674.0,47932.807094479365,1
3542503,Reginópolis,SP,São Paulo,Sudeste,Bauru,Bauru,10047.0,184875.0,46939.0,69046.0,6299.0,55622.0,18401.0152284264,0
3542602,Registro,SP,São Paulo,Sudeste,Litoral Sul Paulista,Registro,56463.0,2357409.0,270795.0,114880.0,163776.0,1531137.0,41751.39471866533,1
3542701,Restinga,SP,São Paulo,Sudeste,Ribeirão Preto,Franca,7762.0,211752.0,43809.0,65327.0,31186.0,57625.0,27280.597784076268,0
3542800,Ribeira,SP,São Paulo,Sudeste,Itapetininga,Capão Bonito,3320.0,62081.0,18943.0,14889.0,2322.0,22349.0,18699.09638554217,0
3542909,Ribeirão Bonito,SP,São Paulo,Sudeste,Araraquara,São Carlos,13376.0,371778.0,59740.0,73855.0,31299.0,184693.0,27794.407894736843,0
3543006,Ribeirão Branco,SP,São Paulo,Sudeste,Itapetininga,Capão Bonito,15984.0,595499.0,74591.0,378479.0,22176.0,107844.0,37255.94344344344,1
3543105,Ribeirão Corrente,SP,São Paulo,Sudeste,Ribeirão Preto,Franca,4786.0,319058.0,30037.0,206883.0,12519.0,62649.0,66664.85582950272,0
3543204,Ribeirão do Sul,SP,São Paulo,Sudeste,Assis,Ourinhos,4537.0,224363.0,28720.0,58713.0,12107.0,104315.0,49451.840423187125,0
3543238,Ribeirão dos Índios,SP,São Paulo,Sudeste,Presidente Prudente,Presidente Prudente,2222.0,47001.0,16997.0,13531.0,2080.0,12822.0,21152.565256525653,0
3543253,Ribeirão Grande,SP,São Paulo,Sudeste,Itapetininga,Capão Bonito,7686.0,116992.0,38331.0,33355.0,7966.0,33482.0,15221.44158209732,0
3543303,Ribeirão Pires,SP,São Paulo,Sudeste,Metropolitana de São Paulo,São Paulo,125238.0,3891003.0,496761.0,1771.0,868340.0,1974790.0,31068.86887366454,1
3543402,Ribeirão Preto,SP,São Paulo,Sudeste,Ribeirão Preto,Ribeirão Preto,720116.0,39955306.0,2865374.0,120324.0,5374493.0,26672691.0,55484.541379444425,1
3543501,Riversul,SP,São Paulo,Sudeste,Itapetininga,Itapeva,5364.0,92796.0,28483.0,27094.0,5039.0,28007.0,17299.776286353466,0
3543600,Rifaina,SP,São Paulo,Sudeste,Ribeirão Preto,Franca,3651.0,191158.0,28659.0,36131.0,40688.0,70364.0,52357.71021637908,0
3543709,Rincão,SP,São Paulo,Sudeste,Araraquara,Araraquara,10824.0,226043.0,52240.0,47037.0,18982.0,93798.0,20883.49963045085,0
3543808,Rinópolis,SP,São Paulo,Sudeste,Presidente Prudente,Adamantina,9940.0,349026.0,42651.0,106189.0,54594.0,121642.0,35113.27967806841,0
3543907,Rio Claro,SP,São Paulo,Sudeste,Piracicaba,Rio Claro,209548.0,13245336.0,1035055.0,112217.0,4767918.0,5155245.0,63209.078588199365,1
3544004,Rio das Pedras,SP,São Paulo,Sudeste,Piracicaba,Piracicaba,36233.0,1787681.0,175137.0,29941.0,401905.0,834683.0,49338.475974939975,1
3544103,Rio Grande da Serra,SP,São Paulo,Sudeste,Metropolitana de São Paulo,São Paulo,52009.0,960727.0,186093.0,843.0,162026.0,506839.0,18472.322098098404,1
3544202,Riolândia,SP,São Paulo,Sudeste,São José do Rio Preto,Votuporanga,12856.0,268963.0,67409.0,96918.0,14491.0,79812.0,20921.204107031732,0
3544251,Rosana,SP,São Paulo,Sudeste,Presidente Prudente,Presidente Prudente,15929.0,1941772.0,121059.0,70908.0,1521545.0,208093.0,121901.6887438006,1
3544301,Roseira,SP,São Paulo,Sudeste,Vale do Paraíba Paulista,Guaratinguetá,10888.0,374786.0,55620.0,6311.0,90355.0,180997.0,34421.932402645114,0
3544400,Rubiácea,SP,São Paulo,Sudeste,Araçatuba,Araçatuba,3195.0,78950.0,20915.0,33639.0,3548.0,18348.0,24710.485133020346,0
3544509,Rubinéia,SP,São Paulo,Sudeste,São José do Rio Preto,Jales,3191.0,102857.0,22660.0,34686.0,4783.0,36348.0,32233.46913193356,0
3544608,Sabino,SP,São Paulo,Sudeste,Bauru,Lins,5638.0,175476.0,31477.0,72684.0,5165.0,57896.0,31123.802766938632,0
3544707,Sagres,SP,São Paulo,Sudeste,Presidente Prudente,Adamantina,2427.0,54769.0,17808.0,16300.0,2285.0,16791.0,22566.543057272356,0
3544806,Sales,SP,São Paulo,Sudeste,São José do Rio Preto,Novo Horizonte,6481.0,169480.0,32930.0,44360.0,6382.0,78463.0,26150.285449776267,0
3544905,Sales Oliveira,SP,São Paulo,Sudeste,Ribeirão Preto,São Joaquim da Barra,12103.0,417237.0,53602.0,67156.0,85088.0,173985.0,34473.84945881186,0
3545001,Salesópolis,SP,São Paulo,Sudeste,Metropolitana de São Paulo,Mogi das Cruzes,17363.0,251752.0,69564.0,27911.0,11189.0,128928.0,14499.33767206128,0
3545100,Salmourão,SP,São Paulo,Sudeste,Presidente Prudente,Adamantina,5372.0,96895.0,27980.0,30981.0,4222.0,30835.0,18037.04393149665,0
3545159,Saltinho,SP,São Paulo,Sudeste,Piracicaba,Piracicaba,8498.0,377871.0,45259.0,18641.0,65924.0,189119.0,44465.874323370204,0
3545209,Salto,SP,São Paulo,Sudeste,Macro Metropolitana Paulista,Sorocaba,120779.0,9303487.0,553967.0,14776.0,2891897.0,4214031.0,77029.01166593531,1
3545308,Salto de Pirapora,SP,São Paulo,Sudeste,Macro Metropolitana Paulista,Sorocaba,46285.0,2221477.0,195078.0,19758.0,1024555.0,666589.0,47995.61412984768,1
3545407,Salto Grande,SP,São Paulo,Sudeste,Assis,Ourinhos,9396.0,273943.0,46659.0,43115.0,48822.0,113273.0,29155.27884206045,0
3545506,Sandovalina,SP,São Paulo,Sudeste,Presidente Prudente,Presidente Prudente,4405.0,318810.0,39559.0,71526.0,144229.0,51479.0,72374.57434733257,0
3545605,Santa Adélia,SP,São Paulo,Sudeste,São José do Rio Preto,Catanduva,15639.0,382546.0,69164.0,82701.0,9912.0,197598.0,24461.026919879787,0
3545704,Santa Albertina,SP,São Paulo,Sudeste,São José do Rio Preto,Jales,6036.0,214791.0,32799.0,30195.0,55698.0,77797.0,35584.99005964215,0
3545803,Santa Bárbara d'Oeste,SP,São Paulo,Sudeste,Campinas,Campinas,195278.0,7825507.0,955416.0,37206.0,2030517.0,3641483.0,40073.67445385553,1
3546009,Santa Branca,SP,São Paulo,Sudeste,Vale do Paraíba Paulista,São José dos Campos,14925.0,312819.0,73039.0,7654.0,74785.0,133136.0,20959.396984924624,0
3546108,Santa Clara d'Oeste,SP,São Paulo,Sudeste,São José do Rio Preto,Jales,2111.0,96783.0,20226.0,32617.0,13088.0,25747.0,45846.991946944574,0
3546207,Santa Cruz da Conceição,SP,São Paulo,Sudeste,Piracicaba,Limeira,4584.0,161651.0,32999.0,26035.0,21340.0,64182.0,35264.1797556719,0
3546256,Santa Cruz da Esperança,SP,São Paulo,Sudeste,Ribeirão Preto,Batatais,2166.0,63457.0,18944.0,22280.0,3183.0,17160.0,29296.86057248384,0
3546306,Santa Cruz das Palmeiras,SP,São Paulo,Sudeste,Campinas,Pirassununga,35102.0,655974.0,142123.0,59894.0,21538.0,380846.0,18687.65312517805,1
3546405,Santa Cruz do Rio Pardo,SP,São Paulo,Sudeste,Assis,Ourinhos,48207.0,2786906.0,243413.0,183710.0,770808.0,1248463.0,57811.23073412575,1
3546504,Santa Ernestina,SP,São Paulo,Sudeste,Ribeirão Preto,Jaboticabal,5577.0,104373.0,30066.0,15710.0,6348.0,46813.0,18714.900484131253,0
3546603,Santa Fé do Sul,SP,São Paulo,Sudeste,São José do Rio Preto,Jales,32796.0,1344881.0,193500.0,49563.0,245497.0,723953.0,41007.470423222345,1
3546702,Santa Gertrudes,SP,São Paulo,Sudeste,Piracicaba,Limeira,27850.0,3895818.0,164236.0,11776.0,2307248.0,723287.0,139885.74506283662,1
3546801,Santa Isabel,SP,São Paulo,Sudeste,Metropolitana de São Paulo,Guarulhos,58529.0,1658733.0,252992.0,75738.0,339689.0,803783.0,28340.361188470677,1
3546900,Santa Lúcia,SP,São Paulo,Sudeste,Araraquara,Araraquara,8889.0,131128.0,38222.0,39226.0,4057.0,44589.0,14751.715603554956,0
3547007,Santa Maria da Serra,SP,São Paulo,Sudeste,Piracicaba,Piracicaba,6298.0,153024.0,31763.0,29120.0,26485.0,55640.0,24297.237218164497,0
3547106,Santa Mercedes,SP,São Paulo,Sudeste,Presidente Prudente,Dracena,2947.0,69068.0,18600.0,19337.0,3218.0,24691.0,23436.71530369868,0
3547205,Santana da Ponte Pensa,SP,São Paulo,Sudeste,São José do Rio Preto,Jales,1448.0,39913.0,13117.0,12838.0,1770.0,10938.0,27564.22651933701,0
3547304,Santana de Parnaíba,SP,São Paulo,Sudeste,Metropolitana de São Paulo,Osasco,145073.0,11544903.0,1004321.0,125769.0,2027288.0,6311004.0,79579.95629786383,1
3547403,Santa Rita d'Oeste,SP,São Paulo,Sudeste,São José do Rio Preto,Jales,2476.0,68135.0,17301.0,20832.0,1878.0,25364.0,27518.17447495961,0
3547502,Santa Rita do Passa Quatro,SP,São Paulo,Sudeste,Ribeirão Preto,Ribeirão Preto,27641.0,825835.0,121170.0,88083.0,115490.0,408510.0,29877.17521073767,1
3547601,Santa Rosa de Viterbo,SP,São Paulo,Sudeste,Ribeirão Preto,Ribeirão Preto,26960.0,833444.0,125855.0,42430.0,218542.0,313616.0,30914.09495548961,1
3547650,Santa Salete,SP,São Paulo,Sudeste,São José do Rio Preto,Jales,1558.0,42106.0,13588.0,11392.0,2117.0,12833.0,27025.67394094993,0
3547700,Santo Anastácio,SP,São Paulo,Sudeste,Presidente Prudente,Presidente Prudente,20855.0,555801.0,89684.0,80282.0,81045.0,257093.0,26650.731239510907,1
3547809,Santo André,SP,São Paulo,Sudeste,Metropolitana de São Paulo,São Paulo,723889.0,32620295.0,2818756.0,1385.0,7782625.0,17322922.0,45062.56484074216,1
3547908,Santo Antônio da Alegria,SP,São Paulo,Sudeste,Ribeirão Preto,Batatais,7024.0,211522.0,41577.0,81214.0,7657.0,69244.0,30114.179954441912,0
3548005,Santo Antônio de Posse,SP,São Paulo,Sudeste,Campinas,Mogi Mirim,23742.0,1870734.0,121589.0,226780.0,376095.0,802557.0,78794.28860247662,1
3548054,Santo Antônio do Aracanguá,SP,São Paulo,Sudeste,Araçatuba,Araçatuba,8541.0,289678.0,63317.0,109970.0,21801.0,82897.0,33916.169066854,0
3548104,Santo Antônio do Jardim,SP,São Paulo,Sudeste,Campinas,São João da Boa Vista,5926.0,222833.0,30209.0,89679.0,11352.0,77595.0,37602.59871751603,0
3548203,Santo Antônio do Pinhal,SP,São Paulo,Sudeste,Vale do Paraíba Paulista,Campos do Jordão,6843.0,148429.0,39102.0,16761.0,7379.0,77468.0,21690.632763407863,0
3548302,Santo Expedito,SP,São Paulo,Sudeste,Presidente Prudente,Presidente Prudente,3159.0,47273.0,18407.0,6471.0,3327.0,17749.0,14964.54574232352,0
3548401,Santópolis do Aguapeí,SP,São Paulo,Sudeste,Araçatuba,Birigui,4856.0,80653.0,24003.0,11205.0,3839.0,36716.0,16608.937397034595,0
3548500,Santos,SP,São Paulo,Sudeste,Metropolitana de São Paulo,Santos,433991.0,24090173.0,2400187.0,5249.0,2150156.0,15770944.0,55508.46215704934,1
3548609,São Bento do Sapucaí,SP,São Paulo,Sudeste,Vale do Paraíba Paulista,Campos do Jordão,10907.0,406647.0,51154.0,39804.0,13677.0,283080.0,37283.12093151188,0
3548708,São Bernardo do Campo,SP,São Paulo,Sudeste,Metropolitana de São Paulo,São Paulo,849874.0,58277014.0,3651105.0,11196.0,13216248.0,29662760.0,68571.35763654378,1
3548807,São Caetano do Sul,SP,São Paulo,Sudeste,Metropolitana de São Paulo,São Paulo,162763.0,15566768.0,1532318.0,31.0,3515560.0,8183229.0,95640.70458273686,1
3548906,São Carlos,SP,São Paulo,Sudeste,Araraquara,São Carlos,256915.0,14141854.0,1208302.0,170583.0,3844335.0,6861134.0,55044.874764027016,1
3549003,São Francisco,SP,São Paulo,Sudeste,São José do Rio Preto,Jales,2813.0,51168.0,16043.0,16634.0,2507.0,14799.0,18189.83291859225,0
3549102,São João da Boa Vista,SP,São Paulo,Sudeste,Campinas,São João da Boa Vista,92315.0,4135190.0,422206.0,125955.0,943017.0,2146778.0,44794.345447652064,1
3549201,São João das Duas Pontes,SP,São Paulo,Sudeste,São José do Rio Preto,Fernandópolis,2555.0,52612.0,17036.0,16037.0,3695.0,14414.0,20591.780821917808,0
3549250,São João de Iracema,SP,São Paulo,Sudeste,São José do Rio Preto,Auriflama,1942.0,51478.0,15766.0,19378.0,1440.0,13453.0,26507.723995880537,0
3549300,São João do Pau d'Alho,SP,São Paulo,Sudeste,Presidente Prudente,Dracena,2095.0,58493.0,16271.0,19148.0,3111.0,17641.0,27920.286396181385,0
3549409,São Joaquim da Barra,SP,São Paulo,Sudeste,Ribeirão Preto,São Joaquim da Barra,52737.0,2191086.0,228172.0,54709.0,727989.0,931320.0,41547.41452869902,1
3549508,São José da Bela Vista,SP,São Paulo,Sudeste,Ribeirão Preto,Franca,8991.0,231517.0,48908.0,95961.0,5787.0,70175.0,25749.8609720832,0
3549607,São José do Barreiro,SP,São Paulo,Sudeste,Vale do Paraíba Paulista,Bananal,4141.0,63347.0,26617.0,9641.0,2432.0,22350.0,15297.51267809708,0
3549706,São José do Rio Pardo,SP,São Paulo,Sudeste,Campinas,São João da Boa Vista,55298.0,2375167.0,244885.0,196940.0,472632.0,1153490.0,42952.132084343015,1
3549805,São José do Rio Preto,SP,São Paulo,Sudeste,São José do Rio Preto,São José do Rio Preto,469173.0,20962615.0,1854125.0,64180.0,2145380.0,14508307.0,44679.92616795937,1
3549904,São José dos Campos,SP,São Paulo,Sudeste,Vale do Paraíba Paulista,São José dos Campos,737310.0,45208808.0,2884819.0,25504.0,16459171.0,19457996.0,61315.875276342376,1
3549953,São Lourenço da Serra,SP,São Paulo,Sudeste,Metropolitana de São Paulo,Itapecerica da Serra,16127.0,285412.0,72816.0,1859.0,27607.0,158624.0,17697.77391951386,0
3550001,São Luiz do Paraitinga,SP,São Paulo,Sudeste,Vale do Paraíba Paulista,Paraibuna/Paraitinga,10693.0,204219.0,57574.0,24929.0,12157.0,97556.0,19098.382119143364,0
3550100,São Manuel,SP,São Paulo,Sudeste,Bauru,Botucatu,41287.0,1340317.0,159807.0,118878.0,195030.0,721871.0,32463.414634146346,1
3550209,São Miguel Arcanjo,SP,São Paulo,Sudeste,Macro Metropolitana Paulista,Piedade,33071.0,954225.0,140484.0,391384.0,47115.0,328950.0,28853.829639260985,1
3550308,São Paulo,SP,São Paulo,Sudeste,Metropolitana de São Paulo,São Paulo,12396372.0,828980747.0,48453705.0,61625.0,62513858.0,549767525.0,66872.85175049603,1
3550407,São Pedro,SP,São Paulo,Sudeste,Piracicaba,Piracicaba,36298.0,886336.0,165476.0,64624.0,64261.0,514871.0,24418.31505868092,1
3550506,São Pedro do Turvo,SP,São Paulo,Sudeste,Assis,Ourinhos,7724.0,234365.0,42699.0,91073.0,24161.0,61183.0,30342.43915069912,0
3550605,São Roque,SP,São Paulo,Sudeste,Macro Metropolitana Paulista,Sorocaba,93076.0,3450779.0,395963.0,45529.0,602986.0,1906386.0,37074.8528084576,1
3550704,São Sebastião,SP,São Paulo,Sudeste,Vale do Paraíba Paulista,Caraguatatuba,91637.0,16008645.0,695835.0,15864.0,9764264.0,5075981.0,174696.3017121905,1
3550803,São Sebastião da Grama,SP,São Paulo,Sudeste,Campinas,São João da Boa Vista,12137.0,428492.0,54012.0,140654.0,31466.0,173856.0,35304.60575100931,0
3550902,São Simão,SP,São Paulo,Sudeste,Ribeirão Preto,Ribeirão Preto,15446.0,501327.0,84469.0,73198.0,60109.0,223997.0,32456.752557296382,1
3551009,São Vicente,SP,São Paulo,Sudeste,Metropolitana de São Paulo,Santos,370839.0,6121259.0,1568230.0,4376.0,510075.0,3598070.0,16506.513608331377,1
3551108,Sarapuí,SP,São Paulo,Sudeste,Macro Metropolitana Paulista,Sorocaba,10493.0,203911.0,48707.0,41315.0,30057.0,67774.0,19433.05060516535,0
3551207,Sarutaiá,SP,São Paulo,Sudeste,Assis,Ourinhos,3623.0,96558.0,21771.0,43669.0,3996.0,25357.0,26651.39387248137,0
3551306,Sebastianópolis do Sul,SP,São Paulo,Sudeste,São José do Rio Preto,Nhandeara,3595.0,417499.0,26258.0,40419.0,193533.0,114680.0,116133.24061196104,0
3551405,Serra Azul,SP,São Paulo,Sudeste,Ribeirão Preto,Ribeirão Preto,15292.0,195523.0,68651.0,46604.0,11240.0,62819.0,12785.966518441017,0
3551504,Serrana,SP,São Paulo,Sudeste,Ribeirão Preto,Ribeirão Preto,46166.0,1349050.0,236602.0,21356.0,227605.0,722884.0,29221.72161330849,1
3551603,Serra Negra,SP,São Paulo,Sudeste,Campinas,Amparo,29669.0,845122.0,127912.0,84670.0,62088.0,489895.0,28485.018032289598,1
3551702,Sertãozinho,SP,São Paulo,Sudeste,Ribeirão Preto,Ribeirão Preto,128432.0,7109022.0,660685.0,86717.0,2110801.0,3249541.0,55352.41995764295,1
3551801,Sete Barras,SP,São Paulo,Sudeste,Litoral Sul Paulista,Registro,12731.0,379170.0,62559.0,180937.0,23883.0,98289.0,29783.20634671275,0
3551900,Severínia,SP,São Paulo,Sudeste,São José do Rio Preto,Catanduva,17820.0,271912.0,84017.0,19012.0,9150.0,141190.0,15258.810325476992,0
3552007,Silveiras,SP,São Paulo,Sudeste,Vale do Paraíba Paulista,Bananal,6375.0,92559.0,40275.0,11715.0,3988.0,32206.0,14519.058823529413,0
3552106,Socorro,SP,São Paulo,Sudeste,Campinas,Amparo,41690.0,1120219.0,180395.0,113685.0,134640.0,581523.0,26870.208683137444,1
3552205,Sorocaba,SP,São Paulo,Sudeste,Macro Metropolitana Paulista,Sorocaba,695328.0,44533398.0,2960148.0,43587.0,11416524.0,20709422.0,64046.60534308988,1
3552304,Sud Mennucci,SP,São Paulo,Sudeste,Araçatuba,Andradina,7738.0,226784.0,47715.0,82363.0,9945.0,74978.0,29307.83148100284,0
3552403,Sumaré,SP,São Paulo,Sudeste,Campinas,Campinas,289875.0,16179892.0,1149289.0,328222.0,4539681.0,7114201.0,55816.7899956878,1
3552502,Suzano,SP,São Paulo,Sudeste,Metropolitana de São Paulo,Mogi das Cruzes,303397.0,14811514.0,1214448.0,365314.0,5291218.0,5335113.0,48818.92042439444,1
3552551,Suzanápolis,SP,São Paulo,Sudeste,Araçatuba,Andradina,4063.0,341981.0,27419.0,36434.0,142423.0,96823.0,84169.57912872262,0
3552601,Tabapuã,SP,São Paulo,Sudeste,São José do Rio Preto,Catanduva,12561.0,287137.0,62128.0,77408.0,11556.0,121741.0,22859.406098240583,0
3552700,Tabatinga,SP,São Paulo,Sudeste,Araraquara,Araraquara,16787.0,340423.0,77090.0,78089.0,29680.0,133546.0,20278.965866444272,0
3552809,Taboão da Serra,SP,São Paulo,Sudeste,Metropolitana de São Paulo,Itapecerica da Serra,297528.0,10291072.0,1252193.0,265.0,2086009.0,5310499.0,34588.58325939071,1
3552908,Taciba,SP,São Paulo,Sudeste,Presidente Prudente,Presidente Prudente,6371.0,186412.0,46714.0,68763.0,10090.0,54417.0,29259.456914142207,0
3553005,Taguaí,SP,São Paulo,Sudeste,Assis,Ourinhos,14415.0,343428.0,63892.0,55797.0,20166.0,171944.0,23824.349635796047,0
3553104,Taiaçu,SP,São Paulo,Sudeste,Ribeirão Preto,Jaboticabal,6346.0,109907.0,28776.0,28187.0,2700.0,44400.0,17319.098644815633,0
3553203,Taiúva,SP,São Paulo,Sudeste,Ribeirão Preto,Jaboticabal,5562.0,139651.0,31400.0,24191.0,20238.0,52323.0,25108.054656598342,0
3553302,Tambaú,SP,São Paulo,Sudeste,Campinas,São João da Boa Vista,23255.0,700419.0,95553.0,78980.0,158477.0,304125.0,30119.071167490863,1
3553401,Tanabi,SP,São Paulo,Sudeste,São José do Rio Preto,São José do Rio Preto,26231.0,1323570.0,124695.0,132284.0,461061.0,480105.0,50458.2364378026,1
3553500,Tapiraí,SP,São Paulo,Sudeste,Macro Metropolitana Paulista,Piedade,7725.0,185138.0,40565.0,68949.0,11579.0,55735.0,23966.084142394822,0
3553609,Tapiratiba,SP,São Paulo,Sudeste,Campinas,São João da Boa Vista,12940.0,301185.0,60005.0,72224.0,25470.0,125754.0,23275.50231839258,0
3553658,Taquaral,SP,São Paulo,Sudeste,Ribeirão Preto,Jaboticabal,2815.0,46862.0,20224.0,7715.0,1851.0,14487.0,16647.246891651866,0
3553708,Taquaritinga,SP,São Paulo,Sudeste,Ribeirão Preto,Jaboticabal,57547.0,1660014.0,272970.0,115944.0,235409.0,885902.0,28846.23003805585,1
3553807,Taquarituba,SP,São Paulo,Sudeste,Itapetininga,Itapeva,23292.0,988152.0,100749.0,132340.0,66621.0,574067.0,42424.52344152499,1
3553856,Taquarivaí,SP,São Paulo,Sudeste,Itapetininga,Itapeva,5968.0,367324.0,35426.0,122948.0,16844.0,157444.0,61548.92761394102,0
3553906,Tarabai,SP,São Paulo,Sudeste,Presidente Prudente,Presidente Prudente,7609.0,168350.0,42013.0,16002.0,14259.0,60792.0,22125.114995400185,0
3553955,Tarumã,SP,São Paulo,Sudeste,Assis,Assis,15361.0,897036.0,77491.0,56414.0,342397.0,316519.0,58396.9793633227,1
3554003,Tatuí,SP,São Paulo,Sudeste,Itapetininga,Tatuí,124134.0,5076193.0,526084.0,154857.0,1324244.0,2439455.0,40892.849662461536,1
3554102,Taubaté,SP,São Paulo,Sudeste,Vale do Paraíba Paulista,São José dos Campos,320820.0,16199986.0,1494813.0,29196.0,4619437.0,7062456.0,50495.56137397918,1
3554201,Tejupá,SP,São Paulo,Sudeste,Assis,Ourinhos,4452.0,138116.0,25903.0,74289.0,4617.0,29409.0,31023.36028751123,0
3554300,Teodoro Sampaio,SP,São Paulo,Sudeste,Presidente Prudente,Presidente Prudente,23395.0,627028.0,103986.0,125734.0,89635.0,265524.0,26801.795255396453,1
3554409,Terra Roxa,SP,São Paulo,Sudeste,Ribeirão Preto,Jaboticabal,9502.0,174935.0,45914.0,42624.0,15260.0,63208.0,18410.334666386025,0
3554508,Tietê,SP,São Paulo,Sudeste,Piracicaba,Piracicaba,42946.0,2158402.0,214404.0,64791.0,734290.0,854750.0,50258.51068784054,1
3554607,Timburi,SP,São Paulo,Sudeste,Assis,Ourinhos,2647.0,66301.0,19347.0,24317.0,2844.0,17936.0,25047.601057801283,0
3554656,Torre de Pedra,SP,São Paulo,Sudeste,Itapetininga,Tatuí,2432.0,37757.0,16230.0,2822.0,2481.0,14581.0,15525.082236842103,0
3554706,Torrinha,SP,São Paulo,Sudeste,Piracicaba,Rio Claro,10100.0,284592.0,45388.0,68706.0,27529.0,120261.0,28177.425742574254,0
3554755,Trabiju,SP,São Paulo,Sudeste,Araraquara,Araraquara,1752.0,44920.0,15982.0,9227.0,4963.0,12380.0,25639.269406392694,0
3554805,Tremembé,SP,São Paulo,Sudeste,Vale do Paraíba Paulista,São José dos Campos,48228.0,896634.0,215319.0,12195.0,180772.0,398575.0,18591.5650659368,1
3554904,Três Fronteiras,SP,São Paulo,Sudeste,São José do Rio Preto,Jales,5856.0,122036.0,31357.0,23088.0,8712.0,52012.0,20839.48087431694,0
3554953,Tuiuti,SP,São Paulo,Sudeste,Macro Metropolitana Paulista,Bragança Paulista,7058.0,181790.0,31495.0,43333.0,6698.0,86971.0,25756.58826863134,0
3555000,Tupã,SP,São Paulo,Sudeste,Marília,Tupã,65615.0,2213337.0,275151.0,193786.0,289545.0,1243052.0,33732.18014173588,1
3555109,Tupi Paulista,SP,São Paulo,Sudeste,Presidente Prudente,Dracena,15670.0,340357.0,73728.0,43825.0,9779.0,193548.0,21720.29355456286,0
3555208,Turiúba,SP,São Paulo,Sudeste,Araçatuba,Birigui,2024.0,56425.0,15777.0,21509.0,2347.0,15193.0,27877.964426877472,0
3555307,Turmalina,SP,São Paulo,Sudeste,São José do Rio Preto,Fernandópolis,1667.0,73692.0,14853.0,37999.0,3097.0,15558.0,44206.35872825435,0
3555356,Ubarana,SP,São Paulo,Sudeste,São José do Rio Preto,São José do Rio Preto,6488.0,212639.0,36674.0,37290.0,79175.0,50542.0,32774.19852034525,0
3555406,Ubatuba,SP,São Paulo,Sudeste,Vale do Paraíba Paulista,Caraguatatuba,92819.0,2705941.0,482565.0,31827.0,381498.0,1654039.0,29152.87818226872,1
3555505,Ubirajara,SP,São Paulo,Sudeste,Bauru,Bauru,4828.0,114468.0,32486.0,30979.0,5088.0,40952.0,23709.196354598174,0
3555604,Uchoa,SP,São Paulo,Sudeste,São José do Rio Preto,São José do Rio Preto,10191.0,401841.0,50080.0,38484.0,143054.0,127884.0,39430.96850161908,0
3555703,União Paulista,SP,São Paulo,Sudeste,São José do Rio Preto,Nhandeara,1886.0,57595.0,16202.0,20857.0,2473.0,16340.0,30538.17603393425,0
3555802,Urânia,SP,São Paulo,Sudeste,São José do Rio Preto,Jales,9125.0,286014.0,37626.0,89081.0,31475.0,107197.0,31344.0,0
3555901,Uru,SP,São Paulo,Sudeste,Bauru,Bauru,1142.0,46392.0,15184.0,15392.0,1861.0,12626.0,40623.467600700526,0
3556008,Urupês,SP,São Paulo,Sudeste,São José do Rio Preto,Novo Horizonte,13965.0,483325.0,75255.0,96843.0,39979.0,224435.0,34609.738632295026,1
3556107,Valentim Gentil,SP,São Paulo,Sudeste,São José do Rio Preto,Votuporanga,13732.0,437546.0,61920.0,23345.0,141998.0,160684.0,31863.239149431985,0
3556206,Valinhos,SP,São Paulo,Sudeste,Campinas,Campinas,133169.0,7969200.0,657577.0,57998.0,1796026.0,3845353.0,59842.756197012815,1
3556305,Valparaíso,SP,São Paulo,Sudeste,Araçatuba,Araçatuba,27154.0,1236297.0,142461.0,138005.0,449114.0,379299.0,45529.093319584594,1
3556354,Vargem,SP,São Paulo,Sudeste,Macro Metropolitana Paulista,Bragança Paulista,10842.0,153401.0,42707.0,12805.0,13570.0,72837.0,14148.77328906106,0
3556404,Vargem Grande do Sul,SP,São Paulo,Sudeste,Campinas,São João da Boa Vista,43368.0,1287339.0,174876.0,59764.0,221265.0,670166.0,29684.075816270062,1
3556453,Vargem Grande Paulista,SP,São Paulo,Sudeste,Metropolitana de São Paulo,Itapecerica da Serra,54315.0,2898203.0,275207.0,43369.0,641802.0,1368882.0,53359.16413513762,1
3556503,Várzea Paulista,SP,São Paulo,Sudeste,Macro Metropolitana Paulista,Jundiaí,124269.0,3965839.0,484951.0,2911.0,1326934.0,1594687.0,31913.34121945135,1
3556602,Vera Cruz,SP,São Paulo,Sudeste,Marília,Marília,10804.0,240193.0,48492.0,23928.0,8142.0,136683.0,22231.858570899665,0
3556701,Vinhedo,SP,São Paulo,Sudeste,Campinas,Campinas,81516.0,12557909.0,554172.0,14331.0,3476252.0,5428697.0,154054.52917218706,1
3556800,Viradouro,SP,São Paulo,Sudeste,Ribeirão Preto,Jaboticabal,19133.0,443704.0,90416.0,42304.0,60045.0,209494.0,23190.50854544504,1
3556909,Vista Alegre do Alto,SP,São Paulo,Sudeste,Ribeirão Preto,Jaboticabal,9163.0,425058.0,45134.0,33887.0,150924.0,144840.0,46388.51904398123,0
3556958,Vitória Brasil,SP,São Paulo,Sudeste,São José do Rio Preto,Jales,1852.0,45179.0,13866.0,7651.0,1931.0,18826.0,24394.70842332613,0
3557006,Votorantim,SP,São Paulo,Sudeste,Macro Metropolitana Paulista,Sorocaba,124468.0,3919236.0,549536.0,3661.0,932430.0,1897868.0,31487.900504547357,1
3557105,Votuporanga,SP,São Paulo,Sudeste,São José do Rio Preto,Votuporanga,96106.0,3862540.0,387363.0,63921.0,720558.0,2277198.0,40190.41475037979,1
3557154,Zacarias,SP,São Paulo,Sudeste,São José do Rio Preto,São José do Rio Preto,2784.0,130189.0,21355.0,60922.0,13184.0,29176.0,46763.29022988506,0
3557204,Chavantes,SP,São Paulo,Sudeste,Assis,Ourinhos,12418.0,266345.0,64976.0,26826.0,20929.0,129522.0,21448.30085359961,0
3557303,Estiva Gerbi,SP,São Paulo,Sudeste,Campinas,Mogi Mirim,11507.0,389432.0,60521.0,55493.0,92781.0,133306.0,33843.0520552707,0
4100103,Abatiá,PR,Paraná,Sul,Norte Pioneiro Paranaense,Cornélio Procópio,7360.0,221817.0,40041.0,110596.0,9932.0,52305.0,30138.179347826088,0
4100202,Adrianópolis,PR,Paraná,Sul,Metropolitana de Curitiba,Cerro Azul,5797.0,368854.0,35027.0,27453.0,209013.0,52302.0,63628.42849749871,0
4100301,Agudos do Sul,PR,Paraná,Sul,Metropolitana de Curitiba,Rio Negro,9567.0,216904.0,48096.0,74699.0,12693.0,66287.0,22672.102017351317,0
4100400,Almirante Tamandaré,PR,Paraná,Sul,Metropolitana de Curitiba,Curitiba,121420.0,1936255.0,484339.0,51410.0,491204.0,702420.0,15946.755065063417,1
4100459,Altamira do Paraná,PR,Paraná,Sul,Centro Ocidental Paranaense,Goioerê,1429.0,96207.0,15395.0,50691.0,3237.0,21899.0,67324.70258922323,0
4100509,Altônia,PR,Paraná,Sul,Noroeste Paranaense,Umuarama,22293.0,462493.0,102561.0,118591.0,29725.0,176953.0,20746.10864396896,1
4100608,Alto Paraná,PR,Paraná,Sul,Noroeste Paranaense,Paranavaí,14945.0,436261.0,72866.0,208720.0,35430.0,98518.0,29191.100702576117,0
4100707,Alto Piquiri,PR,Paraná,Sul,Noroeste Paranaense,Umuarama,9722.0,410780.0,52293.0,177000.0,19871.0,130779.0,42252.62291709525,0
4100806,Alvorada do Sul,PR,Paraná,Sul,Norte Central Paranaense,Porecatu,11598.0,338359.0,64223.0,109216.0,17170.0,123759.0,29173.909294705983,0
4100905,Amaporã,PR,Paraná,Sul,Noroeste Paranaense,Paranavaí,6405.0,121114.0,33435.0,42474.0,5477.0,30271.0,18909.289617486334,0
4101002,Ampére,PR,Paraná,Sul,Sudoeste Paranaense,Capanema,19466.0,750364.0,96991.0,137753.0,169446.0,256768.0,38547.41600739752,1
4101051,Anahy,PR,Paraná,Sul,Oeste Paranaense,Cascavel,2774.0,115042.0,20354.0,54505.0,3389.0,29341.0,41471.52126892574,0
4101101,Andirá,PR,Paraná,Sul,Norte Pioneiro Paranaense,Cornélio Procópio,19823.0,816503.0,104427.0,119514.0,144802.0,351229.0,41189.67865610655,1
4101150,Ângulo,PR,Paraná,Sul,Norte Central Paranaense,Astorga,2931.0,154197.0,21025.0,77282.0,4289.0,41446.0,52609.00716479017,0
4101200,Antonina,PR,Paraná,Sul,Metropolitana de Curitiba,Paranaguá,18919.0,700871.0,106686.0,18046.0,170096.0,325314.0,37045.87980337227,1
4101309,Antônio Olinto,PR,Paraná,Sul,Sudeste Paranaense,São Mateus do Sul,7421.0,233345.0,36419.0,138049.0,9553.0,39590.0,31443.875488478643,0
4101408,Apucarana,PR,Paraná,Sul,Norte Central Paranaense,Apucarana,137438.0,3874080.0,647972.0,281831.0,834985.0,1691674.0,28187.83742487521,1
4101507,Arapongas,PR,Paraná,Sul,Norte Central Paranaense,Apucarana,126545.0,4953989.0,598775.0,373978.0,1385052.0,1960138.0,39148.04219842744,1
4101606,Arapoti,PR,Paraná,Sul,Centro Oriental Paranaense,Jaguariaíva,28480.0,1447431.0,141542.0,395494.0,248709.0,468196.0,50822.71769662921,1
4101655,Arapuã,PR,Paraná,Sul,Norte Central Paranaense,Ivaiporã,2951.0,152146.0,21176.0,84019.0,5073.0,33562.0,51557.4381565571,0
4101705,Araruna,PR,Paraná,Sul,Centro Ocidental Paranaense,Campo Mourão,14029.0,547353.0,74333.0,177027.0,116101.0,131752.0,39015.8243638178,1
4101804,Araucária,PR,Paraná,Sul,Metropolitana de Curitiba,Curitiba,148522.0,25266761.0,1071309.0,239813.0,14216620.0,6296603.0,170121.33555971505,1
4101853,Ariranha do Ivaí,PR,Paraná,Sul,Norte Central Paranaense,Ivaiporã,2026.0,128974.0,17244.0,83235.0,4064.0,19942.0,63659.42744323791,0
4101903,Assaí,PR,Paraná,Sul,Norte Pioneiro Paranaense,Assaí,14792.0,539552.0,77483.0,169082.0,73616.0,184025.0,36475.93293672255,1
4102000,Assis Chateaubriand,PR,Paraná,Sul,Oeste Paranaense,Toledo,33306.0,1633260.0,174974.0,545012.0,154437.0,600077.0,49038.01116915871,1
4102109,Astorga,PR,Paraná,Sul,Norte Central Paranaense,Astorga,26304.0,882920.0,129181.0,224774.0,136158.0,321757.0,33565.99756690997,1
4102208,Atalaia,PR,Paraná,Sul,Norte Central Paranaense,Astorga,3871.0,177304.0,24866.0,64318.0,17342.0,56704.0,45803.151640403,0
4102307,Balsa Nova,PR,Paraná,Sul,Metropolitana de Curitiba,Curitiba,13238.0,926185.0,77569.0,103744.0,396062.0,221283.0,69964.1184468953,1
4102406,Bandeirantes,PR,Paraná,Sul,Norte Pioneiro Paranaense,Cornélio Procópio,31061.0,1033468.0,151934.0,303679.0,103442.0,406938.0,33272.20630372493,1
4102505,Barbosa Ferraz,PR,Paraná,Sul,Centro Ocidental Paranaense,Campo Mourão,11287.0,299363.0,58176.0,119379.0,12842.0,92167.0,26522.81385664924,0
4102604,Barracão,PR,Paraná,Sul,Sudoeste Paranaense,Francisco Beltrão,10347.0,264230.0,49326.0,56563.0,19831.0,113045.0,25536.870590509327,0
4102703,Barra do Jacaré,PR,Paraná,Sul,Norte Pioneiro Paranaense,Jacarezinho,2781.0,150148.0,19382.0,81200.0,19767.0,23424.0,53990.65084501978,0
4102752,Bela Vista da Caroba,PR,Paraná,Sul,Sudoeste Paranaense,Capanema,3404.0,106924.0,21031.0,51900.0,5251.0,23299.0,31411.28084606345,0
4102802,Bela Vista do Paraíso,PR,Paraná,Sul,Norte Central Paranaense,Porecatu,15400.0,523791.0,71347.0,92512.0,35045.0,265874.0,34012.4025974026,1
4102901,Bituruna,PR,Paraná,Sul,Sudeste Paranaense,União da Vitória,16411.0,552342.0,80945.0,184755.0,116904.0,121839.0,33656.81555054537,1
4103008,Boa Esperança,PR,Paraná,Sul,Centro Ocidental Paranaense,Goioerê,3991.0,285689.0,28377.0,151515.0,9586.0,78681.0,71583.31245301929,0
4103024,Boa Esperança do Iguaçu,PR,Paraná,Sul,Sudoeste Paranaense,Francisco Beltrão,2437.0,142607.0,18207.0,72330.0,6029.0,36066.0,58517.43947476405,0
4103040,Boa Ventura de São Roque,PR,Paraná,Sul,Centro-Sul Paranaense,Pitanga,6343.0,361490.0,38219.0,156297.0,37712.0,86560.0,56990.38309947974,0
4103057,Boa Vista da Aparecida,PR,Paraná,Sul,Oeste Paranaense,Cascavel,7524.0,185315.0,43791.0,58202.0,9509.0,62500.0,24629.85114300904,0
4103107,Bocaiúva do Sul,PR,Paraná,Sul,Metropolitana de Curitiba,Curitiba,13308.0,280327.0,65680.0,27460.0,70572.0,89843.0,21064.547640516983,0
4103156,Bom Jesus do Sul,PR,Paraná,Sul,Sudoeste Paranaense,Francisco Beltrão,3472.0,115670.0,23417.0,56419.0,5158.0,24618.0,33315.09216589862,0
4103206,Bom Sucesso,PR,Paraná,Sul,Norte Central Paranaense,Faxinal,7103.0,157269.0,34990.0,67069.0,9207.0,37717.0,22141.20794030691,0
4103222,Bom Sucesso do Sul,PR,Paraná,Sul,Sudoeste Paranaense,Pato Branco,3244.0,300056.0,22905.0,129625.0,14540.0,103513.0,92495.6843403206,0
4103305,Borrazópolis,PR,Paraná,Sul,Norte Central Paranaense,Faxinal,6290.0,245673.0,38042.0,86538.0,10020.0,92383.0,39057.710651828296,0
4103354,Braganey,PR,Paraná,Sul,Oeste Paranaense,Cascavel,5338.0,241526.0,30850.0,122681.0,8546.0,64086.0,45246.53428250281,0
4103370,Brasilândia do Sul,PR,Paraná,Sul,Noroeste Paranaense,Umuarama,2521.0,275949.0,20017.0,123778.0,7906.0,99843.0,109460.13486711624,0
4103404,Cafeara,PR,Paraná,Sul,Norte Central Paranaense,Astorga,2973.0,114049.0,18874.0,66301.0,4250.0,20231.0,38361.58762193071,0
4103453,Cafelândia,PR,Paraná,Sul,Oeste Paranaense,Cascavel,18783.0,1949226.0,105889.0,229992.0,776572.0,615257.0,103776.07410956715,1
4103479,Cafezal do Sul,PR,Paraná,Sul,Noroeste Paranaense,Umuarama,3975.0,148983.0,24748.0,73027.0,5698.0,36753.0,37480.0,0
4103503,Califórnia,PR,Paraná,Sul,Norte Central Paranaense,Apucarana,8641.0,253205.0,43228.0,67159.0,43267.0,73488.0,29302.742738109016,0
4103602,Cambará,PR,Paraná,Sul,Norte Pioneiro Paranaense,Jacarezinho,25569.0,819036.0,123832.0,174603.0,157114.0,287766.0,32032.38296374516,1
4103701,Cambé,PR,Paraná,Sul,Norte Central Paranaense,Londrina,108126.0,5029902.0,498121.0,351441.0,1303755.0,2077407.0,46518.8946229399,1
4103800,Cambira,PR,Paraná,Sul,Norte Central Paranaense,Apucarana,7967.0,280211.0,41752.0,76794.0,40011.0,87855.0,35171.45726120246,0
4103909,Campina da Lagoa,PR,Paraná,Sul,Centro Ocidental Paranaense,Goioerê,13888.0,578373.0,68097.0,254784.0,33306.0,184349.0,41645.52131336406,1
4103958,Campina do Simão,PR,Paraná,Sul,Centro-Sul Paranaense,Guarapuava,3831.0,150370.0,23611.0,92967.0,6641.0,22016.0,39250.848342469326,0
4104006,Campina Grande do Sul,PR,Paraná,Sul,Metropolitana de Curitiba,Curitiba,44072.0,2176024.0,226861.0,26102.0,225265.0,1139910.0,49374.29660555455,1
4104055,Campo Bonito,PR,Paraná,Sul,Oeste Paranaense,Cascavel,3694.0,224661.0,24709.0,140593.0,6417.0,41800.0,60817.812669193285,0
4104105,Campo do Tenente,PR,Paraná,Sul,Metropolitana de Curitiba,Rio Negro,8118.0,261270.0,39483.0,101643.0,29520.0,70428.0,32184.035476718404,0
4104204,Campo Largo,PR,Paraná,Sul,Metropolitana de Curitiba,Curitiba,135678.0,5733187.0,643888.0,122164.0,2000357.0,2061138.0,42255.83366500096,1
4104253,Campo Magro,PR,Paraná,Sul,Metropolitana de Curitiba,Curitiba,30151.0,541601.0,152076.0,65745.0,72170.0,189758.0,17962.953135882723,1
4104303,Campo Mourão,PR,Paraná,Sul,Centro Ocidental Paranaense,Campo Mourão,96102.0,5147310.0,465698.0,358932.0,1138553.0,2496008.0,53560.90403945807,1
4104402,Cândido de Abreu,PR,Paraná,Sul,Norte Central Paranaense,Ivaiporã,14606.0,421637.0,73109.0,189165.0,14694.0,115646.0,28867.38326715049,0
4104428,Candói,PR,Paraná,Sul,Centro-Sul Paranaense,Guarapuava,16126.0,850048.0,89637.0,411757.0,59586.0,230390.0,52712.886022572246,1
4104451,Cantagalo,PR,Paraná,Sul,Centro-Sul Paranaense,Guarapuava,13340.0,335944.0,62182.0,140129.0,19340.0,92575.0,25183.2083958021,0
4104501,Capanema,PR,Paraná,Sul,Sudoeste Paranaense,Capanema,19172.0,1106692.0,97676.0,215803.0,358176.0,332727.0,57724.38973503025,1
4104600,Capitão Leônidas Marques,PR,Paraná,Sul,Oeste Paranaense,Cascavel,15887.0,1255526.0,83732.0,111792.0,841187.0,172633.0,79028.51387927236,1
4104659,Carambeí,PR,Paraná,Sul,Centro Oriental Paranaense,Ponta Grossa,24225.0,1578833.0,134051.0,489441.0,321463.0,463792.0,65173.7048503612,1
4104709,Carlópolis,PR,Paraná,Sul,Norte Pioneiro Paranaense,Wenceslau Braz,14391.0,458638.0,68975.0,183973.0,24698.0,151861.0,31869.77972343826,0
4104808,Cascavel,PR,Paraná,Sul,Oeste Paranaense,Cascavel,336073.0,15786905.0,1624295.0,1206734.0,2651349.0,8089818.0,46974.63051182332,1
4104907,Castro,PR,Paraná,Sul,Centro Oriental Paranaense,Ponta Grossa,72125.0,3631156.0,404730.0,778117.0,756481.0,1229472.0,50345.31715771231,1
4105003,Catanduvas,PR,Paraná,Sul,Oeste Paranaense,Cascavel,10144.0,355951.0,49337.0,161222.0,19623.0,101839.0,35089.80678233439,0
4105102,Centenário do Sul,PR,Paraná,Sul,Norte Central Paranaense,Astorga,10704.0,440499.0,56348.0,223750.0,22336.0,113829.0,41152.7466367713,0
4105201,Cerro Azul,PR,Paraná,Sul,Metropolitana de Curitiba,Cerro Azul,17884.0,405086.0,85097.0,207857.0,28675.0,71098.0,22650.749273093268,0
4105300,Céu Azul,PR,Paraná,Sul,Oeste Paranaense,Foz do Iguaçu,11872.0,942758.0,64563.0,282695.0,245901.0,249143.0,79410.20889487871,1
4105409,Chopinzinho,PR,Paraná,Sul,Sudoeste Paranaense,Pato Branco,19083.0,909271.0,114096.0,250635.0,140271.0,320929.0,47648.220929623225,1
4105508,Cianorte,PR,Paraná,Sul,Noroeste Paranaense,Cianorte,84980.0,3039716.0,408343.0,308192.0,731727.0,1273801.0,35769.781124970585,1
4105607,Cidade Gaúcha,PR,Paraná,Sul,Noroeste Paranaense,Cianorte,12939.0,431473.0,70932.0,63691.0,113412.0,143213.0,33346.703763814825,1
4105706,Clevelândia,PR,Paraná,Sul,Centro-Sul Paranaense,Palmas,16344.0,837980.0,85081.0,336356.0,109084.0,248506.0,51271.41458639256,1
4105805,Colombo,PR,Paraná,Sul,Metropolitana de Curitiba,Curitiba,249277.0,5693870.0,1080431.0,120834.0,1384799.0,2270675.0,22841.537727106792,1
4105904,Colorado,PR,Paraná,Sul,Norte Central Paranaense,Astorga,24271.0,796267.0,123079.0,93778.0,199590.0,314503.0,32807.34209550492,1
4106001,Congonhinhas,PR,Paraná,Sul,Norte Pioneiro Paranaense,Cornélio Procópio,8896.0,285617.0,45896.0,123366.0,20530.0,76941.0,32106.22751798561,0
4106100,Conselheiro Mairinck,PR,Paraná,Sul,Norte Pioneiro Paranaense,Ibaiti,3891.0,152425.0,23558.0,89432.0,7305.0,26323.0,39173.73425854536,0
4106209,Contenda,PR,Paraná,Sul,Metropolitana de Curitiba,Curitiba,19082.0,557577.0,95183.0,148574.0,51947.0,210393.0,29220.05030919191,1
4106308,Corbélia,PR,Paraná,Sul,Oeste Paranaense,Cascavel,17162.0,1064177.0,89847.0,491697.0,63613.0,342655.0,62007.74967952453,1
4106407,Cornélio Procópio,PR,Paraná,Sul,Norte Pioneiro Paranaense,Cornélio Procópio,47840.0,1812202.0,253467.0,249528.0,192800.0,910318.0,37880.47658862877,1
4106456,Coronel Domingos Soares,PR,Paraná,Sul,Centro-Sul Paranaense,Palmas,7538.0,323716.0,46119.0,153497.0,47898.0,55850.0,42944.547625364816,0
4106506,Coronel Vivida,PR,Paraná,Sul,Sudoeste Paranaense,Pato Branco,20430.0,887309.0,105491.0,235766.0,114170.0,325830.0,43431.66911404797,1
4106555,Corumbataí do Sul,PR,Paraná,Sul,Centro Ocidental Paranaense,Campo Mourão,3038.0,87683.0,21535.0,32051.0,3604.0,24932.0,28862.08031599737,0
4106571,Cruzeiro do Iguaçu,PR,Paraná,Sul,Sudoeste Paranaense,Francisco Beltrão,4229.0,177173.0,28334.0,69127.0,24122.0,41809.0,41894.77417829274,0
4106605,Cruzeiro do Oeste,PR,Paraná,Sul,Noroeste Paranaense,Umuarama,20962.0,859368.0,107758.0,174734.0,170202.0,329019.0,40996.46980249976,1
4106704,Cruzeiro do Sul,PR,Paraná,Sul,Noroeste Paranaense,Paranavaí,4430.0,205351.0,25286.0,137157.0,5345.0,29577.0,46354.62753950339,0
4106803,Cruz Machado,PR,Paraná,Sul,Sudeste Paranaense,União da Vitória,18772.0,505066.0,91932.0,282127.0,18033.0,90466.0,26905.28446622629,0
4106852,Cruzmaltina,PR,Paraná,Sul,Norte Central Paranaense,Faxinal,2892.0,151165.0,18379.0,61845.0,3985.0,53306.0,52270.05532503458,0
4106902,Curitiba,PR,Paraná,Sul,Metropolitana de Curitiba,Curitiba,1963726.0,98000491.0,9131086.0,17725.0,17640390.0,53112796.0,49905.37936555304,1
4107009,Curiúva,PR,Paraná,Sul,Norte Pioneiro Paranaense,Ibaiti,15289.0,276029.0,70568.0,78554.0,17237.0,89492.0,18054.09117666296,0
4107108,Diamante do Norte,PR,Paraná,Sul,Noroeste Paranaense,Paranavaí,4975.0,298207.0,31484.0,32499.0,132136.0,82222.0,59941.10552763819,0
4107124,Diamante do Sul,PR,Paraná,Sul,Oeste Paranaense,Cascavel,3409.0,74736.0,20948.0,36853.0,2359.0,12163.0,21923.14461718979,0
4107157,Diamante D'Oeste,PR,Paraná,Sul,Oeste Paranaense,Toledo,5279.0,128031.0,30496.0,60105.0,4585.0,26298.0,24252.88880469786,0
4107207,Dois Vizinhos,PR,Paraná,Sul,Sudoeste Paranaense,Francisco Beltrão,41424.0,2026447.0,218079.0,330582.0,431388.0,844655.0,48919.63595983005,1
4107256,Douradina,PR,Paraná,Sul,Noroeste Paranaense,Umuarama,8988.0,841228.0,49562.0,39083.0,92462.0,270794.0,93594.57053849575,1
4107306,Doutor Camargo,PR,Paraná,Sul,Norte Central Paranaense,Floraí,5987.0,200365.0,33019.0,62423.0,13783.0,75281.0,33466.67780190412,0
4107405,Enéas Marques,PR,Paraná,Sul,Sudoeste Paranaense,Francisco Beltrão,5906.0,311321.0,34741.0,123923.0,43045.0,71151.0,52712.66508635286,0
4107504,Engenheiro Beltrão,PR,Paraná,Sul,Centro Ocidental Paranaense,Campo Mourão,13962.0,566606.0,72055.0,221541.0,38040.0,193412.0,40582.00830826529,1
4107520,Esperança Nova,PR,Paraná,Sul,Noroeste Paranaense,Umuarama,1633.0,65236.0,14879.0,31790.0,4324.0,11499.0,39948.5609308022,0
4107538,Entre Rios do Oeste,PR,Paraná,Sul,Oeste Paranaense,Toledo,4651.0,313143.0,40828.0,90826.0,39233.0,113789.0,67328.10148355193,0
4107546,Espigão Alto do Iguaçu,PR,Paraná,Sul,Centro-Sul Paranaense,Guarapuava,3980.0,162811.0,26590.0,86312.0,11581.0,30029.0,40907.28643216081,0
4107553,Farol,PR,Paraná,Sul,Centro Ocidental Paranaense,Campo Mourão,2995.0,215732.0,22262.0,129271.0,7230.0,45365.0,72030.71786310518,0
4107603,Faxinal,PR,Paraná,Sul,Norte Central Paranaense,Faxinal,17379.0,500122.0,88000.0,128252.0,35226.0,206848.0,28777.37499280741,1
4107652,Fazenda Rio Grande,PR,Paraná,Sul,Metropolitana de Curitiba,Curitiba,103750.0,3322418.0,516957.0,37786.0,830522.0,1231704.0,32023.306024096382,1
4107702,Fênix,PR,Paraná,Sul,Centro Ocidental Paranaense,Campo Mourão,4734.0,212862.0,28453.0,102353.0,7988.0,61016.0,44964.51204055767,0
4107736,Fernandes Pinheiro,PR,Paraná,Sul,Sudeste Paranaense,Prudentópolis,5561.0,253838.0,34688.0,149899.0,14574.0,42747.0,45646.106815320985,0
4107751,Figueira,PR,Paraná,Sul,Norte Pioneiro Paranaense,Ibaiti,7625.0,161492.0,40155.0,26927.0,27219.0,54269.0,21179.27868852459,0
4107801,Floraí,PR,Paraná,Sul,Norte Central Paranaense,Floraí,4883.0,239257.0,28933.0,96023.0,24892.0,71814.0,48997.95207864018,0
4107850,Flor da Serra do Sul,PR,Paraná,Sul,Sudoeste Paranaense,Francisco Beltrão,4583.0,182643.0,29444.0,84792.0,7904.0,48376.0,39852.28016583024,0
4107900,Floresta,PR,Paraná,Sul,Norte Central Paranaense,Floraí,6926.0,271124.0,39516.0,78022.0,25315.0,104605.0,39145.827317354895,0
4108007,Florestópolis,PR,Paraná,Sul,Norte Central Paranaense,Porecatu,10360.0,400285.0,57224.0,78723.0,114181.0,121173.0,38637.54826254826,0
4108106,Flórida,PR,Paraná,Sul,Norte Central Paranaense,Astorga,2709.0,80573.0,20136.0,25786.0,6936.0,23532.0,29742.70948689553,0
4108205,Formosa do Oeste,PR,Paraná,Sul,Oeste Paranaense,Toledo,6345.0,370767.0,36591.0,175492.0,15490.0,114235.0,58434.51536643026,0
4108304,Foz do Iguaçu,PR,Paraná,Sul,Oeste Paranaense,Foz do Iguaçu,257971.0,18969029.0,1525285.0,121178.0,11498565.0,4875584.0,73531.63340065356,1
4108320,Francisco Alves,PR,Paraná,Sul,Noroeste Paranaense,Umuarama,5942.0,290544.0,34137.0,144206.0,11516.0,80857.0,48896.66778862336,0
4108403,Francisco Beltrão,PR,Paraná,Sul,Sudoeste Paranaense,Francisco Beltrão,93308.0,3694539.0,463783.0,335289.0,701817.0,1762590.0,39595.09366828139,1
4108452,Foz do Jordão,PR,Paraná,Sul,Centro-Sul Paranaense,Guarapuava,4466.0,184044.0,29364.0,94878.0,21446.0,31256.0,41210.03134796238,0
4108502,General Carneiro,PR,Paraná,Sul,Sudeste Paranaense,União da Vitória,13661.0,445472.0,68846.0,231882.0,30733.0,86947.0,32609.033013688604,0
4108551,Godoy Moreira,PR,Paraná,Sul,Norte Central Paranaense,Ivaiporã,2850.0,72426.0,19562.0,33704.0,2425.0,14145.0,25412.63157894737,0
4108601,Goioerê,PR,Paraná,Sul,Centro Ocidental Paranaense,Goioerê,28734.0,1074370.0,146971.0,223081.0,119038.0,476624.0,37390.19976334656,1
4108650,Goioxim,PR,Paraná,Sul,Centro-Sul Paranaense,Guarapuava,6997.0,309145.0,34774.0,186606.0,9455.0,62106.0,44182.506788623694,0
4108700,Grandes Rios,PR,Paraná,Sul,Norte Central Paranaense,Ivaiporã,5379.0,172728.0,30867.0,90143.0,6523.0,37212.0,32111.54489682097,0
4108809,Guaíra,PR,Paraná,Sul,Oeste Paranaense,Toledo,33497.0,1139934.0,176158.0,230163.0,94240.0,529851.0,34030.92814281876,1
4108908,Guairaçá,PR,Paraná,Sul,Noroeste Paranaense,Paranavaí,6635.0,273736.0,37340.0,134784.0,21361.0,64652.0,41256.36774679729,0
4108957,Guamiranga,PR,Paraná,Sul,Sudeste Paranaense,Prudentópolis,8881.0,295065.0,43429.0,177783.0,12827.0,47360.0,33224.299065420564,0
4109005,Guapirama,PR,Paraná,Sul,Norte Pioneiro Paranaense,Wenceslau Braz,3767.0,176952.0,26031.0,88277.0,19731.0,33063.0,46974.25006636581,0
4109104,Guaporema,PR,Paraná,Sul,Noroeste Paranaense,Cianorte,2239.0,78139.0,17609.0,42793.0,2578.0,12351.0,34899.06208128629,0
4109203,Guaraci,PR,Paraná,Sul,Norte Central Paranaense,Astorga,5557.0,223863.0,35207.0,127400.0,9462.0,40016.0,40284.86593485693,0
4109302,Guaraniaçu,PR,Paraná,Sul,Oeste Paranaense,Cascavel,11969.0,512014.0,66845.0,233522.0,23656.0,153137.0,42778.34405547665,1
4109401,Guarapuava,PR,Paraná,Sul,Centro-Sul Paranaense,Guarapuava,183755.0,8309024.0,872114.0,770157.0,1708279.0,3818192.0,45217.94781094392,1
4109500,Guaraqueçaba,PR,Paraná,Sul,Metropolitana de Curitiba,Paranaguá,7554.0,118152.0,39091.0,37589.0,5045.0,31309.0,15640.984908657663,0
4109609,Guaratuba,PR,Paraná,Sul,Metropolitana de Curitiba,Paranaguá,37974.0,982125.0,238838.0,73128.0,109604.0,488140.0,25863.090535629643,1
4109658,Honório Serpa,PR,Paraná,Sul,Centro-Sul Paranaense,Palmas,5030.0,298546.0,32523.0,158256.0,34365.0,49536.0,59353.0815109344,0
4109708,Ibaiti,PR,Paraná,Sul,Norte Pioneiro Paranaense,Ibaiti,31854.0,878434.0,141344.0,199418.0,105480.0,348301.0,27576.882024235576,1
4109757,Ibema,PR,Paraná,Sul,Oeste Paranaense,Cascavel,6387.0,182341.0,34917.0,58003.0,26229.0,48947.0,28548.770940973853,0
4109807,Ibiporã,PR,Paraná,Sul,Norte Central Paranaense,Londrina,55688.0,3313394.0,299443.0,121602.0,603664.0,1660097.0,59499.24579801752,1
4109906,Icaraíma,PR,Paraná,Sul,Noroeste Paranaense,Umuarama,7671.0,249550.0,46367.0,66809.0,37281.0,80144.0,32531.612566810065,0
4110003,Iguaraçu,PR,Paraná,Sul,Norte Central Paranaense,Astorga,4475.0,212505.0,32693.0,77656.0,18293.0,69053.0,47487.150837988826,0
4110052,Iguatu,PR,Paraná,Sul,Oeste Paranaense,Cascavel,2251.0,83996.0,17460.0,38942.0,4562.0,18868.0,37314.97112394491,0
4110078,Imbaú,PR,Paraná,Sul,Centro Oriental Paranaense,Telêmaco Borba,13449.0,276156.0,64957.0,48197.0,34663.0,101771.0,20533.57126923935,0
4110102,Imbituva,PR,Paraná,Sul,Sudeste Paranaense,Prudentópolis,33306.0,1290790.0,151013.0,361453.0,261988.0,404752.0,38755.47949318441,1
4110201,Inácio Martins,PR,Paraná,Sul,Centro-Sul Paranaense,Guarapuava,11117.0,265709.0,55581.0,101217.0,34417.0,54553.0,23901.1423945309,0
4110300,Inajá,PR,Paraná,Sul,Noroeste Paranaense,Paranavaí,3122.0,58312.0,18965.0,20996.0,2259.0,13147.0,18677.77065983344,0
4110409,Indianópolis,PR,Paraná,Sul,Noroeste Paranaense,Cianorte,4472.0,507444.0,27926.0,41810.0,262116.0,130385.0,113471.37745974956,0
4110508,Ipiranga,PR,Paraná,Sul,Sudeste Paranaense,Prudentópolis,15327.0,615190.0,77136.0,294455.0,51816.0,150993.0,40137.66555751288,1
4110607,Iporã,PR,Paraná,Sul,Noroeste Paranaense,Umuarama,13642.0,597062.0,74022.0,238911.0,60745.0,183916.0,43766.4565313004,1
4110656,Iracema do Oeste,PR,Paraná,Sul,Oeste Paranaense,Toledo,2216.0,194366.0,17443.0,124699.0,6051.0,37051.0,87710.28880866426,0
4110706,Irati,PR,Paraná,Sul,Sudeste Paranaense,Irati,61439.0,2286211.0,272816.0,504800.0,267646.0,938754.0,37211.07114373607,1
4110805,Iretama,PR,Paraná,Sul,Centro Ocidental Paranaense,Campo Mourão,10029.0,354163.0,57769.0,135313.0,13045.0,124126.0,35313.88971981254,0
4110904,Itaguajé,PR,Paraná,Sul,Norte Central Paranaense,Astorga,4426.0,121778.0,28037.0,53336.0,4008.0,30081.0,27514.23407139629,0
4110953,Itaipulândia,PR,Paraná,Sul,Oeste Paranaense,Foz do Iguaçu,11588.0,524784.0,93126.0,149413.0,99156.0,142583.0,45286.8484639282,1
4111001,Itambaracá,PR,Paraná,Sul,Norte Pioneiro Paranaense,Cornélio Procópio,6516.0,223622.0,33895.0,106051.0,19060.0,52654.0,34318.90730509515,0
4111100,Itambé,PR,Paraná,Sul,Norte Central Paranaense,Floraí,6110.0,228333.0,34396.0,98249.0,10990.0,69347.0,37370.37643207856,0
4111209,Itapejara d'Oeste,PR,Paraná,Sul,Sudoeste Paranaense,Pato Branco,12220.0,753014.0,60657.0,173751.0,195557.0,247352.0,61621.44026186579,1
4111258,Itaperuçu,PR,Paraná,Sul,Metropolitana de Curitiba,Curitiba,29493.0,626927.0,133057.0,53165.0,128698.0,247633.0,21256.80669989489,1
4111308,Itaúna do Sul,PR,Paraná,Sul,Noroeste Paranaense,Paranavaí,2700.0,87750.0,18501.0,14295.0,8834.0,35779.0,32500.0,0
4111407,Ivaí,PR,Paraná,Sul,Sudeste Paranaense,Prudentópolis,14049.0,497707.0,61001.0,215149.0,69085.0,118415.0,35426.5072247135,1
4111506,Ivaiporã,PR,Paraná,Sul,Norte Central Paranaense,Ivaiporã,31886.0,947821.0,153085.0,148004.0,52882.0,504900.0,29725.30264065734,1
4111555,Ivaté,PR,Paraná,Sul,Noroeste Paranaense,Umuarama,8294.0,203930.0,43275.0,46070.0,42338.0,58861.0,24587.65372558476,0
4111605,Ivatuba,PR,Paraná,Sul,Norte Central Paranaense,Floraí,3299.0,143593.0,20649.0,49911.0,4429.0,60017.0,43526.22006668688,0
4111704,Jaboti,PR,Paraná,Sul,Norte Pioneiro Paranaense,Ibaiti,5332.0,160051.0,28441.0,79038.0,7861.0,37426.0,30017.066766691674,0
4111803,Jacarezinho,PR,Paraná,Sul,Norte Pioneiro Paranaense,Jacarezinho,39268.0,1598029.0,198992.0,176805.0,420022.0,637063.0,40695.45176734237,1
4111902,Jaguapitã,PR,Paraná,Sul,Norte Central Paranaense,Astorga,13861.0,1049382.0,76076.0,154969.0,382480.0,324993.0,75707.5247096169,1
4112009,Jaguariaíva,PR,Paraná,Sul,Centro Oriental Paranaense,Jaguariaíva,35192.0,1788853.0,182517.0,238686.0,646482.0,421478.0,50831.24005455786,1
4112108,Jandaia do Sul,PR,Paraná,Sul,Norte Central Paranaense,Apucarana,21281.0,790155.0,109026.0,64851.0,142220.0,356678.0,37129.5991729712,1
4112207,Janiópolis,PR,Paraná,Sul,Centro Ocidental Paranaense,Goioerê,4948.0,241936.0,31765.0,128426.0,8131.0,61263.0,48895.715440582055,0
4112306,Japira,PR,Paraná,Sul,Norte Pioneiro Paranaense,Ibaiti,4929.0,163418.0,28865.0,101141.0,5238.0,22969.0,33154.39237167782,0
4112405,Japurá,PR,Paraná,Sul,Noroeste Paranaense,Cianorte,9573.0,321178.0,47535.0,67080.0,43049.0,123927.0,33550.402172777605,0
4112504,Jardim Alegre,PR,Paraná,Sul,Norte Central Paranaense,Ivaiporã,11067.0,374099.0,57504.0,107821.0,31739.0,145535.0,33803.10834011024,0
4112603,Jardim Olinda,PR,Paraná,Sul,Noroeste Paranaense,Paranavaí,1309.0,57044.0,12086.0,27927.0,5197.0,8700.0,43578.304048892285,0
4112702,Jataizinho,PR,Paraná,Sul,Norte Pioneiro Paranaense,Assaí,12687.0,282676.0,71168.0,62927.0,23121.0,103677.0,22280.759832899817,0
4112751,Jesuítas,PR,Paraná,Sul,Oeste Paranaense,Toledo,8251.0,441972.0,46752.0,150716.0,71730.0,134482.0,53565.870803538965,0
4112801,Joaquim Távora,PR,Paraná,Sul,Norte Pioneiro Paranaense,Wenceslau Braz,12108.0,680977.0,61403.0,78488.0,225950.0,242115.0,56241.90617773373,1
4112900,Jundiaí do Sul,PR,Paraná,Sul,Norte Pioneiro Paranaense,Jacarezinho,3248.0,128060.0,21198.0,80431.0,4459.0,18034.0,39427.33990147783,0
4112959,Juranda,PR,Paraná,Sul,Centro Ocidental Paranaense,Goioerê,7244.0,440931.0,38579.0,196901.0,18487.0,151211.0,60868.44284925456,0
4113007,Jussara,PR,Paraná,Sul,Noroeste Paranaense,Cianorte,7069.0,405133.0,43887.0,72621.0,77982.0,167351.0,57311.21799405856,0
4113106,Kaloré,PR,Paraná,Sul,Norte Central Paranaense,Faxinal,3996.0,165650.0,25149.0,69414.0,8030.0,52171.0,41453.95395395396,0
4113205,Lapa,PR,Paraná,Sul,Metropolitana de Curitiba,Lapa,48651.0,2841179.0,241810.0,520135.0,924291.0,870209.0,58399.190150253846,1
4113254,Laranjal,PR,Paraná,Sul,Centro-Sul Paranaense,Pitanga,5719.0,113016.0,29347.0,54581.0,3015.0,21080.0,19761.496765168737,0
4113304,Laranjeiras do Sul,PR,Paraná,Sul,Centro-Sul Paranaense,Guarapuava,32167.0,1027729.0,151572.0,189234.0,110914.0,465798.0,31949.79326639102,1
4113403,Leópolis,PR,Paraná,Sul,Norte Pioneiro Paranaense,Cornélio Procópio,3896.0,227372.0,26193.0,149004.0,7565.0,36126.0,58360.369609856265,0
4113429,Lidianópolis,PR,Paraná,Sul,Norte Central Paranaense,Ivaiporã,3155.0,125681.0,21818.0,57067.0,5246.0,34377.0,39835.499207606976,0
4113452,Lindoeste,PR,Paraná,Sul,Oeste Paranaense,Cascavel,4488.0,200871.0,30975.0,83130.0,10496.0,61164.0,44757.35294117647,0
4113502,Loanda,PR,Paraná,Sul,Noroeste Paranaense,Paranavaí,23393.0,697950.0,110714.0,68566.0,149006.0,295961.0,29835.848330697216,1
4113601,Lobato,PR,Paraná,Sul,Norte Central Paranaense,Astorga,4850.0,215564.0,29830.0,64969.0,39903.0,63501.0,44446.18556701031,0
4113700,Londrina,PR,Paraná,Sul,Norte Central Paranaense,Londrina,580870.0,23603698.0,2807273.0,529678.0,4346561.0,12880750.0,40635.07841685748,1
4113734,Luiziana,PR,Paraná,Sul,Centro Ocidental Paranaense,Campo Mourão,7217.0,546858.0,43415.0,333020.0,16282.0,122441.0,75773.59013440488,0
4113759,Lunardelli,PR,Paraná,Sul,Norte Central Paranaense,Ivaiporã,4695.0,142210.0,27193.0,63875.0,5933.0,37936.0,30289.669861554845,0
4113809,Lupionópolis,PR,Paraná,Sul,Norte Central Paranaense,Astorga,4969.0,131498.0,29386.0,35068.0,8806.0,47727.0,26463.674783658684,0
4113908,Mallet,PR,Paraná,Sul,Sudeste Paranaense,Irati,13697.0,758397.0,70817.0,207590.0,243266.0,162104.0,55369.56997882748,1
4114005,Mamborê,PR,Paraná,Sul,Centro Ocidental Paranaense,Campo Mourão,12900.0,793177.0,77962.0,378550.0,31894.0,245118.0,61486.58914728682,1
4114104,Mandaguaçu,PR,Paraná,Sul,Norte Central Paranaense,Astorga,23373.0,687733.0,113990.0,140404.0,75552.0,294945.0,29424.250203225944,1
4114203,Mandaguari,PR,Paraná,Sul,Norte Central Paranaense,Maringá,34628.0,1835706.0,180325.0,248432.0,553040.0,584091.0,53012.18666974703,1
4114302,Mandirituba,PR,Paraná,Sul,Metropolitana de Curitiba,Curitiba,27750.0,665013.0,139851.0,90686.0,123104.0,240245.0,23964.432432432437,1
4114351,Manfrinópolis,PR,Paraná,Sul,Sudoeste Paranaense,Francisco Beltrão,2442.0,81472.0,17250.0,47357.0,3651.0,9666.0,33362.81736281736,0
4114401,Mangueirinha,PR,Paraná,Sul,Centro-Sul Paranaense,Palmas,16572.0,1773268.0,102783.0,345650.0,931337.0,321098.0,107003.86193579531,1
4114500,Manoel Ribas,PR,Paraná,Sul,Norte Central Paranaense,Ivaiporã,13517.0,531488.0,68739.0,210343.0,19582.0,189393.0,39319.96744839831,1
4114609,Marechal Cândido Rondon,PR,Paraná,Sul,Oeste Paranaense,Toledo,54031.0,2923749.0,316083.0,402858.0,596751.0,1159065.0,54112.43545372101,1
4114708,Maria Helena,PR,Paraná,Sul,Noroeste Paranaense,Umuarama,5593.0,134443.0,30380.0,62158.0,8429.0,27083.0,24037.725728589307,0
4114807,Marialva,PR,Paraná,Sul,Norte Central Paranaense,Maringá,36103.0,2654433.0,195926.0,213750.0,775746.0,1135218.0,73523.88998144199,1
4114906,Marilândia do Sul,PR,Paraná,Sul,Norte Central Paranaense,Apucarana,8793.0,466433.0,45343.0,248064.0,21509.0,120931.0,53045.94563857614,0
4115002,Marilena,PR,Paraná,Sul,Noroeste Paranaense,Paranavaí,7093.0,174490.0,36465.0,60446.0,18341.0,48707.0,24600.31016495136,0
4115101,Mariluz,PR,Paraná,Sul,Noroeste Paranaense,Umuarama,10327.0,284359.0,49974.0,122510.0,20163.0,75142.0,27535.48949356057,0
4115200,Maringá,PR,Paraná,Sul,Norte Central Paranaense,Maringá,436472.0,22655738.0,2276663.0,172761.0,3810259.0,12773898.0,51906.50946681574,1
4115309,Mariópolis,PR,Paraná,Sul,Sudoeste Paranaense,Pato Branco,6655.0,439911.0,37734.0,201467.0,25949.0,130515.0,66102.3290758828,0
4115358,Maripá,PR,Paraná,Sul,Oeste Paranaense,Toledo,5562.0,478110.0,39773.0,221211.0,46594.0,130832.0,85960.08629989212,0
4115408,Marmeleiro,PR,Paraná,Sul,Sudoeste Paranaense,Francisco Beltrão,14407.0,635104.0,79633.0,188979.0,57231.0,237898.0,44083.015200943984,1
4115457,Marquinho,PR,Paraná,Sul,Centro-Sul Paranaense,Guarapuava,4283.0,111454.0,24264.0,60202.0,3718.0,18454.0,26022.41419565725,0
4115507,Marumbi,PR,Paraná,Sul,Norte Central Paranaense,Faxinal,4676.0,103451.0,27160.0,41168.0,3658.0,25663.0,22123.82378100941,0
4115606,Matelândia,PR,Paraná,Sul,Oeste Paranaense,Foz do Iguaçu,18266.0,1096366.0,100838.0,240536.0,350088.0,282710.0,60022.22708857987,1
4115705,Matinhos,PR,Paraná,Sul,Metropolitana de Curitiba,Paranaguá,35705.0,892232.0,222353.0,2138.0,100643.0,495948.0,24988.993138215938,1
4115739,Mato Rico,PR,Paraná,Sul,Centro-Sul Paranaense,Pitanga,3142.0,123187.0,24051.0,75501.0,3830.0,16206.0,39206.55633354552,0
4115754,Mauá da Serra,PR,Paraná,Sul,Norte Central Paranaense,Apucarana,10994.0,373698.0,55488.0,79540.0,84767.0,110492.0,33991.08604693469,0
4115804,Medianeira,PR,Paraná,Sul,Oeste Paranaense,Foz do Iguaçu,46940.0,2442040.0,232621.0,204567.0,649314.0,1028150.0,52024.71239880699,1
4115853,Mercedes,PR,Paraná,Sul,Oeste Paranaense,Toledo,5617.0,278211.0,42855.0,90974.0,22880.0,92503.0,49530.17625066762,0
4115903,Mirador,PR,Paraná,Sul,Noroeste Paranaense,Paranavaí,2180.0,126635.0,18226.0,82064.0,6845.0,15336.0,58089.4495412844,0
4116000,Miraselva,PR,Paraná,Sul,Norte Central Paranaense,Porecatu,1786.0,52324.0,15452.0,21784.0,1444.0,11508.0,29296.752519596863,0
4116059,Missal,PR,Paraná,Sul,Oeste Paranaense,Foz do Iguaçu,10706.0,466420.0,76439.0,189917.0,25758.0,139273.0,43566.224546983,0
4116109,Moreira Sales,PR,Paraná,Sul,Centro Ocidental Paranaense,Goioerê,11966.0,306144.0,65108.0,107788.0,16410.0,98336.0,25584.489386595356,0
4116208,Morretes,PR,Paraná,Sul,Metropolitana de Curitiba,Paranaguá,16485.0,389211.0,89067.0,70268.0,31512.0,164931.0,23610.009099181072,0
4116307,Munhoz de Melo,PR,Paraná,Sul,Norte Central Paranaense,Astorga,4034.0,136929.0,24846.0,78939.0,4183.0,22162.0,33943.72830937035,0
4116406,Nossa Senhora das Graças,PR,Paraná,Sul,Norte Central Paranaense,Astorga,4009.0,99515.0,24483.0,46101.0,2725.0,21677.0,24822.898478423547,0
4116505,Nova Aliança do Ivaí,PR,Paraná,Sul,Noroeste Paranaense,Paranavaí,1560.0,51926.0,14363.0,24994.0,1714.0,9143.0,33285.89743589744,0
4116604,Nova América da Colina,PR,Paraná,Sul,Norte Pioneiro Paranaense,Cornélio Procópio,3424.0,97600.0,19990.0,49258.0,3891.0,20506.0,28504.672897196266,0
4116703,Nova Aurora,PR,Paraná,Sul,Oeste Paranaense,Cascavel,10131.0,819755.0,61741.0,322643.0,94743.0,262939.0,80915.50686013227,1
4116802,Nova Cantu,PR,Paraná,Sul,Centro Ocidental Paranaense,Goioerê,4827.0,348087.0,32819.0,191391.0,12365.0,92098.0,72112.4922311995,0
4116901,Nova Esperança,PR,Paraná,Sul,Norte Central Paranaense,Astorga,28062.0,943181.0,138361.0,162071.0,158375.0,380477.0,33610.61221580785,1
4116950,Nova Esperança do Sudoeste,PR,Paraná,Sul,Sudoeste Paranaense,Francisco Beltrão,5014.0,164792.0,30920.0,80933.0,8916.0,31937.0,32866.374152373355,0
4117008,Nova Fátima,PR,Paraná,Sul,Norte Pioneiro Paranaense,Cornélio Procópio,8120.0,314928.0,44556.0,114884.0,21649.0,105070.0,38784.23645320197,0
4117057,Nova Laranjeiras,PR,Paraná,Sul,Centro-Sul Paranaense,Guarapuava,11462.0,308284.0,57857.0,147620.0,9799.0,73863.0,26896.178677368694,0
4117107,Nova Londrina,PR,Paraná,Sul,Noroeste Paranaense,Paranavaí,13188.0,442935.0,68302.0,32686.0,84966.0,199081.0,33586.21474067334,0
4117206,Nova Olímpia,PR,Paraná,Sul,Noroeste Paranaense,Umuarama,5846.0,109207.0,30512.0,29924.0,6948.0,34857.0,18680.63633253507,0
4117214,Nova Santa Bárbara,PR,Paraná,Sul,Norte Pioneiro Paranaense,Assaí,4304.0,110742.0,26452.0,39461.0,4005.0,33975.0,25730.018587360595,0
4117222,Nova Santa Rosa,PR,Paraná,Sul,Oeste Paranaense,Toledo,8311.0,439747.0,47149.0,165127.0,46636.0,136684.0,52911.44266634581,0
4117255,Nova Prata do Iguaçu,PR,Paraná,Sul,Sudoeste Paranaense,Francisco Beltrão,10540.0,492498.0,63495.0,213068.0,38038.0,140879.0,46726.56546489563,1
4117271,Nova Tebas,PR,Paraná,Sul,Norte Central Paranaense,Ivaiporã,5252.0,189788.0,36981.0,91302.0,5936.0,45010.0,36136.329017517135,0
4117297,Novo Itacolomi,PR,Paraná,Sul,Norte Central Paranaense,Apucarana,2836.0,91407.0,19864.0,43906.0,5066.0,17807.0,32230.95909732017,0
4117305,Ortigueira,PR,Paraná,Sul,Centro Oriental Paranaense,Telêmaco Borba,21783.0,2726430.0,131232.0,352475.0,1584559.0,434562.0,125163.20066106596,1
4117404,Ourizona,PR,Paraná,Sul,Norte Central Paranaense,Floraí,3423.0,166696.0,21600.0,86417.0,5874.0,42791.0,48698.80222027461,0
4117453,Ouro Verde do Oeste,PR,Paraná,Sul,Oeste Paranaense,Toledo,6036.0,318622.0,35380.0,167025.0,23468.0,69363.0,52786.94499668655,0
4117503,Paiçandu,PR,Paraná,Sul,Norte Central Paranaense,Maringá,42251.0,1057696.0,203270.0,67137.0,193441.0,487452.0,25033.632340062955,1
4117602,Palmas,PR,Paraná,Sul,Centro-Sul Paranaense,Palmas,52503.0,1616525.0,239151.0,220122.0,439630.0,553787.0,30789.192998495324,1
4117701,Palmeira,PR,Paraná,Sul,Centro Oriental Paranaense,Ponta Grossa,34109.0,1642026.0,174052.0,447202.0,291689.0,539660.0,48140.54941511039,1
4117800,Palmital,PR,Paraná,Sul,Centro-Sul Paranaense,Pitanga,12755.0,330837.0,63350.0,115135.0,19457.0,109376.0,25937.82830262642,0
4117909,Palotina,PR,Paraná,Sul,Oeste Paranaense,Toledo,32389.0,2815815.0,175284.0,447986.0,743747.0,1088132.0,86937.3861496187,1
4118006,Paraíso do Norte,PR,Paraná,Sul,Noroeste Paranaense,Paranavaí,14211.0,377239.0,68853.0,42685.0,73119.0,145635.0,26545.56329603828,0
4118105,Paranacity,PR,Paraná,Sul,Noroeste Paranaense,Paranavaí,11685.0,325522.0,56617.0,62878.0,68968.0,113243.0,27858.10868635002,0
4118204,Paranaguá,PR,Paraná,Sul,Metropolitana de Curitiba,Paranaguá,157378.0,13646908.0,919806.0,16668.0,3084711.0,7071371.0,86714.20401835072,1
4118303,Paranapoema,PR,Paraná,Sul,Noroeste Paranaense,Paranavaí,3277.0,92021.0,17529.0,44158.0,2355.0,21740.0,28080.86664632285,0
4118402,Paranavaí,PR,Paraná,Sul,Noroeste Paranaense,Paranavaí,89454.0,3179798.0,437670.0,363906.0,583753.0,1447194.0,35546.73910613276,1
4118451,Pato Bragado,PR,Paraná,Sul,Oeste Paranaense,Toledo,5755.0,243483.0,45182.0,86407.0,36130.0,59458.0,42308.07993049522,0
4118501,Pato Branco,PR,Paraná,Sul,Sudoeste Paranaense,Pato Branco,84779.0,4548086.0,467787.0,408866.0,744834.0,2254043.0,53646.37469184586,1
4118600,Paula Freitas,PR,Paraná,Sul,Sudeste Paranaense,União da Vitória,5942.0,439962.0,32735.0,194529.0,24451.0,148287.0,74042.74654998317,0
4118709,Paulo Frontin,PR,Paraná,Sul,Sudeste Paranaense,União da Vitória,7418.0,396724.0,40793.0,202961.0,22535.0,102995.0,53481.26179563224,0
4118808,Peabiru,PR,Paraná,Sul,Centro Ocidental Paranaense,Campo Mourão,14017.0,454229.0,70771.0,200983.0,17227.0,133372.0,32405.578939858744,0
4118857,Perobal,PR,Paraná,Sul,Noroeste Paranaense,Umuarama,6194.0,281883.0,37064.0,142356.0,27833.0,59391.0,45509.04100742654,0
4118907,Pérola,PR,Paraná,Sul,Noroeste Paranaense,Umuarama,11406.0,359685.0,60220.0,41699.0,127884.0,109917.0,31534.71856917412,0
4119004,Pérola d'Oeste,PR,Paraná,Sul,Sudoeste Paranaense,Capanema,6232.0,237952.0,33318.0,100429.0,9307.0,76574.0,38182.28498074455,0
4119103,Piên,PR,Paraná,Sul,Metropolitana de Curitiba,Rio Negro,13015.0,919729.0,69065.0,182050.0,414977.0,145384.0,70666.84594698425,1
4119152,Pinhais,PR,Paraná,Sul,Metropolitana de Curitiba,Curitiba,134788.0,7962954.0,667411.0,4480.0,1783687.0,3693100.0,59077.61818559516,1
4119202,Pinhalão,PR,Paraná,Sul,Norte Pioneiro Paranaense,Ibaiti,6323.0,251475.0,34323.0,137423.0,22151.0,48388.0,39771.46923928515,0
4119251,Pinhal de São Bento,PR,Paraná,Sul,Sudoeste Paranaense,Francisco Beltrão,2742.0,80246.0,17227.0,30967.0,6084.0,22604.0,29265.499635302695,0
4119301,Pinhão,PR,Paraná,Sul,Centro-Sul Paranaense,Guarapuava,32722.0,1794773.0,162691.0,367395.0,960323.0,246438.0,54849.122914247295,1
4119400,Piraí do Sul,PR,Paraná,Sul,Centro Oriental Paranaense,Jaguariaíva,25779.0,1191670.0,145264.0,420693.0,276399.0,257060.0,46226.38581791381,1
4119509,Piraquara,PR,Paraná,Sul,Metropolitana de Curitiba,Curitiba,116852.0,1543847.0,513814.0,62570.0,165151.0,615590.0,13211.986102077844,1
4119608,Pitanga,PR,Paraná,Sul,Centro-Sul Paranaense,Pitanga,29686.0,1140790.0,148003.0,359232.0,102086.0,441483.0,38428.55217947855,1
4119657,Pitangueiras,PR,Paraná,Sul,Norte Central Paranaense,Londrina,3298.0,121843.0,21537.0,62547.0,3369.0,27944.0,36944.51182534869,0
4119707,Planaltina do Paraná,PR,Paraná,Sul,Noroeste Paranaense,Paranavaí,4281.0,103914.0,25925.0,31476.0,11426.0,27985.0,24273.300630693764,0
4119806,Planalto,PR,Paraná,Sul,Sudoeste Paranaense,Capanema,13385.0,425326.0,64200.0,145713.0,47649.0,130236.0,31776.316772506536,0
4119905,Ponta Grossa,PR,Paraná,Sul,Centro Oriental Paranaense,Ponta Grossa,358838.0,19490249.0,1685114.0,334284.0,6532268.0,7693079.0,54314.89697300732,1
4119954,Pontal do Paraná,PR,Paraná,Sul,Metropolitana de Curitiba,Paranaguá,28529.0,653317.0,176181.0,4517.0,68288.0,351069.0,22900.101650951663,1
4120002,Porecatu,PR,Paraná,Sul,Norte Central Paranaense,Porecatu,12587.0,554196.0,65161.0,131803.0,178491.0,152261.0,44029.23651386351,1
4120101,Porto Amazonas,PR,Paraná,Sul,Metropolitana de Curitiba,Lapa,4899.0,163131.0,28734.0,47941.0,30170.0,34766.0,33298.83649724434,0
4120150,Porto Barreiro,PR,Paraná,Sul,Centro-Sul Paranaense,Guarapuava,3133.0,170013.0,22013.0,91064.0,3658.0,42303.0,54265.240983083306,0
4120200,Porto Rico,PR,Paraná,Sul,Noroeste Paranaense,Paranavaí,2554.0,108611.0,24506.0,17173.0,7926.0,50463.0,42525.84181675802,0
4120309,Porto Vitória,PR,Paraná,Sul,Sudeste Paranaense,União da Vitória,4057.0,98738.0,23660.0,46098.0,7941.0,16534.0,24337.687946758688,0
4120333,Prado Ferreira,PR,Paraná,Sul,Norte Central Paranaense,Porecatu,3806.0,170927.0,24982.0,58657.0,20456.0,46440.0,44909.87913820284,0
4120358,Pranchita,PR,Paraná,Sul,Sudoeste Paranaense,Capanema,5035.0,329443.0,34338.0,124246.0,44829.0,98233.0,65430.58589870904,0
4120408,Presidente Castelo Branco,PR,Paraná,Sul,Norte Central Paranaense,Astorga,5395.0,147400.0,28751.0,52329.0,7209.0,47118.0,27321.59406858202,0
4120507,Primeiro de Maio,PR,Paraná,Sul,Norte Central Paranaense,Porecatu,11138.0,371262.0,59581.0,131100.0,30915.0,119967.0,33332.914347279584,0
4120606,Prudentópolis,PR,Paraná,Sul,Sudeste Paranaense,Prudentópolis,52776.0,1571730.0,235553.0,590078.0,132978.0,491501.0,29781.150522964985,1
4120655,Quarto Centenário,PR,Paraná,Sul,Centro Ocidental Paranaense,Goioerê,4420.0,363003.0,30103.0,216994.0,22267.0,74155.0,82127.37556561086,0
4120705,Quatiguá,PR,Paraná,Sul,Norte Pioneiro Paranaense,Wenceslau Braz,7504.0,212114.0,42877.0,40237.0,16949.0,88579.0,28266.79104477612,0
4120804,Quatro Barras,PR,Paraná,Sul,Metropolitana de Curitiba,Curitiba,24253.0,1941120.0,144992.0,6092.0,593342.0,647594.0,80036.28417103039,1
4120853,Quatro Pontes,PR,Paraná,Sul,Oeste Paranaense,Toledo,4043.0,253567.0,28399.0,103789.0,43399.0,57388.0,62717.5364828098,0
4120903,Quedas do Iguaçu,PR,Paraná,Sul,Centro-Sul Paranaense,Guarapuava,34707.0,1466517.0,164753.0,215736.0,706653.0,297689.0,42254.21384735068,1
4121000,Querência do Norte,PR,Paraná,Sul,Noroeste Paranaense,Paranavaí,12257.0,261216.0,61079.0,86166.0,11706.0,82397.0,21311.577058007668,0
4121109,Quinta do Sol,PR,Paraná,Sul,Centro Ocidental Paranaense,Campo Mourão,4444.0,257471.0,26276.0,137817.0,8349.0,68653.0,57936.76867686769,0
4121208,Quitandinha,PR,Paraná,Sul,Metropolitana de Curitiba,Rio Negro,19388.0,509137.0,94908.0,191101.0,40636.0,144915.0,26260.41881576233,1
4121257,Ramilândia,PR,Paraná,Sul,Oeste Paranaense,Foz do Iguaçu,4500.0,113774.0,26268.0,52603.0,8019.0,21351.0,25283.11111111111,0
4121307,Rancho Alegre,PR,Paraná,Sul,Norte Pioneiro Paranaense,Assaí,3760.0,185651.0,24028.0,102585.0,12332.0,38598.0,49375.265957446805,0
4121356,Rancho Alegre D'Oeste,PR,Paraná,Sul,Centro Ocidental Paranaense,Goioerê,2602.0,234807.0,20592.0,139734.0,19849.0,43343.0,90240.96848578016,0
4121406,Realeza,PR,Paraná,Sul,Sudoeste Paranaense,Capanema,16976.0,743082.0,84739.0,171980.0,73303.0,334125.0,43772.50235626767,1
4121505,Rebouças,PR,Paraná,Sul,Sudeste Paranaense,Irati,14991.0,536432.0,77435.0,245090.0,62845.0,123751.0,35783.603495430594,1
4121604,Renascença,PR,Paraná,Sul,Sudoeste Paranaense,Francisco Beltrão,6772.0,422523.0,35959.0,212346.0,27168.0,112378.0,62392.64619019492,0
4121703,Reserva,PR,Paraná,Sul,Centro Oriental Paranaense,Telêmaco Borba,26933.0,757378.0,122971.0,305688.0,43418.0,231693.0,28120.81832695949,1
4121752,Reserva do Iguaçu,PR,Paraná,Sul,Centro-Sul Paranaense,Guarapuava,8127.0,260028.0,45120.0,147293.0,19022.0,39550.0,31995.57032115172,0
4121802,Ribeirão Claro,PR,Paraná,Sul,Norte Pioneiro Paranaense,Jacarezinho,10622.0,383691.0,66225.0,94301.0,77692.0,120801.0,36122.29335341744,0
4121901,Ribeirão do Pinhal,PR,Paraná,Sul,Norte Pioneiro Paranaense,Cornélio Procópio,12869.0,338041.0,65438.0,81410.0,54721.0,115235.0,26267.85298002953,0
4122008,Rio Azul,PR,Paraná,Sul,Sudeste Paranaense,Irati,15433.0,729564.0,77570.0,376924.0,92358.0,139733.0,47272.98645759088,1
4122107,Rio Bom,PR,Paraná,Sul,Norte Central Paranaense,Faxinal,3162.0,104362.0,20645.0,56390.0,4684.0,18816.0,33005.06008855155,0
4122156,Rio Bonito do Iguaçu,PR,Paraná,Sul,Centro-Sul Paranaense,Guarapuava,13240.0,441514.0,68971.0,219281.0,12649.0,112201.0,33346.978851963744,0
4122172,Rio Branco do Ivaí,PR,Paraná,Sul,Norte Central Paranaense,Ivaiporã,4121.0,115554.0,25687.0,46704.0,4952.0,31445.0,28040.28148507644,0
4122206,Rio Branco do Sul,PR,Paraná,Sul,Metropolitana de Curitiba,Curitiba,32635.0,1375599.0,182478.0,72357.0,760895.0,283245.0,42151.034165772944,1
4122305,Rio Negro,PR,Paraná,Sul,Metropolitana de Curitiba,Rio Negro,34645.0,1298354.0,166844.0,160343.0,404231.0,424438.0,37475.94169432818,1
4122404,Rolândia,PR,Paraná,Sul,Norte Central Paranaense,Londrina,68165.0,3574945.0,351059.0,267983.0,1201520.0,1328014.0,52445.46321425952,1
4122503,Roncador,PR,Paraná,Sul,Centro Ocidental Paranaense,Campo Mourão,9447.0,598091.0,54251.0,306950.0,21560.0,174745.0,63310.15137080555,1
4122602,Rondon,PR,Paraná,Sul,Noroeste Paranaense,Cianorte,9664.0,350064.0,49634.0,111022.0,71058.0,93652.0,36223.50993377483,0
4122651,Rosário do Ivaí,PR,Paraná,Sul,Norte Central Paranaense,Ivaiporã,4595.0,129868.0,28308.0,55080.0,6462.0,33099.0,28262.894450489664,0
4122701,Sabáudia,PR,Paraná,Sul,Norte Central Paranaense,Apucarana,6954.0,705318.0,43182.0,107204.0,223254.0,250641.0,101426.22950819672,1
4122800,Salgado Filho,PR,Paraná,Sul,Sudoeste Paranaense,Francisco Beltrão,3389.0,124341.0,21799.0,70227.0,5244.0,21412.0,36689.58394806727,0
4122909,Salto do Itararé,PR,Paraná,Sul,Norte Pioneiro Paranaense,Wenceslau Braz,4862.0,103656.0,27173.0,47183.0,3867.0,21955.0,21319.621554915677,0
4123006,Salto do Lontra,PR,Paraná,Sul,Sudoeste Paranaense,Francisco Beltrão,14957.0,529891.0,71900.0,196070.0,82370.0,144528.0,35427.62586080096,1
4123105,Santa Amélia,PR,Paraná,Sul,Norte Pioneiro Paranaense,Cornélio Procópio,3208.0,100856.0,19788.0,41455.0,10726.0,24075.0,31438.902743142145,0
4123204,Santa Cecília do Pavão,PR,Paraná,Sul,Norte Pioneiro Paranaense,Assaí,3253.0,153510.0,21842.0,46765.0,20230.0,53864.0,47190.28588994774,0
4123303,Santa Cruz de Monte Castelo,PR,Paraná,Sul,Noroeste Paranaense,Paranavaí,7705.0,375096.0,42024.0,185814.0,24429.0,100025.0,48682.15444516548,0
4123402,Santa Fé,PR,Paraná,Sul,Norte Central Paranaense,Astorga,12330.0,319674.0,57614.0,86999.0,39833.0,110150.0,25926.520681265207,0
4123501,Santa Helena,PR,Paraná,Sul,Oeste Paranaense,Toledo,27036.0,1465191.0,174431.0,428588.0,268848.0,460882.0,54194.07456724368,1
4123600,Santa Inês,PR,Paraná,Sul,Norte Central Paranaense,Astorga,1568.0,51485.0,14843.0,21604.0,2192.0,11103.0,32834.82142857143,0
4123709,Santa Isabel do Ivaí,PR,Paraná,Sul,Noroeste Paranaense,Paranavaí,8484.0,253123.0,44318.0,50106.0,31798.0,100451.0,29835.33710513909,0
4123808,Santa Izabel do Oeste,PR,Paraná,Sul,Sudoeste Paranaense,Capanema,14924.0,466992.0,70570.0,205617.0,35281.0,123660.0,31291.34280353793,0
4123824,Santa Lúcia,PR,Paraná,Sul,Oeste Paranaense,Cascavel,3795.0,140108.0,23496.0,55731.0,9014.0,40809.0,36919.10408432147,0
4123857,Santa Maria do Oeste,PR,Paraná,Sul,Centro-Sul Paranaense,Pitanga,9210.0,267310.0,49234.0,131410.0,13585.0,57279.0,29023.887079261676,0
4123907,Santa Mariana,PR,Paraná,Sul,Norte Pioneiro Paranaense,Cornélio Procópio,11523.0,493066.0,60071.0,229735.0,37091.0,136378.0,42789.72489803003,1
4123956,Santa Mônica,PR,Paraná,Sul,Noroeste Paranaense,Paranavaí,4052.0,91009.0,24482.0,33299.0,7735.0,18513.0,22460.266535044422,0
4124004,Santana do Itararé,PR,Paraná,Sul,Norte Pioneiro Paranaense,Wenceslau Braz,4916.0,171601.0,29383.0,90255.0,8759.0,35354.0,34906.63140764849,0
4124020,Santa Tereza do Oeste,PR,Paraná,Sul,Oeste Paranaense,Cascavel,10055.0,582095.0,59740.0,147054.0,163309.0,150886.0,57891.09895574341,1
4124053,Santa Terezinha de Itaipu,PR,Paraná,Sul,Oeste Paranaense,Foz do Iguaçu,23927.0,687337.0,122057.0,119495.0,63243.0,302584.0,28726.41785430685,1
4124103,Santo Antônio da Platina,PR,Paraná,Sul,Norte Pioneiro Paranaense,Jacarezinho,46503.0,1505597.0,213659.0,223510.0,167429.0,705008.0,32376.34131131325,1
4124202,Santo Antônio do Caiuá,PR,Paraná,Sul,Noroeste Paranaense,Paranavaí,2611.0,54056.0,18263.0,18654.0,2208.0,12681.0,20703.17885867484,0
4124301,Santo Antônio do Paraíso,PR,Paraná,Sul,Norte Pioneiro Paranaense,Cornélio Procópio,2032.0,106892.0,18687.0,54728.0,8778.0,20338.0,52604.330708661415,0
4124400,Santo Antônio do Sudoeste,PR,Paraná,Sul,Sudoeste Paranaense,Francisco Beltrão,20354.0,648290.0,97390.0,192802.0,110314.0,201078.0,31850.741868920115,1
4124509,Santo Inácio,PR,Paraná,Sul,Norte Central Paranaense,Astorga,5422.0,532112.0,34050.0,73589.0,225914.0,151080.0,98139.43194393213,1
4124608,São Carlos do Ivaí,PR,Paraná,Sul,Noroeste Paranaense,Paranavaí,6961.0,396026.0,39141.0,52617.0,183438.0,94381.0,56892.11320212613,0
4124707,São Jerônimo da Serra,PR,Paraná,Sul,Norte Pioneiro Paranaense,Assaí,11088.0,322891.0,56026.0,174570.0,10025.0,68292.0,29120.761183261184,0
4124806,São João,PR,Paraná,Sul,Sudoeste Paranaense,Pato Branco,10122.0,890618.0,58591.0,194521.0,199756.0,331015.0,87988.34222485675,1
4124905,São João do Caiuá,PR,Paraná,Sul,Noroeste Paranaense,Paranavaí,5819.0,154592.0,31450.0,61101.0,14923.0,35425.0,26566.764048805635,0
4125001,São João do Ivaí,PR,Paraná,Sul,Norte Central Paranaense,Ivaiporã,9897.0,361197.0,53133.0,136407.0,13519.0,131244.0,36495.60472870567,0
4125100,São João do Triunfo,PR,Paraná,Sul,Sudeste Paranaense,São Mateus do Sul,15359.0,579555.0,75582.0,365237.0,20749.0,94795.0,37733.90194674132,1
4125209,São Jorge d'Oeste,PR,Paraná,Sul,Sudoeste Paranaense,Francisco Beltrão,9005.0,473334.0,56540.0,220621.0,40563.0,120414.0,52563.46474181011,0
4125308,São Jorge do Ivaí,PR,Paraná,Sul,Norte Central Paranaense,Floraí,5535.0,401315.0,32620.0,213338.0,10353.0,116624.0,72504.96838301717,0
4125357,São Jorge do Patrocínio,PR,Paraná,Sul,Noroeste Paranaense,Umuarama,5532.0,145367.0,36314.0,47830.0,12208.0,39973.0,26277.47650036153,0
4125407,São José da Boa Vista,PR,Paraná,Sul,Norte Pioneiro Paranaense,Wenceslau Braz,6115.0,229785.0,34221.0,140451.0,9311.0,37411.0,37577.2690106296,0
4125456,São José das Palmeiras,PR,Paraná,Sul,Oeste Paranaense,Toledo,3601.0,99024.0,22887.0,39034.0,7584.0,23927.0,27499.02804776451,0
4125506,São José dos Pinhais,PR,Paraná,Sul,Metropolitana de Curitiba,Curitiba,334620.0,27008910.0,1790991.0,507222.0,7764413.0,9987464.0,80715.16944593868,1
4125555,São Manoel do Paraná,PR,Paraná,Sul,Noroeste Paranaense,Cianorte,2165.0,62338.0,19992.0,23364.0,3028.0,12156.0,28793.53348729792,0
4125605,São Mateus do Sul,PR,Paraná,Sul,Sudeste Paranaense,São Mateus do Sul,47137.0,1516858.0,211211.0,428567.0,192137.0,552476.0,32179.77385069054,1
4125704,São Miguel do Iguaçu,PR,Paraná,Sul,Oeste Paranaense,Foz do Iguaçu,27696.0,1470081.0,181006.0,492674.0,129742.0,524579.0,53079.18110918544,1
4125753,São Pedro do Iguaçu,PR,Paraná,Sul,Oeste Paranaense,Toledo,5745.0,247154.0,33265.0,122592.0,8639.0,66273.0,43020.7136640557,0
4125803,São Pedro do Ivaí,PR,Paraná,Sul,Norte Central Paranaense,Ivaiporã,11109.0,370121.0,52009.0,96031.0,63873.0,113895.0,33317.22027185165,0
4125902,São Pedro do Paraná,PR,Paraná,Sul,Noroeste Paranaense,Paranavaí,2265.0,90323.0,18540.0,23264.0,17043.0,23908.0,39877.704194260485,0
4126009,São Sebastião da Amoreira,PR,Paraná,Sul,Norte Pioneiro Paranaense,Assaí,8865.0,300152.0,44969.0,131633.0,11694.0,88250.0,33858.09362662154,0
4126108,São Tomé,PR,Paraná,Sul,Noroeste Paranaense,Cianorte,5778.0,163463.0,34210.0,63347.0,13869.0,39265.0,28290.584977500865,0
4126207,Sapopema,PR,Paraná,Sul,Norte Pioneiro Paranaense,Ibaiti,6708.0,153880.0,37603.0,55498.0,18014.0,32108.0,22939.773404889685,0
4126256,Sarandi,PR,Paraná,Sul,Norte Central Paranaense,Maringá,98888.0,2072735.0,459866.0,114883.0,317349.0,948404.0,20960.42998139309,1
4126272,Saudade do Iguaçu,PR,Paraná,Sul,Sudoeste Paranaense,Pato Branco,5578.0,786318.0,46562.0,53838.0,631299.0,42754.0,140967.730369308,1
4126306,Sengés,PR,Paraná,Sul,Centro Oriental Paranaense,Jaguariaíva,19441.0,664790.0,91411.0,175516.0,180896.0,155064.0,34195.25744560465,1
4126355,Serranópolis do Iguaçu,PR,Paraná,Sul,Oeste Paranaense,Foz do Iguaçu,4460.0,291329.0,33289.0,171489.0,8806.0,60183.0,65320.40358744394,0
4126405,Sertaneja,PR,Paraná,Sul,Norte Pioneiro Paranaense,Cornélio Procópio,5149.0,416451.0,37480.0,215491.0,29693.0,108785.0,80879.97669450378,0
4126504,Sertanópolis,PR,Paraná,Sul,Norte Central Paranaense,Porecatu,16456.0,690780.0,94505.0,168694.0,86587.0,274454.0,41977.39426349052,1
4126603,Siqueira Campos,PR,Paraná,Sul,Norte Pioneiro Paranaense,Wenceslau Braz,21476.0,706556.0,103399.0,128389.0,153892.0,258336.0,32899.795120134106,1
4126652,Sulina,PR,Paraná,Sul,Sudoeste Paranaense,Pato Branco,2880.0,158520.0,22010.0,79910.0,11679.0,34940.0,55041.66666666666,0
4126678,Tamarana,PR,Paraná,Sul,Norte Central Paranaense,Londrina,15277.0,391581.0,74328.0,147207.0,44359.0,99022.0,25632.061268573678,0
4126702,Tamboara,PR,Paraná,Sul,Noroeste Paranaense,Paranavaí,5196.0,126316.0,27346.0,38780.0,15285.0,32629.0,24310.238645111625,0
4126801,Tapejara,PR,Paraná,Sul,Noroeste Paranaense,Cianorte,16480.0,496650.0,87523.0,101722.0,109616.0,161423.0,30136.52912621359,1
4126900,Tapira,PR,Paraná,Sul,Noroeste Paranaense,Umuarama,5452.0,153423.0,30628.0,57915.0,9638.0,44613.0,28140.68231841526,0
4127007,Teixeira Soares,PR,Paraná,Sul,Sudeste Paranaense,Prudentópolis,12761.0,616404.0,61097.0,389144.0,24759.0,110095.0,48303.7379515712,1
4127106,Telêmaco Borba,PR,Paraná,Sul,Centro Oriental Paranaense,Telêmaco Borba,80588.0,4913441.0,384408.0,297368.0,2683081.0,1180581.0,60969.883853675485,1
4127205,Terra Boa,PR,Paraná,Sul,Centro Ocidental Paranaense,Campo Mourão,17304.0,569416.0,93077.0,140224.0,118096.0,173994.0,32906.611188164585,1
4127304,Terra Rica,PR,Paraná,Sul,Noroeste Paranaense,Paranavaí,17054.0,376155.0,85518.0,93884.0,45470.0,125658.0,22056.70223994371,0
4127403,Terra Roxa,PR,Paraná,Sul,Oeste Paranaense,Toledo,17562.0,896105.0,93656.0,346675.0,91834.0,287032.0,51025.22491743537,1
4127502,Tibagi,PR,Paraná,Sul,Centro Oriental Paranaense,Telêmaco Borba,20688.0,1440060.0,121519.0,788244.0,128749.0,317182.0,69608.4686774942,1
4127601,Tijucas do Sul,PR,Paraná,Sul,Metropolitana de Curitiba,Rio Negro,17295.0,576384.0,85116.0,90338.0,138566.0,207823.0,33326.6261925412,1
4127700,Toledo,PR,Paraná,Sul,Oeste Paranaense,Toledo,144601.0,7482190.0,731234.0,856166.0,1884833.0,3121508.0,51743.69471857041,1
4127809,Tomazina,PR,Paraná,Sul,Norte Pioneiro Paranaense,Wenceslau Braz,7699.0,324156.0,41015.0,176267.0,22257.0,68862.0,42103.64982465255,0
4127858,Três Barras do Paraná,PR,Paraná,Sul,Oeste Paranaense,Cascavel,12036.0,435956.0,67449.0,195568.0,43267.0,103508.0,36221.00365569957,0
4127882,Tunas do Paraná,PR,Paraná,Sul,Metropolitana de Curitiba,Curitiba,9269.0,144129.0,44365.0,23876.0,25522.0,39479.0,15549.573848311577,0
4127908,Tuneiras do Oeste,PR,Paraná,Sul,Noroeste Paranaense,Cianorte,8502.0,233721.0,45741.0,102606.0,16188.0,56911.0,27490.119971771343,0
4127957,Tupãssi,PR,Paraná,Sul,Oeste Paranaense,Toledo,8105.0,431427.0,50160.0,175515.0,22907.0,145444.0,53229.73473164713,0
4127965,Turvo,PR,Paraná,Sul,Centro-Sul Paranaense,Guarapuava,12977.0,601622.0,69752.0,162255.0,186098.0,131716.0,46360.63805193805,1
4128005,Ubiratã,PR,Paraná,Sul,Centro Ocidental Paranaense,Goioerê,20809.0,1713942.0,120405.0,448939.0,437130.0,549035.0,82365.4188091691,1
4128104,Umuarama,PR,Paraná,Sul,Noroeste Paranaense,Umuarama,113416.0,4103610.0,535495.0,152985.0,689552.0,2241976.0,36181.932002539324,1
4128203,União da Vitória,PR,Paraná,Sul,Sudeste Paranaense,União da Vitória,58298.0,1959155.0,282874.0,107959.0,506840.0,866310.0,33605.86984116093,1
4128302,Uniflor,PR,Paraná,Sul,Norte Central Paranaense,Astorga,2623.0,99878.0,18748.0,55560.0,4388.0,17309.0,38077.77354174609,0
4128401,Uraí,PR,Paraná,Sul,Norte Pioneiro Paranaense,Assaí,11233.0,367846.0,56608.0,138593.0,40601.0,109926.0,32746.90643639277,0
4128500,Wenceslau Braz,PR,Paraná,Sul,Norte Pioneiro Paranaense,Wenceslau Braz,19358.0,711221.0,91625.0,162753.0,56342.0,325491.0,36740.41739849158,1
4128534,Ventania,PR,Paraná,Sul,Centro Oriental Paranaense,Telêmaco Borba,12267.0,347603.0,62643.0,162343.0,17864.0,81218.0,28336.43107524252,0
4128559,Vera Cruz do Oeste,PR,Paraná,Sul,Oeste Paranaense,Foz do Iguaçu,8389.0,341108.0,44296.0,173534.0,12069.0,91302.0,40661.342233877695,0
4128609,Verê,PR,Paraná,Sul,Sudoeste Paranaense,Francisco Beltrão,7094.0,499728.0,41316.0,196796.0,56873.0,161876.0,70443.75528615732,0
4128625,Alto Paraíso,PR,Paraná,Sul,Noroeste Paranaense,Umuarama,2630.0,113661.0,25564.0,53554.0,6566.0,21954.0,43217.110266159696,0
4128633,Doutor Ulysses,PR,Paraná,Sul,Metropolitana de Curitiba,Cerro Azul,5525.0,99207.0,31658.0,47424.0,2354.0,15144.0,17956.018099547513,0
4128658,Virmond,PR,Paraná,Sul,Centro-Sul Paranaense,Guarapuava,4051.0,189728.0,25156.0,85233.0,21429.0,44878.0,46834.85559121204,0
4128708,Vitorino,PR,Paraná,Sul,Sudoeste Paranaense,Pato Branco,6879.0,498334.0,37094.0,175238.0,43170.0,192138.0,72442.7969181567,0
4128807,Xambrê,PR,Paraná,Sul,Noroeste Paranaense,Umuarama,5584.0,119631.0,31975.0,40875.0,10467.0,29383.0,21423.889684813752,0
4200051,Abdon Batista,SC,Santa Catarina,Sul,Serrana,Curitibanos,2534.0,75131.0,22297.0,29846.0,3426.0,16052.0,29649.17127071823,0
4200101,Abelardo Luz,SC,Santa Catarina,Sul,Oeste Catarinense,Xanxerê,18015.0,785908.0,100028.0,253354.0,99921.0,278883.0,43625.20122120455,1
4200200,Agrolândia,SC,Santa Catarina,Sul,Vale do Itajaí,Ituporanga,11160.0,396148.0,61677.0,55176.0,127231.0,119960.0,35497.132616487455,0
4200309,Agronômica,SC,Santa Catarina,Sul,Vale do Itajaí,Rio do Sul,5570.0,232893.0,32887.0,69700.0,46955.0,58195.0,41812.02872531418,0
4200408,Água Doce,SC,Santa Catarina,Sul,Oeste Catarinense,Joaçaba,7160.0,651092.0,47717.0,194892.0,226011.0,145766.0,90934.63687150838,1
4200507,Águas de Chapecó,SC,Santa Catarina,Sul,Oeste Catarinense,Chapecó,6544.0,137707.0,35180.0,51529.0,8299.0,36815.0,21043.245721271396,0
4200556,Águas Frias,SC,Santa Catarina,Sul,Oeste Catarinense,Chapecó,2341.0,163075.0,18041.0,31273.0,29828.0,63112.0,69660.40153780436,0
4200606,Águas Mornas,SC,Santa Catarina,Sul,Grande Florianópolis,Tabuleiro,6646.0,199590.0,35814.0,51585.0,22263.0,77980.0,30031.59795365633,0
4200705,Alfredo Wagner,SC,Santa Catarina,Sul,Grande Florianópolis,Tabuleiro,10136.0,336469.0,43305.0,153641.0,17235.0,108411.0,33195.441988950275,0
4200754,Alto Bela Vista,SC,Santa Catarina,Sul,Oeste Catarinense,Concórdia,1915.0,78996.0,16834.0,31861.0,9183.0,16674.0,41251.17493472585,0
4200804,Anchieta,SC,Santa Catarina,Sul,Oeste Catarinense,São Miguel do Oeste,5477.0,203805.0,34697.0,64150.0,34190.0,56864.0,37211.064451341976,0
4200903,Angelina,SC,Santa Catarina,Sul,Grande Florianópolis,Tijucas,4686.0,174561.0,28030.0,76673.0,17932.0,45588.0,37251.600512163895,0
4201000,Anita Garibaldi,SC,Santa Catarina,Sul,Serrana,Campos de Lages,6783.0,231507.0,44289.0,85974.0,26832.0,64174.0,34130.473241928354,0
4201109,Anitápolis,SC,Santa Catarina,Sul,Grande Florianópolis,Tabuleiro,3223.0,84568.0,21332.0,30441.0,5423.0,23876.0,26238.907849829357,0
4201208,Antônio Carlos,SC,Santa Catarina,Sul,Grande Florianópolis,Florianópolis,8712.0,796531.0,54865.0,244182.0,184385.0,230888.0,91429.17814508724,1
4201257,Apiúna,SC,Santa Catarina,Sul,Vale do Itajaí,Blumenau,10951.0,442460.0,65417.0,19360.0,141491.0,143997.0,40403.61610811798,0
4201273,Arabutã,SC,Santa Catarina,Sul,Oeste Catarinense,Concórdia,4268.0,284414.0,30939.0,89179.0,80034.0,61054.0,66638.70665417057,0
4201307,Araquari,SC,Santa Catarina,Sul,Norte Catarinense,Joinville,40890.0,7488000.0,244247.0,101624.0,2605745.0,2001888.0,183125.45854732208,1
4201406,Araranguá,SC,Santa Catarina,Sul,Sul Catarinense,Araranguá,69493.0,2385270.0,315506.0,147412.0,374558.0,1319471.0,34323.88873699509,1
4201505,Armazém,SC,Santa Catarina,Sul,Sul Catarinense,Tubarão,8843.0,272106.0,48585.0,55432.0,53719.0,86766.0,30770.779147348185,0
4201604,Arroio Trinta,SC,Santa Catarina,Sul,Oeste Catarinense,Joaçaba,3547.0,125953.0,24724.0,38018.0,14180.0,40813.0,35509.72652946151,0
4201653,Arvoredo,SC,Santa Catarina,Sul,Oeste Catarinense,Concórdia,2228.0,203872.0,18326.0,47415.0,89091.0,28724.0,91504.48833034112,0
4201703,Ascurra,SC,Santa Catarina,Sul,Vale do Itajaí,Blumenau,8021.0,244991.0,43070.0,10123.0,53554.0,111424.0,30543.69779329261,0
4201802,Atalanta,SC,Santa Catarina,Sul,Vale do Itajaí,Ituporanga,3179.0,125981.0,22867.0,40859.0,16357.0,40038.0,39629.12865681032,0
4201901,Aurora,SC,Santa Catarina,Sul,Vale do Itajaí,Rio do Sul,5687.0,406918.0,36177.0,104160.0,87277.0,128506.0,71552.31229119044,0
4201950,Balneário Arroio do Silva,SC,Santa Catarina,Sul,Sul Catarinense,Araranguá,13782.0,221907.0,70841.0,22435.0,9397.0,107623.0,16101.21898127993,0
4202008,Balneário Camboriú,SC,Santa Catarina,Sul,Vale do Itajaí,Itajaí,149227.0,7358669.0,1169952.0,22555.0,802039.0,4538550.0,49311.91406380883,1
4202057,Balneário Barra do Sul,SC,Santa Catarina,Sul,Norte Catarinense,Joinville,11271.0,254639.0,70953.0,21374.0,23001.0,123508.0,22592.40528790702,0
4202073,Balneário Gaivota,SC,Santa Catarina,Sul,Sul Catarinense,Araranguá,11537.0,216995.0,68767.0,28838.0,18807.0,89547.0,18808.615757996013,0
4202081,Bandeirante,SC,Santa Catarina,Sul,Oeste Catarinense,São Miguel do Oeste,2618.0,102212.0,20735.0,28332.0,25086.0,21734.0,39042.01680672269,0
4202099,Barra Bonita,SC,Santa Catarina,Sul,Oeste Catarinense,São Miguel do Oeste,1625.0,52281.0,14636.0,26896.0,2447.0,6992.0,32172.92307692308,0
4202107,Barra Velha,SC,Santa Catarina,Sul,Vale do Itajaí,Itajaí,30539.0,2372445.0,195439.0,63745.0,209301.0,1513430.0,77685.74609515701,1
4202131,Bela Vista do Toldo,SC,Santa Catarina,Sul,Norte Catarinense,Canoinhas,6386.0,196847.0,39437.0,110209.0,7115.0,35104.0,30824.772940808016,0
4202156,Belmonte,SC,Santa Catarina,Sul,Oeste Catarinense,São Miguel do Oeste,2712.0,57652.0,19088.0,20641.0,1629.0,14240.0,21258.11209439528,0
4202206,Benedito Novo,SC,Santa Catarina,Sul,Vale do Itajaí,Blumenau,11896.0,470160.0,60692.0,20418.0,210167.0,118331.0,39522.52858103564,0
4202305,Biguaçu,SC,Santa Catarina,Sul,Grande Florianópolis,Florianópolis,70471.0,2670278.0,371032.0,121061.0,434983.0,1379495.0,37891.87041478055,1
4202404,Blumenau,SC,Santa Catarina,Sul,Vale do Itajaí,Blumenau,366418.0,20579490.0,2024063.0,120512.0,4729190.0,10521313.0,56163.9712022881,1
4202438,Bocaina do Sul,SC,Santa Catarina,Sul,Serrana,Campos de Lages,3501.0,135898.0,24015.0,78647.0,6732.0,22365.0,38816.90945444159,0
4202453,Bombinhas,SC,Santa Catarina,Sul,Vale do Itajaí,Itajaí,20889.0,877594.0,170919.0,33298.0,125698.0,484998.0,42012.25525396141,1
4202503,Bom Jardim da Serra,SC,Santa Catarina,Sul,Serrana,Campos de Lages,4801.0,371658.0,29195.0,159136.0,117382.0,59480.0,77412.62237033951,0
4202537,Bom Jesus,SC,Santa Catarina,Sul,Oeste Catarinense,Xanxerê,3104.0,159057.0,21129.0,27973.0,39682.0,54208.0,51242.59020618557,0
4202578,Bom Jesus do Oeste,SC,Santa Catarina,Sul,Oeste Catarinense,Chapecó,2136.0,73702.0,16905.0,31422.0,5717.0,16623.0,34504.68164794007,0
4202602,Bom Retiro,SC,Santa Catarina,Sul,Serrana,Campos de Lages,10153.0,422363.0,52323.0,199308.0,30128.0,121692.0,41599.82271249877,0
4202701,Botuverá,SC,Santa Catarina,Sul,Vale do Itajaí,Blumenau,5396.0,430641.0,35146.0,17497.0,233982.0,77253.0,79807.44996293551,0
4202800,Braço do Norte,SC,Santa Catarina,Sul,Sul Catarinense,Tubarão,34294.0,1745017.0,185472.0,152487.0,453312.0,741550.0,50884.03219222021,1
4202859,Braço do Trombudo,SC,Santa Catarina,Sul,Vale do Itajaí,Rio do Sul,3794.0,250151.0,28222.0,16316.0,116826.0,54661.0,65933.31576172904,0
4202875,Brunópolis,SC,Santa Catarina,Sul,Serrana,Curitibanos,2318.0,137959.0,17538.0,73419.0,4470.0,37154.0,59516.39344262295,0
4202909,Brusque,SC,Santa Catarina,Sul,Vale do Itajaí,Blumenau,140597.0,8724534.0,810741.0,6559.0,2672351.0,3562044.0,62053.48620525331,1
4203006,Caçador,SC,Santa Catarina,Sul,Oeste Catarinense,Joaçaba,80017.0,4703416.0,397420.0,207717.0,1946905.0,1441933.0,58780.20920554382,1
4203105,Caibi,SC,Santa Catarina,Sul,Oeste Catarinense,Chapecó,6112.0,316775.0,36403.0,79138.0,73932.0,101826.0,51828.37041884816,0
4203154,Calmon,SC,Santa Catarina,Sul,Oeste Catarinense,Joaçaba,3325.0,97691.0,24423.0,52355.0,2924.0,14898.0,29380.751879699248,0
4203204,Camboriú,SC,Santa Catarina,Sul,Vale do Itajaí,Itajaí,87179.0,2242672.0,441096.0,43032.0,309179.0,1174322.0,25724.91081567809,1
4203253,Capão Alto,SC,Santa Catarina,Sul,Serrana,Campos de Lages,2467.0,235019.0,27450.0,115897.0,25047.0,54286.0,95265.09931090393,0
4203303,Campo Alegre,SC,Santa Catarina,Sul,Norte Catarinense,São Bento do Sul,11985.0,699703.0,69206.0,51047.0,320177.0,173332.0,58381.56028368794,1
4203402,Campo Belo do Sul,SC,Santa Catarina,Sul,Serrana,Campos de Lages,6889.0,333024.0,43283.0,188441.0,21835.0,66435.0,48341.41384816374,0
4203501,Campo Erê,SC,Santa Catarina,Sul,Oeste Catarinense,Chapecó,8312.0,437829.0,49384.0,125540.0,43502.0,189946.0,52674.32627526468,0
4203600,Campos Novos,SC,Santa Catarina,Sul,Serrana,Curitibanos,36861.0,2610347.0,234288.0,443451.0,582985.0,1040697.0,70815.95724478445,1
4203709,Canelinha,SC,Santa Catarina,Sul,Grande Florianópolis,Tijucas,12553.0,295662.0,67377.0,7096.0,76485.0,112221.0,23553.094877718475,0
4203808,Canoinhas,SC,Santa Catarina,Sul,Norte Catarinense,Canoinhas,54558.0,2203147.0,286613.0,475770.0,319195.0,942646.0,40381.74053301074,1
4203907,Capinzal,SC,Santa Catarina,Sul,Oeste Catarinense,Joaçaba,23218.0,1070740.0,128724.0,90411.0,327183.0,406528.0,46116.805926436384,1
4203956,Capivari de Baixo,SC,Santa Catarina,Sul,Sul Catarinense,Tubarão,25477.0,1348603.0,146954.0,15546.0,904014.0,241699.0,52934.136672292654,1
4204004,Catanduvas,SC,Santa Catarina,Sul,Oeste Catarinense,Joaçaba,11106.0,530881.0,62785.0,43939.0,170812.0,191136.0,47801.27858815055,1
4204103,Caxambu do Sul,SC,Santa Catarina,Sul,Oeste Catarinense,Chapecó,3462.0,164148.0,25486.0,55787.0,22789.0,50031.0,47414.21143847487,0
4204152,Celso Ramos,SC,Santa Catarina,Sul,Serrana,Campos de Lages,2709.0,65903.0,22632.0,18778.0,3400.0,17371.0,24327.427094868955,0
4204178,Cerro Negro,SC,Santa Catarina,Sul,Serrana,Campos de Lages,3013.0,141416.0,21509.0,85043.0,5004.0,26597.0,46935.280451377366,0
4204194,Chapadão do Lageado,SC,Santa Catarina,Sul,Vale do Itajaí,Ituporanga,3025.0,97932.0,21598.0,51856.0,4620.0,17082.0,32374.214876033056,0
4204202,Chapecó,SC,Santa Catarina,Sul,Oeste Catarinense,Chapecó,227587.0,13694780.0,1223422.0,253596.0,3391868.0,7093466.0,60173.8236366752,1
4204251,Cocal do Sul,SC,Santa Catarina,Sul,Sul Catarinense,Criciúma,16956.0,888493.0,103190.0,32311.0,325651.0,294334.0,52399.917433356924,1
4204301,Concórdia,SC,Santa Catarina,Sul,Oeste Catarinense,Concórdia,75683.0,4559829.0,404194.0,312111.0,1115389.0,2177609.0,60249.05196675607,1
4204350,Cordilheira Alta,SC,Santa Catarina,Sul,Oeste Catarinense,Chapecó,4585.0,434573.0,33048.0,56052.0,54184.0,236369.0,94781.4612868048,0
4204400,Coronel Freitas,SC,Santa Catarina,Sul,Oeste Catarinense,Chapecó,9900.0,381583.0,55989.0,94459.0,85013.0,115395.0,38543.73737373737,0
4204459,Coronel Martins,SC,Santa Catarina,Sul,Oeste Catarinense,Xanxerê,2560.0,57378.0,17308.0,22265.0,2196.0,13505.0,22413.28125,0
4204509,Corupá,SC,Santa Catarina,Sul,Norte Catarinense,Joinville,16300.0,797605.0,90822.0,208628.0,210024.0,219340.0,48932.82208588957,1
4204558,Correia Pinto,SC,Santa Catarina,Sul,Serrana,Campos de Lages,12315.0,591364.0,76417.0,91134.0,207145.0,158987.0,48019.81323589119,1
4204608,Criciúma,SC,Santa Catarina,Sul,Sul Catarinense,Criciúma,219393.0,10065323.0,1099694.0,56718.0,2256227.0,5047336.0,45878.04989220258,1
4204707,Cunha Porã,SC,Santa Catarina,Sul,Oeste Catarinense,Chapecó,11150.0,927562.0,62214.0,102198.0,199393.0,442216.0,83189.41704035875,1
4204756,Cunhataí,SC,Santa Catarina,Sul,Oeste Catarinense,Chapecó,1972.0,66625.0,14956.0,31377.0,2750.0,14789.0,33785.49695740365,0
4204806,Curitibanos,SC,Santa Catarina,Sul,Serrana,Curitibanos,40037.0,1875348.0,193630.0,116615.0,579542.0,794309.0,46840.37265529385,1
4204905,Descanso,SC,Santa Catarina,Sul,Oeste Catarinense,São Miguel do Oeste,8136.0,299006.0,42212.0,110542.0,16286.0,112938.0,36750.98328416912,0
4205001,Dionísio Cerqueira,SC,Santa Catarina,Sul,Oeste Catarinense,São Miguel do Oeste,15592.0,636297.0,84275.0,99876.0,23512.0,313645.0,40809.19702411493,1
4205100,Dona Emma,SC,Santa Catarina,Sul,Vale do Itajaí,Rio do Sul,4224.0,165733.0,26885.0,30065.0,55782.0,40421.0,39236.032196969696,0
4205159,Doutor Pedrinho,SC,Santa Catarina,Sul,Vale do Itajaí,Blumenau,4164.0,175716.0,25531.0,11819.0,73017.0,35047.0,42198.84726224784,0
4205175,Entre Rios,SC,Santa Catarina,Sul,Oeste Catarinense,Xanxerê,3232.0,60606.0,22057.0,22462.0,1538.0,12751.0,18751.856435643564,0
4205191,Ermo,SC,Santa Catarina,Sul,Sul Catarinense,Araranguá,2059.0,176552.0,16756.0,39966.0,59781.0,43246.0,85746.47887323944,0
4205209,Erval Velho,SC,Santa Catarina,Sul,Oeste Catarinense,Joaçaba,4423.0,183149.0,27580.0,66925.0,17162.0,59725.0,41408.32014469817,0
4205308,Faxinal dos Guedes,SC,Santa Catarina,Sul,Oeste Catarinense,Xanxerê,10630.0,758371.0,66221.0,192990.0,181048.0,206175.0,71342.52116650988,1
4205357,Flor do Sertão,SC,Santa Catarina,Sul,Oeste Catarinense,Chapecó,1575.0,64278.0,15712.0,18857.0,8933.0,16373.0,40811.42857142857,0
4205407,Florianópolis,SC,Santa Catarina,Sul,Grande Florianópolis,Florianópolis,516524.0,23559947.0,2994962.0,75454.0,1668679.0,15084989.0,45612.49235272707,1
4205431,Formosa do Sul,SC,Santa Catarina,Sul,Oeste Catarinense,Chapecó,2481.0,78637.0,18802.0,26169.0,6718.0,22916.0,31695.687222893997,0
4205456,Forquilhinha,SC,Santa Catarina,Sul,Sul Catarinense,Criciúma,27621.0,1224548.0,146185.0,136864.0,372147.0,436690.0,44333.948807067085,1
4205506,Fraiburgo,SC,Santa Catarina,Sul,Oeste Catarinense,Joaçaba,36723.0,1273659.0,203633.0,203801.0,212542.0,518004.0,34682.86904664651,1
4205555,Frei Rogério,SC,Santa Catarina,Sul,Serrana,Curitibanos,1918.0,102098.0,17023.0,51735.0,5305.0,24725.0,53231.49113660063,0
4205605,Galvão,SC,Santa Catarina,Sul,Oeste Catarinense,Xanxerê,2711.0,99963.0,20778.0,29836.0,9200.0,34300.0,36873.10955367024,0
4205704,Garopaba,SC,Santa Catarina,Sul,Sul Catarinense,Tubarão,24070.0,773365.0,140980.0,20305.0,81404.0,446440.0,32129.829663481512,1
4205803,Garuva,SC,Santa Catarina,Sul,Norte Catarinense,Joinville,18816.0,2033242.0,118271.0,43213.0,920172.0,530169.0,108059.2049319728,1
4205902,Gaspar,SC,Santa Catarina,Sul,Vale do Itajaí,Blumenau,71925.0,4157383.0,374955.0,29665.0,1404881.0,1718818.0,57801.64059784498,1
4206009,Governador Celso Ramos,SC,Santa Catarina,Sul,Grande Florianópolis,Florianópolis,14739.0,449768.0,112102.0,60335.0,39744.0,202324.0,30515.503087047968,1
4206108,Grão-Pará,SC,Santa Catarina,Sul,Sul Catarinense,Tubarão,6621.0,329166.0,41192.0,101341.0,68405.0,90973.0,49715.45083824196,0
4206207,Gravatal,SC,Santa Catarina,Sul,Sul Catarinense,Tubarão,11652.0,387304.0,62870.0,26387.0,99886.0,166678.0,33239.2722279437,0
4206306,Guabiruba,SC,Santa Catarina,Sul,Vale do Itajaí,Blumenau,24922.0,1262926.0,131963.0,4391.0,414396.0,416792.0,50675.14645694567,1
4206405,Guaraciaba,SC,Santa Catarina,Sul,Oeste Catarinense,São Miguel do Oeste,9964.0,454637.0,57375.0,144044.0,58090.0,160055.0,45627.96065837013,1
4206504,Guaramirim,SC,Santa Catarina,Sul,Norte Catarinense,Joinville,46757.0,2514410.0,268433.0,74200.0,779485.0,1014761.0,53776.11908377356,1
4206603,Guarujá do Sul,SC,Santa Catarina,Sul,Oeste Catarinense,São Miguel do Oeste,5196.0,202565.0,32309.0,35257.0,44679.0,68830.0,38984.79599692071,0
4206652,Guatambú,SC,Santa Catarina,Sul,Oeste Catarinense,Chapecó,4692.0,354999.0,33348.0,72173.0,125701.0,78248.0,75660.48593350383,0
4206702,Herval d'Oeste,SC,Santa Catarina,Sul,Oeste Catarinense,Joaçaba,22820.0,624023.0,123250.0,50454.0,120451.0,271309.0,27345.4425942156,1
4206751,Ibiam,SC,Santa Catarina,Sul,Oeste Catarinense,Joaçaba,1952.0,75608.0,16030.0,36937.0,7323.0,11343.0,38733.60655737705,0
4206801,Ibicaré,SC,Santa Catarina,Sul,Oeste Catarinense,Joaçaba,3154.0,145418.0,22642.0,58346.0,15093.0,40151.0,46105.897273303744,0
4206900,Ibirama,SC,Santa Catarina,Sul,Vale do Itajaí,Rio do Sul,19238.0,599219.0,109123.0,25672.0,152575.0,245959.0,31147.676473645908,1
4207007,Içara,SC,Santa Catarina,Sul,Sul Catarinense,Criciúma,58055.0,3521710.0,295489.0,121901.0,1133577.0,1545645.0,60661.61398673672,1
4207106,Ilhota,SC,Santa Catarina,Sul,Vale do Itajaí,Itajaí,14531.0,1215356.0,90685.0,57229.0,201934.0,623216.0,83638.84109834148,1
4207205,Imaruí,SC,Santa Catarina,Sul,Sul Catarinense,Tubarão,9764.0,252843.0,51040.0,89816.0,32605.0,71819.0,25895.432199918065,0
4207304,Imbituba,SC,Santa Catarina,Sul,Sul Catarinense,Tubarão,45711.0,2502978.0,272305.0,55967.0,317188.0,1431461.0,54756.57937914287,1
4207403,Imbuia,SC,Santa Catarina,Sul,Vale do Itajaí,Ituporanga,6284.0,260687.0,35907.0,99350.0,13600.0,96354.0,41484.24570337365,0
4207502,Indaial,SC,Santa Catarina,Sul,Vale do Itajaí,Blumenau,72346.0,3675993.0,379570.0,26630.0,1340369.0,1413064.0,50811.2818953363,1
4207577,Iomerê,SC,Santa Catarina,Sul,Oeste Catarinense,Joaçaba,2979.0,227780.0,21547.0,76072.0,69005.0,42988.0,76461.8999664317,0
4207601,Ipira,SC,Santa Catarina,Sul,Oeste Catarinense,Concórdia,4367.0,107135.0,29664.0,36027.0,6676.0,30390.0,24532.86008701626,0
4207650,Iporã do Oeste,SC,Santa Catarina,Sul,Oeste Catarinense,São Miguel do Oeste,9093.0,381311.0,49874.0,142247.0,26587.0,136051.0,41934.565050038495,0
4207684,Ipuaçu,SC,Santa Catarina,Sul,Oeste Catarinense,Xanxerê,7643.0,321243.0,44907.0,73961.0,108935.0,72261.0,42031.00876619128,0
4207700,Ipumirim,SC,Santa Catarina,Sul,Oeste Catarinense,Concórdia,7647.0,465730.0,46636.0,95165.0,155716.0,123090.0,60903.62233555643,1
4207759,Iraceminha,SC,Santa Catarina,Sul,Oeste Catarinense,Chapecó,3901.0,133806.0,25041.0,57592.0,6889.0,34912.0,34300.435785695976,0
4207809,Irani,SC,Santa Catarina,Sul,Oeste Catarinense,Concórdia,10575.0,282690.0,56262.0,73491.0,27435.0,107273.0,26731.91489361702,0
4207858,Irati,SC,Santa Catarina,Sul,Oeste Catarinense,Chapecó,1887.0,56619.0,16105.0,15730.0,6023.0,14663.0,30004.76947535771,0
4207908,Irineópolis,SC,Santa Catarina,Sul,Norte Catarinense,Canoinhas,11354.0,458977.0,65962.0,192747.0,22014.0,155141.0,40424.25576889202,0
4208005,Itá,SC,Santa Catarina,Sul,Oeste Catarinense,Concórdia,6091.0,404732.0,46219.0,68268.0,111763.0,131296.0,66447.54555902151,0
4208104,Itaiópolis,SC,Santa Catarina,Sul,Norte Catarinense,Canoinhas,21889.0,1047675.0,120740.0,322531.0,233673.0,291374.0,47863.08191328978,1
4208203,Itajaí,SC,Santa Catarina,Sul,Vale do Itajaí,Itajaí,226617.0,47757207.0,1633112.0,101270.0,3907278.0,20856461.0,210739.73708945047,1
4208302,Itapema,SC,Santa Catarina,Sul,Vale do Itajaí,Itajaí,69323.0,2889464.0,463824.0,10291.0,645029.0,1422155.0,41681.17363645543,1
4208401,Itapiranga,SC,Santa Catarina,Sul,Oeste Catarinense,São Miguel do Oeste,17139.0,1064833.0,101106.0,174837.0,326220.0,350414.0,62129.237411750975,1
4208450,Itapoá,SC,Santa Catarina,Sul,Norte Catarinense,Joinville,21766.0,1688955.0,162489.0,28726.0,69990.0,899610.0,77596.02131765138,1
4208500,Ituporanga,SC,Santa Catarina,Sul,Vale do Itajaí,Ituporanga,25619.0,1399717.0,137445.0,278775.0,333171.0,530838.0,54635.89523400601,1
4208609,Jaborá,SC,Santa Catarina,Sul,Oeste Catarinense,Joaçaba,3899.0,181354.0,27500.0,72986.0,17353.0,49531.0,46512.95203898435,0
4208708,Jacinto Machado,SC,Santa Catarina,Sul,Sul Catarinense,Araranguá,10337.0,529785.0,53663.0,132480.0,130616.0,166197.0,51251.33017316436,1
4208807,Jaguaruna,SC,Santa Catarina,Sul,Sul Catarinense,Tubarão,20547.0,852029.0,110327.0,105209.0,127554.0,454592.0,41467.31882999952,1
4208906,Jaraguá do Sul,SC,Santa Catarina,Sul,Norte Catarinense,Joinville,184579.0,12053539.0,1009005.0,95606.0,4529692.0,4400392.0,65302.87302455859,1
4208955,Jardinópolis,SC,Santa Catarina,Sul,Oeste Catarinense,Chapecó,1520.0,67321.0,15433.0,25434.0,7982.0,15332.0,44290.13157894737,0
4209003,Joaçaba,SC,Santa Catarina,Sul,Oeste Catarinense,Joaçaba,30684.0,2381234.0,199122.0,88356.0,544798.0,1271907.0,77605.07104679964,1
4209102,Joinville,SC,Santa Catarina,Sul,Norte Catarinense,Joinville,604708.0,45074735.0,3385040.0,161182.0,11937738.0,18178228.0,74539.67038636829,1
4209151,José Boiteux,SC,Santa Catarina,Sul,Vale do Itajaí,Rio do Sul,5019.0,130477.0,31991.0,33623.0,23591.0,34359.0,25996.61287108986,0
4209177,Jupiá,SC,Santa Catarina,Sul,Oeste Catarinense,Xanxerê,2083.0,88240.0,17614.0,29350.0,15564.0,19185.0,42361.97791646663,0
4209201,Lacerdópolis,SC,Santa Catarina,Sul,Oeste Catarinense,Joaçaba,2248.0,137761.0,17748.0,41278.0,26679.0,40171.0,61281.58362989324,0
4209300,Lages,SC,Santa Catarina,Sul,Serrana,Campos de Lages,157158.0,6577420.0,890545.0,240400.0,1298813.0,3380704.0,41852.27605339849,1
4209409,Laguna,SC,Santa Catarina,Sul,Sul Catarinense,Tubarão,46424.0,1093923.0,230254.0,130256.0,93220.0,570498.0,23563.738583491297,1
4209458,Lajeado Grande,SC,Santa Catarina,Sul,Oeste Catarinense,Xanxerê,1408.0,59139.0,12769.0,28335.0,3658.0,12087.0,42002.13068181818,0
4209508,Laurentino,SC,Santa Catarina,Sul,Vale do Itajaí,Rio do Sul,7154.0,444804.0,42970.0,23768.0,129537.0,187364.0,62175.5661168577,0
4209607,Lauro Müller,SC,Santa Catarina,Sul,Sul Catarinense,Criciúma,15380.0,418821.0,88515.0,48823.0,102072.0,152681.0,27231.5344603381,1
4209706,Lebon Régis,SC,Santa Catarina,Sul,Oeste Catarinense,Joaçaba,12122.0,416800.0,62185.0,165854.0,54324.0,112207.0,34383.765055271404,0
4209805,Leoberto Leal,SC,Santa Catarina,Sul,Grande Florianópolis,Tijucas,2960.0,119785.0,21642.0,55114.0,7669.0,31542.0,40467.90540540541,0
4209854,Lindóia do Sul,SC,Santa Catarina,Sul,Oeste Catarinense,Concórdia,4530.0,151920.0,27443.0,78963.0,9559.0,30004.0,33536.4238410596,0
4209904,Lontras,SC,Santa Catarina,Sul,Vale do Itajaí,Rio do Sul,12497.0,466218.0,67560.0,41001.0,98154.0,192804.0,37306.39353444827,1
4210001,Luiz Alves,SC,Santa Catarina,Sul,Vale do Itajaí,Blumenau,13347.0,792775.0,75814.0,185372.0,230216.0,201607.0,59397.24282610325,1
4210035,Luzerna,SC,Santa Catarina,Sul,Oeste Catarinense,Joaçaba,5683.0,292995.0,37480.0,35526.0,105928.0,83326.0,51556.396269575926,0
4210050,Macieira,SC,Santa Catarina,Sul,Oeste Catarinense,Joaçaba,1757.0,59147.0,16001.0,28093.0,4482.0,8734.0,33663.6311895276,0
4210100,Mafra,SC,Santa Catarina,Sul,Norte Catarinense,Canoinhas,56825.0,2490227.0,297160.0,356576.0,515468.0,1085597.0,43822.73647162341,1
4210209,Major Gercino,SC,Santa Catarina,Sul,Grande Florianópolis,Tijucas,3465.0,62144.0,23113.0,15987.0,5362.0,14825.0,17934.776334776336,0
4210308,Major Vieira,SC,Santa Catarina,Sul,Norte Catarinense,Canoinhas,8209.0,300319.0,45266.0,113611.0,33331.0,87932.0,36584.11499573639,0
4210407,Maracajá,SC,Santa Catarina,Sul,Sul Catarinense,Araranguá,7461.0,273081.0,40907.0,27992.0,49645.0,126148.0,36601.125854443104,0
4210506,Maravilha,SC,Santa Catarina,Sul,Oeste Catarinense,Chapecó,26463.0,1794179.0,146974.0,68494.0,628961.0,658210.0,67799.53142122964,1
4210555,Marema,SC,Santa Catarina,Sul,Oeste Catarinense,Xanxerê,1703.0,97312.0,17169.0,58960.0,2752.0,15543.0,57141.51497357604,0
4210605,Massaranduba,SC,Santa Catarina,Sul,Norte Catarinense,Joinville,17330.0,751874.0,94532.0,128166.0,212483.0,239001.0,43385.68955568378,1
4210704,Matos Costa,SC,Santa Catarina,Sul,Oeste Catarinense,Joaçaba,2442.0,62590.0,18318.0,26709.0,2730.0,12893.0,25630.630630630632,0
4210803,Meleiro,SC,Santa Catarina,Sul,Sul Catarinense,Araranguá,6989.0,340386.0,41733.0,115204.0,41942.0,120232.0,48703.10487909572,0
4210852,Mirim Doce,SC,Santa Catarina,Sul,Vale do Itajaí,Rio do Sul,2257.0,89444.0,18073.0,31814.0,17260.0,17616.0,39629.59680992468,0
4210902,Modelo,SC,Santa Catarina,Sul,Oeste Catarinense,Chapecó,4227.0,170306.0,25848.0,47080.0,32810.0,52394.0,40290.04021764845,0
4211009,Mondaí,SC,Santa Catarina,Sul,Oeste Catarinense,São Miguel do Oeste,12034.0,1089189.0,65790.0,79175.0,535335.0,281766.0,90509.30696360311,1
4211058,Monte Carlo,SC,Santa Catarina,Sul,Serrana,Curitibanos,9945.0,233427.0,58333.0,54207.0,44193.0,64314.0,23471.79487179487,0
4211108,Monte Castelo,SC,Santa Catarina,Sul,Norte Catarinense,Canoinhas,8263.0,237437.0,44921.0,57035.0,31228.0,87533.0,28734.96308846666,0
4211207,Morro da Fumaça,SC,Santa Catarina,Sul,Sul Catarinense,Criciúma,18095.0,922592.0,101688.0,16711.0,360134.0,301441.0,50986.01823708207,1
4211256,Morro Grande,SC,Santa Catarina,Sul,Sul Catarinense,Araranguá,2884.0,145130.0,21274.0,44194.0,35893.0,33322.0,50322.46879334258,0
4211306,Navegantes,SC,Santa Catarina,Sul,Vale do Itajaí,Itajaí,85734.0,6143029.0,495145.0,138103.0,1013213.0,2910950.0,71652.19166258427,1
4211405,Nova Erechim,SC,Santa Catarina,Sul,Oeste Catarinense,Chapecó,5163.0,248377.0,31585.0,60835.0,56167.0,81070.0,48107.10827038543,0
4211454,Nova Itaberaba,SC,Santa Catarina,Sul,Oeste Catarinense,Chapecó,4327.0,189439.0,28887.0,42747.0,55346.0,40191.0,43780.67945458747,0
4211504,Nova Trento,SC,Santa Catarina,Sul,Grande Florianópolis,Tijucas,15010.0,691559.0,78783.0,23443.0,330221.0,187247.0,46073.21785476349,1
4211603,Nova Veneza,SC,Santa Catarina,Sul,Sul Catarinense,Criciúma,15515.0,1074610.0,87589.0,114355.0,378007.0,353832.0,69262.64904930712,1
4211652,Novo Horizonte,SC,Santa Catarina,Sul,Oeste Catarinense,Chapecó,2366.0,119844.0,17162.0,42781.0,25358.0,26465.0,50652.57819103973,0
4211702,Orleans,SC,Santa Catarina,Sul,Sul Catarinense,Tubarão,23161.0,1188044.0,129321.0,152445.0,326660.0,424858.0,51295.02180389448,1
4211751,Otacílio Costa,SC,Santa Catarina,Sul,Serrana,Campos de Lages,19201.0,998100.0,118179.0,127280.0,390055.0,258871.0,51981.667621478045,1
4211801,Ouro,SC,Santa Catarina,Sul,Oeste Catarinense,Joaçaba,7251.0,252631.0,41740.0,95435.0,24856.0,74519.0,34840.84953799476,0
4211850,Ouro Verde,SC,Santa Catarina,Sul,Oeste Catarinense,Xanxerê,2197.0,137266.0,17302.0,74510.0,4115.0,36254.0,62478.83477469276,0
4211876,Paial,SC,Santa Catarina,Sul,Oeste Catarinense,Concórdia,1444.0,58314.0,14903.0,21085.0,4617.0,13081.0,40383.65650969529,0
4211892,Painel,SC,Santa Catarina,Sul,Serrana,Campos de Lages,2352.0,84941.0,17930.0,48032.0,2389.0,14479.0,36114.37074829932,0
4211900,Palhoça,SC,Santa Catarina,Sul,Grande Florianópolis,Florianópolis,178679.0,8210037.0,1022737.0,51110.0,1158658.0,4245621.0,45948.52780684915,1
4212007,Palma Sola,SC,Santa Catarina,Sul,Oeste Catarinense,São Miguel do Oeste,7321.0,332287.0,43614.0,96306.0,12033.0,153513.0,45388.19833356099,0
4212056,Palmeira,SC,Santa Catarina,Sul,Serrana,Campos de Lages,2673.0,187897.0,21428.0,66429.0,55811.0,30195.0,70294.42573887018,0
4212106,Palmitos,SC,Santa Catarina,Sul,Oeste Catarinense,Chapecó,16144.0,913813.0,81902.0,269137.0,58690.0,429786.0,56603.87760158573,1
4212205,Papanduva,SC,Santa Catarina,Sul,Norte Catarinense,Canoinhas,19521.0,853826.0,97692.0,199739.0,188620.0,293591.0,43738.8453460376,1
4212239,Paraíso,SC,Santa Catarina,Sul,Oeste Catarinense,São Miguel do Oeste,3284.0,143301.0,23525.0,43924.0,28162.0,36931.0,43636.11449451888,0
4212254,Passo de Torres,SC,Santa Catarina,Sul,Sul Catarinense,Araranguá,9269.0,237368.0,53194.0,28781.0,19958.0,119723.0,25608.80353867731,0
4212270,Passos Maia,SC,Santa Catarina,Sul,Oeste Catarinense,Xanxerê,4072.0,175185.0,27749.0,102387.0,10860.0,28027.0,43021.85658153242,0
4212304,Paulo Lopes,SC,Santa Catarina,Sul,Grande Florianópolis,Florianópolis,7642.0,250073.0,45716.0,39666.0,28558.0,118372.0,32723.50170112536,0
4212403,Pedras Grandes,SC,Santa Catarina,Sul,Sul Catarinense,Tubarão,3931.0,243931.0,26323.0,59675.0,62213.0,71958.0,62053.16713304503,0
4212502,Penha,SC,Santa Catarina,Sul,Vale do Itajaí,Itajaí,34022.0,1037153.0,197201.0,66822.0,121453.0,551779.0,30484.77455763917,1
4212601,Peritiba,SC,Santa Catarina,Sul,Oeste Catarinense,Concórdia,2733.0,120957.0,19602.0,30537.0,15847.0,46292.0,44257.95828759605,0
4212650,Pescaria Brava,SC,Santa Catarina,Sul,Sul Catarinense,Tubarão,10225.0,119468.0,54237.0,5294.0,10430.0,43533.0,11683.911980440098,0
4212700,Petrolândia,SC,Santa Catarina,Sul,Vale do Itajaí,Ituporanga,5873.0,223564.0,33952.0,86523.0,20709.0,69276.0,38066.40558487996,0
4212809,Balneário Piçarras,SC,Santa Catarina,Sul,Vale do Itajaí,Itajaí,24385.0,1513947.0,160299.0,59633.0,233847.0,667487.0,62085.17531269223,1
4212908,Pinhalzinho,SC,Santa Catarina,Sul,Oeste Catarinense,Chapecó,21103.0,1514219.0,120275.0,84313.0,575318.0,538923.0,71753.73169691513,1
4213005,Pinheiro Preto,SC,Santa Catarina,Sul,Oeste Catarinense,Joaçaba,3635.0,227282.0,25547.0,40509.0,65359.0,58766.0,62525.99724896837,0
4213104,Piratuba,SC,Santa Catarina,Sul,Oeste Catarinense,Concórdia,3637.0,801159.0,33492.0,37415.0,620211.0,98281.0,220280.1759692054,1
4213153,Planalto Alegre,SC,Santa Catarina,Sul,Oeste Catarinense,Chapecó,2907.0,141935.0,20966.0,47353.0,7827.0,55787.0,48825.24939800482,0
4213203,Pomerode,SC,Santa Catarina,Sul,Vale do Itajaí,Blumenau,34561.0,2806453.0,221105.0,31201.0,976319.0,805348.0,81202.88764792685,1
4213302,Ponte Alta,SC,Santa Catarina,Sul,Serrana,Curitibanos,4619.0,175776.0,30719.0,58456.0,36993.0,38960.0,38054.99025763152,0
4213351,Ponte Alta do Norte,SC,Santa Catarina,Sul,Serrana,Curitibanos,3426.0,166641.0,24536.0,65666.0,32647.0,31434.0,48640.10507880911,0
4213401,Ponte Serrada,SC,Santa Catarina,Sul,Oeste Catarinense,Xanxerê,11674.0,291075.0,60652.0,80923.0,26542.0,106173.0,24933.61315744389,0
4213500,Porto Belo,SC,Santa Catarina,Sul,Vale do Itajaí,Itajaí,22466.0,1472149.0,149322.0,33796.0,136544.0,945434.0,65527.86432831835,1
4213609,Porto União,SC,Santa Catarina,Sul,Norte Catarinense,Canoinhas,35685.0,1149833.0,172604.0,107608.0,300732.0,462955.0,32221.7458315819,1
4213708,Pouso Redondo,SC,Santa Catarina,Sul,Vale do Itajaí,Rio do Sul,17965.0,719081.0,90165.0,76167.0,212709.0,269089.0,40026.7742833287,1
4213807,Praia Grande,SC,Santa Catarina,Sul,Sul Catarinense,Araranguá,7305.0,223279.0,37441.0,44600.0,25348.0,100509.0,30565.22929500342,0
4213906,Presidente Castello Branco,SC,Santa Catarina,Sul,Oeste Catarinense,Concórdia,1526.0,75923.0,16864.0,31305.0,2815.0,19773.0,49752.94888597641,0
4214003,Presidente Getúlio,SC,Santa Catarina,Sul,Vale do Itajaí,Rio do Sul,17973.0,985125.0,101843.0,79440.0,397134.0,317799.0,54811.383742280086,1
4214102,Presidente Nereu,SC,Santa Catarina,Sul,Vale do Itajaí,Rio do Sul,2279.0,62744.0,17076.0,24918.0,3698.0,14876.0,27531.37340939008,0
4214151,Princesa,SC,Santa Catarina,Sul,Oeste Catarinense,São Miguel do Oeste,2950.0,135911.0,21876.0,32983.0,44960.0,22469.0,46071.52542372881,0
4214201,Quilombo,SC,Santa Catarina,Sul,Oeste Catarinense,Chapecó,9773.0,462642.0,52106.0,85829.0,128114.0,153807.0,47338.79054538013,1
4214300,Rancho Queimado,SC,Santa Catarina,Sul,Grande Florianópolis,Tabuleiro,2897.0,165751.0,22354.0,69531.0,13839.0,50271.0,57214.7048671039,0
4214409,Rio das Antas,SC,Santa Catarina,Sul,Oeste Catarinense,Joaçaba,6199.0,288090.0,42430.0,128246.0,42450.0,56437.0,46473.62477819003,0
4214508,Rio do Campo,SC,Santa Catarina,Sul,Vale do Itajaí,Rio do Sul,5864.0,212941.0,36732.0,72003.0,27790.0,63253.0,36313.26739427012,0
4214607,Rio do Oeste,SC,Santa Catarina,Sul,Vale do Itajaí,Rio do Sul,7552.0,276136.0,41643.0,109044.0,31932.0,78362.0,36564.6186440678,0
4214706,Rio dos Cedros,SC,Santa Catarina,Sul,Vale do Itajaí,Blumenau,11937.0,475005.0,62156.0,39232.0,151591.0,172072.0,39792.661472731845,1
4214805,Rio do Sul,SC,Santa Catarina,Sul,Vale do Itajaí,Rio do Sul,72931.0,3690347.0,416920.0,31947.0,765570.0,1987907.0,50600.52652507164,1
4214904,Rio Fortuna,SC,Santa Catarina,Sul,Sul Catarinense,Tubarão,4630.0,302785.0,28559.0,104014.0,93511.0,58556.0,65396.3282937365,0
4215000,Rio Negrinho,SC,Santa Catarina,Sul,Norte Catarinense,São Bento do Sul,42684.0,1614643.0,229572.0,75101.0,497243.0,632678.0,37827.827757473526,1
4215059,Rio Rufino,SC,Santa Catarina,Sul,Serrana,Campos de Lages,2484.0,70066.0,18188.0,32641.0,2976.0,14339.0,28206.924315619966,0
4215075,Riqueza,SC,Santa Catarina,Sul,Oeste Catarinense,São Miguel do Oeste,4525.0,147665.0,28553.0,46111.0,21103.0,43372.0,32633.14917127072,0
4215109,Rodeio,SC,Santa Catarina,Sul,Vale do Itajaí,Blumenau,11647.0,390081.0,61352.0,25957.0,108787.0,139167.0,33491.97218167769,0
4215208,Romelândia,SC,Santa Catarina,Sul,Oeste Catarinense,São Miguel do Oeste,4584.0,111333.0,27674.0,48643.0,2743.0,28343.0,24287.303664921463,0
4215307,Salete,SC,Santa Catarina,Sul,Vale do Itajaí,Rio do Sul,7674.0,318174.0,45288.0,40586.0,110222.0,99286.0,41461.297888975765,0
4215356,Saltinho,SC,Santa Catarina,Sul,Oeste Catarinense,Chapecó,3727.0,93630.0,23614.0,37067.0,6830.0,22345.0,25122.082103568555,0
4215406,Salto Veloso,SC,Santa Catarina,Sul,Oeste Catarinense,Joaçaba,4792.0,266923.0,30706.0,26234.0,87874.0,93630.0,55701.79465776294,0
4215455,Sangão,SC,Santa Catarina,Sul,Sul Catarinense,Tubarão,13128.0,466692.0,65697.0,19910.0,149923.0,127810.0,35549.360146252286,0
4215505,Santa Cecília,SC,Santa Catarina,Sul,Serrana,Curitibanos,17004.0,662060.0,95047.0,70364.0,240240.0,192888.0,38935.54457774641,1
4215554,Santa Helena,SC,Santa Catarina,Sul,Oeste Catarinense,São Miguel do Oeste,2178.0,103613.0,17306.0,33039.0,21176.0,24205.0,47572.54361799816,0
4215604,Santa Rosa de Lima,SC,Santa Catarina,Sul,Sul Catarinense,Tubarão,2151.0,72830.0,19354.0,27208.0,7335.0,15555.0,33858.67038586704,0
4215653,Santa Rosa do Sul,SC,Santa Catarina,Sul,Sul Catarinense,Araranguá,8397.0,199094.0,47029.0,53004.0,10615.0,74695.0,23710.134571870905,0
4215679,Santa Terezinha,SC,Santa Catarina,Sul,Norte Catarinense,Canoinhas,8760.0,268988.0,47939.0,121067.0,26612.0,61305.0,30706.39269406393,0
4215687,Santa Terezinha do Progresso,SC,Santa Catarina,Sul,Oeste Catarinense,Chapecó,2317.0,65119.0,17483.0,24151.0,7355.0,13079.0,28104.87699611567,0
4215695,Santiago do Sul,SC,Santa Catarina,Sul,Oeste Catarinense,Chapecó,1211.0,48482.0,13890.0,16312.0,4128.0,12064.0,40034.68208092485,0
4215703,Santo Amaro da Imperatriz,SC,Santa Catarina,Sul,Grande Florianópolis,Florianópolis,23907.0,1256507.0,135384.0,36488.0,620128.0,399328.0,52558.12105241143,1
4215752,São Bernardino,SC,Santa Catarina,Sul,Oeste Catarinense,Chapecó,2239.0,88164.0,17345.0,30720.0,15766.0,18982.0,39376.50736936132,0
4215802,São Bento do Sul,SC,Santa Catarina,Sul,Norte Catarinense,São Bento do Sul,86317.0,4697511.0,482136.0,64366.0,1915426.0,1657827.0,54421.62030654448,1
4215901,São Bonifácio,SC,Santa Catarina,Sul,Grande Florianópolis,Tabuleiro,2791.0,112432.0,19387.0,26427.0,23823.0,33869.0,40283.76925833035,0
4216008,São Carlos,SC,Santa Catarina,Sul,Oeste Catarinense,Chapecó,11456.0,520825.0,64044.0,118742.0,150364.0,147121.0,45463.07611731844,1
4216057,São Cristóvão do Sul,SC,Santa Catarina,Sul,Serrana,Curitibanos,5646.0,219812.0,33660.0,28269.0,66091.0,65461.0,38932.3414806943,0
4216107,São Domingos,SC,Santa Catarina,Sul,Oeste Catarinense,Xanxerê,9422.0,450004.0,48437.0,111814.0,101209.0,157898.0,47760.98492888983,1
4216206,São Francisco do Sul,SC,Santa Catarina,Sul,Norte Catarinense,Joinville,54751.0,8516615.0,361017.0,37018.0,3145502.0,3223222.0,155551.77074391337,1
4216255,São João do Oeste,SC,Santa Catarina,Sul,Oeste Catarinense,São Miguel do Oeste,6423.0,353230.0,38884.0,109596.0,62043.0,110046.0,54994.55083294411,0
4216305,São João Batista,SC,Santa Catarina,Sul,Grande Florianópolis,Tijucas,39719.0,1029819.0,193175.0,19831.0,306958.0,393246.0,25927.61650595433,1
4216354,São João do Itaperiú,SC,Santa Catarina,Sul,Vale do Itajaí,Itajaí,3784.0,338152.0,27268.0,94603.0,110152.0,76218.0,89363.63636363637,0
4216404,São João do Sul,SC,Santa Catarina,Sul,Sul Catarinense,Araranguá,7332.0,282920.0,41540.0,106917.0,22832.0,95292.0,38587.015821058376,0
4216503,São Joaquim,SC,Santa Catarina,Sul,Serrana,Campos de Lages,27322.0,1133378.0,140728.0,483707.0,56441.0,404482.0,41482.24873728131,1
4216602,São José,SC,Santa Catarina,Sul,Grande Florianópolis,Florianópolis,253705.0,13840195.0,1337225.0,9971.0,1507100.0,7911688.0,54552.31469620228,1
4216701,São José do Cedro,SC,Santa Catarina,Sul,Oeste Catarinense,São Miguel do Oeste,13811.0,568200.0,77647.0,109036.0,112565.0,215672.0,41141.11939758164,1
4216800,São José do Cerrito,SC,Santa Catarina,Sul,Serrana,Campos de Lages,8054.0,318824.0,40051.0,155721.0,47799.0,65133.0,39585.79587782468,0
4216909,São Lourenço do Oeste,SC,Santa Catarina,Sul,Oeste Catarinense,Chapecó,24501.0,1389521.0,146849.0,88702.0,404413.0,545332.0,56712.82804783478,1
4217006,São Ludgero,SC,Santa Catarina,Sul,Sul Catarinense,Tubarão,13886.0,929265.0,76314.0,178637.0,286433.0,270385.0,66920.99956791013,1
4217105,São Martinho,SC,Santa Catarina,Sul,Sul Catarinense,Tubarão,3162.0,109266.0,20829.0,35910.0,9945.0,34208.0,34555.977229601514,0
4217154,São Miguel da Boa Vista,SC,Santa Catarina,Sul,Oeste Catarinense,Chapecó,1794.0,50300.0,15343.0,22593.0,1164.0,9622.0,28037.904124860648,0
4217204,São Miguel do Oeste,SC,Santa Catarina,Sul,Oeste Catarinense,São Miguel do Oeste,41246.0,2174480.0,222905.0,84879.0,529496.0,1106142.0,52719.778887649714,1
4217253,São Pedro de Alcântara,SC,Santa Catarina,Sul,Grande Florianópolis,Florianópolis,6046.0,101140.0,32675.0,21106.0,7299.0,33888.0,16728.415481309956,0
4217303,Saudades,SC,Santa Catarina,Sul,Oeste Catarinense,Chapecó,9874.0,527168.0,52751.0,98201.0,179098.0,133040.0,53389.50779825805,1
4217402,Schroeder,SC,Santa Catarina,Sul,Norte Catarinense,Joinville,22605.0,759499.0,116520.0,33413.0,230649.0,278337.0,33598.71709798717,1
4217501,Seara,SC,Santa Catarina,Sul,Oeste Catarinense,Concórdia,17610.0,1178644.0,102127.0,156687.0,394792.0,388888.0,66930.38046564451,1
4217550,Serra Alta,SC,Santa Catarina,Sul,Oeste Catarinense,Chapecó,3249.0,118038.0,20484.0,37282.0,14639.0,37124.0,36330.56325023084,0
4217600,Siderópolis,SC,Santa Catarina,Sul,Sul Catarinense,Criciúma,14176.0,679557.0,76079.0,34887.0,291547.0,221068.0,47937.14729119639,1
4217709,Sombrio,SC,Santa Catarina,Sul,Sul Catarinense,Araranguá,31084.0,910386.0,146622.0,180626.0,133752.0,382999.0,29287.929481405223,1
4217758,Sul Brasil,SC,Santa Catarina,Sul,Oeste Catarinense,Chapecó,2386.0,83395.0,16668.0,36760.0,6052.0,19602.0,34951.80217937972,0
4217808,Taió,SC,Santa Catarina,Sul,Vale do Itajaí,Rio do Sul,18576.0,844678.0,99964.0,134781.0,183930.0,330866.0,45471.46856158484,1
4217907,Tangará,SC,Santa Catarina,Sul,Oeste Catarinense,Joaçaba,8648.0,600872.0,56454.0,136334.0,201333.0,147617.0,69481.03607770582,1
4217956,Tigrinhos,SC,Santa Catarina,Sul,Oeste Catarinense,Chapecó,1606.0,65554.0,15465.0,24486.0,7996.0,14314.0,40818.181818181816,0
4218004,Tijucas,SC,Santa Catarina,Sul,Grande Florianópolis,Tijucas,39889.0,2438156.0,231877.0,48606.0,556676.0,1155307.0,61123.51776178896,1
4218103,Timbé do Sul,SC,Santa Catarina,Sul,Sul Catarinense,Araranguá,5338.0,154885.0,32400.0,59263.0,7969.0,47077.0,29015.54889471712,0
4218202,Timbó,SC,Santa Catarina,Sul,Vale do Itajaí,Blumenau,45703.0,2534741.0,255853.0,14515.0,876012.0,1009577.0,55461.15134673873,1
4218251,Timbó Grande,SC,Santa Catarina,Sul,Norte Catarinense,Canoinhas,8003.0,303296.0,46241.0,64362.0,117478.0,55595.0,37897.78832937648,0
4218301,Três Barras,SC,Santa Catarina,Sul,Norte Catarinense,Canoinhas,19455.0,1522852.0,118301.0,59846.0,882484.0,296497.0,78275.61038293497,1
4218350,Treviso,SC,Santa Catarina,Sul,Sul Catarinense,Criciúma,4002.0,232257.0,34855.0,9545.0,118205.0,56045.0,58035.2323838081,0
4218400,Treze de Maio,SC,Santa Catarina,Sul,Sul Catarinense,Tubarão,7104.0,199732.0,38459.0,43533.0,30055.0,68779.0,28115.42792792793,0
4218509,Treze Tílias,SC,Santa Catarina,Sul,Oeste Catarinense,Joaçaba,8138.0,829532.0,52869.0,66979.0,309995.0,295248.0,101933.15310887196,1
4218608,Trombudo Central,SC,Santa Catarina,Sul,Vale do Itajaí,Rio do Sul,7506.0,437965.0,44658.0,45095.0,177041.0,110191.0,58348.65440980549,0
4218707,Tubarão,SC,Santa Catarina,Sul,Sul Catarinense,Tubarão,107143.0,4817596.0,535584.0,73585.0,856170.0,2843749.0,44964.169381107495,1
4218756,Tunápolis,SC,Santa Catarina,Sul,Oeste Catarinense,São Miguel do Oeste,4507.0,182316.0,29431.0,88933.0,10300.0,45322.0,40451.741735078765,0
4218806,Turvo,SC,Santa Catarina,Sul,Sul Catarinense,Araranguá,13080.0,737916.0,68873.0,146869.0,166715.0,287802.0,56415.59633027523,1
4218855,União do Oeste,SC,Santa Catarina,Sul,Oeste Catarinense,Chapecó,2364.0,85132.0,18822.0,35505.0,5737.0,21614.0,36011.84433164129,0
4218905,Urubici,SC,Santa Catarina,Sul,Serrana,Campos de Lages,11311.0,356315.0,63726.0,118694.0,14822.0,139498.0,31501.635575987977,0
4218954,Urupema,SC,Santa Catarina,Sul,Serrana,Campos de Lages,2453.0,88459.0,18344.0,46234.0,3277.0,18283.0,36061.55727680391,0
4219002,Urussanga,SC,Santa Catarina,Sul,Sul Catarinense,Criciúma,21419.0,1087691.0,124566.0,49833.0,466994.0,328297.0,50781.59577944815,1
4219101,Vargeão,SC,Santa Catarina,Sul,Oeste Catarinense,Xanxerê,3569.0,201010.0,24089.0,60911.0,35579.0,61806.0,56321.09834687588,0
4219150,Vargem,SC,Santa Catarina,Sul,Serrana,Curitibanos,2387.0,116146.0,19085.0,25472.0,49988.0,19098.0,48657.729367406784,0
4219176,Vargem Bonita,SC,Santa Catarina,Sul,Oeste Catarinense,Joaçaba,4411.0,539920.0,32861.0,49497.0,290998.0,103029.0,122403.0832010882,0
4219200,Vidal Ramos,SC,Santa Catarina,Sul,Vale do Itajaí,Ituporanga,6321.0,354849.0,40076.0,87141.0,96484.0,99593.0,56138.11105837684,0
4219309,Videira,SC,Santa Catarina,Sul,Oeste Catarinense,Joaçaba,54145.0,3456102.0,305964.0,266365.0,990766.0,1432744.0,63830.49219687875,1
4219358,Vitor Meireles,SC,Santa Catarina,Sul,Vale do Itajaí,Rio do Sul,4907.0,142288.0,29483.0,54767.0,11893.0,39554.0,28996.943142449563,0
4219408,Witmarsum,SC,Santa Catarina,Sul,Vale do Itajaí,Rio do Sul,4032.0,175208.0,27069.0,41815.0,45945.0,48648.0,43454.36507936508,0
4219507,Xanxerê,SC,Santa Catarina,Sul,Oeste Catarinense,Xanxerê,52290.0,2639977.0,263250.0,152013.0,470725.0,1456984.0,50487.22509083955,1
4219606,Xavantina,SC,Santa Catarina,Sul,Oeste Catarinense,Concórdia,3873.0,211880.0,25472.0,103298.0,31516.0,43524.0,54706.94552026853,0
4219705,Xaxim,SC,Santa Catarina,Sul,Oeste Catarinense,Xanxerê,29254.0,1471922.0,164829.0,168907.0,526442.0,452698.0,50315.23894168319,1
4219853,Zortéa,SC,Santa Catarina,Sul,Serrana,Curitibanos,3432.0,103657.0,25637.0,36854.0,4274.0,32246.0,30203.088578088576,0
4220000,Balneário Rincão,SC,Santa Catarina,Sul,Sul Catarinense,Criciúma,13129.0,294751.0,73319.0,8564.0,24828.0,165235.0,22450.377027953386,0
4300034,Aceguá,RS,Rio Grande do Sul,Sul,Sudoeste Rio-grandense,Campanha Meridional,4981.0,458226.0,45050.0,269423.0,20614.0,99176.0,91994.78016462558,0
4300059,Água Santa,RS,Rio Grande do Sul,Sul,Noroeste Rio-grandense,Passo Fundo,3738.0,547413.0,28221.0,158098.0,24609.0,266706.0,146445.4253611557,0
4300109,Agudo,RS,Rio Grande do Sul,Sul,Centro Ocidental Rio-grandense,Restinga Seca,16344.0,667877.0,99025.0,201173.0,101413.0,195298.0,40863.74204601077,1
4300208,Ajuricaba,RS,Rio Grande do Sul,Sul,Noroeste Rio-grandense,Ijuí,6951.0,521060.0,44355.0,247931.0,36131.0,152360.0,74961.87598906632,0
4300307,Alecrim,RS,Rio Grande do Sul,Sul,Noroeste Rio-grandense,Santa Rosa,5710.0,162073.0,32254.0,61909.0,4543.0,54718.0,28384.063047285465,0
4300406,Alegrete,RS,Rio Grande do Sul,Sul,Sudoeste Rio-grandense,Campanha Ocidental,72493.0,3079886.0,431648.0,1129605.0,260842.0,1042682.0,42485.28823472611,1
4300455,Alegria,RS,Rio Grande do Sul,Sul,Noroeste Rio-grandense,Ijuí,3287.0,156623.0,27214.0,75782.0,3775.0,39468.0,47649.22421661089,0
4300471,Almirante Tamandaré do Sul,RS,Rio Grande do Sul,Sul,Noroeste Rio-grandense,Carazinho,1935.0,276412.0,19605.0,156682.0,28161.0,52314.0,142848.57881136952,0
4300505,Alpestre,RS,Rio Grande do Sul,Sul,Noroeste Rio-grandense,Frederico Westphalen,5885.0,196384.0,50267.0,67276.0,25566.0,44935.0,33370.26338147833,0
4300554,Alto Alegre,RS,Rio Grande do Sul,Sul,Noroeste Rio-grandense,Cruz Alta,1590.0,106142.0,15899.0,62503.0,2952.0,20172.0,66755.97484276729,0
4300570,Alto Feliz,RS,Rio Grande do Sul,Sul,Metropolitana de Porto Alegre,Montenegro,3043.0,161549.0,23132.0,43493.0,51051.0,25889.0,53088.72822872166,0
4300604,Alvorada,RS,Rio Grande do Sul,Sul,Metropolitana de Porto Alegre,Porto Alegre,212352.0,3302273.0,1066413.0,1326.0,475712.0,1415572.0,15550.939006931889,1
4300638,Amaral Ferrador,RS,Rio Grande do Sul,Sul,Sudeste Rio-grandense,Serras de Sudeste,7136.0,147633.0,44830.0,58337.0,4029.0,35723.0,20688.480941704034,0
4300646,Ametista do Sul,RS,Rio Grande do Sul,Sul,Noroeste Rio-grandense,Frederico Westphalen,7396.0,177772.0,45173.0,25211.0,44190.0,44540.0,24036.23580313683,0
4300661,André da Rocha,RS,Rio Grande do Sul,Sul,Nordeste Rio-grandense,Guaporé,1351.0,193090.0,14485.0,137605.0,5517.0,29134.0,142923.76017764618,0
4300703,Anta Gorda,RS,Rio Grande do Sul,Sul,Nordeste Rio-grandense,Guaporé,5941.0,322293.0,36053.0,130820.0,20626.0,98989.0,54248.94798855412,0
4300802,Antônio Prado,RS,Rio Grande do Sul,Sul,Nordeste Rio-grandense,Caxias do Sul,13041.0,797513.0,80503.0,83539.0,262422.0,254353.0,61154.28264703627,1
4300851,Arambaré,RS,Rio Grande do Sul,Sul,Metropolitana de Porto Alegre,Camaquã,3544.0,285089.0,31119.0,190606.0,10440.0,46394.0,80442.72009029346,0
4300877,Araricá,RS,Rio Grande do Sul,Sul,Metropolitana de Porto Alegre,Porto Alegre,5840.0,236432.0,45460.0,1258.0,91220.0,66929.0,40484.93150684932,0
4300901,Aratiba,RS,Rio Grande do Sul,Sul,Noroeste Rio-grandense,Erechim,6145.0,946972.0,53002.0,113659.0,698597.0,64230.0,154104.47518307567,1
4301008,Arroio do Meio,RS,Rio Grande do Sul,Sul,Centro Oriental Rio-grandense,Lajeado-Estrela,21121.0,1536560.0,120175.0,89636.0,618764.0,452912.0,72750.34326026229,1
4301057,Arroio do Sal,RS,Rio Grande do Sul,Sul,Metropolitana de Porto Alegre,Osório,10483.0,285580.0,79718.0,3597.0,25137.0,153272.0,27242.2016598302,0
4301073,Arroio do Padre,RS,Rio Grande do Sul,Sul,Sudeste Rio-grandense,Pelotas,2966.0,76785.0,23741.0,32441.0,2805.0,14103.0,25888.40188806473,0
4301107,Arroio dos Ratos,RS,Rio Grande do Sul,Sul,Metropolitana de Porto Alegre,São Jerônimo,14201.0,357348.0,88920.0,85045.0,37878.0,120838.0,25163.580029575383,0
4301206,Arroio do Tigre,RS,Rio Grande do Sul,Sul,Centro Oriental Rio-grandense,Santa Cruz do Sul,13452.0,429273.0,78882.0,163723.0,28258.0,131096.0,31911.462979482603,0
4301305,Arroio Grande,RS,Rio Grande do Sul,Sul,Sudeste Rio-grandense,Jaguarão,18185.0,1131512.0,112714.0,675999.0,45049.0,246321.0,62222.27110255705,1
4301404,Arvorezinha,RS,Rio Grande do Sul,Sul,Nordeste Rio-grandense,Guaporé,10422.0,336248.0,58532.0,83484.0,35137.0,129312.0,32263.289195931684,0
4301503,Augusto Pestana,RS,Rio Grande do Sul,Sul,Noroeste Rio-grandense,Ijuí,6545.0,504184.0,41168.0,243198.0,22390.0,161680.0,77033.46065699006,0
4301552,Áurea,RS,Rio Grande do Sul,Sul,Noroeste Rio-grandense,Erechim,3517.0,163439.0,26470.0,68471.0,13628.0,43895.0,46471.14017628661,0
4301602,Bagé,RS,Rio Grande do Sul,Sul,Sudoeste Rio-grandense,Campanha Meridional,121518.0,3748437.0,769883.0,398452.0,422684.0,1781942.0,30846.76344245297,1
4301636,Balneário Pinhal,RS,Rio Grande do Sul,Sul,Metropolitana de Porto Alegre,Osório,14645.0,312095.0,100671.0,26133.0,23357.0,139668.0,21310.686241037896,0
4301651,Barão,RS,Rio Grande do Sul,Sul,Metropolitana de Porto Alegre,Montenegro,6232.0,308102.0,36778.0,39226.0,130019.0,51687.0,49438.70346598203,0
4301701,Barão de Cotegipe,RS,Rio Grande do Sul,Sul,Noroeste Rio-grandense,Erechim,6616.0,341674.0,40890.0,123848.0,37643.0,105471.0,51643.59129383313,0
4301750,Barão do Triunfo,RS,Rio Grande do Sul,Sul,Metropolitana de Porto Alegre,São Jerônimo,7550.0,142319.0,43581.0,65886.0,4638.0,22594.0,18850.19867549669,0
4301800,Barracão,RS,Rio Grande do Sul,Sul,Noroeste Rio-grandense,Sananduva,5237.0,317085.0,36671.0,185122.0,18380.0,62411.0,60547.068932595,0
4301859,Barra do Guarita,RS,Rio Grande do Sul,Sul,Noroeste Rio-grandense,Três Passos,3266.0,56812.0,21840.0,18574.0,2434.0,12019.0,17394.978567054502,0
4301875,Barra do Quaraí,RS,Rio Grande do Sul,Sul,Sudoeste Rio-grandense,Campanha Ocidental,4238.0,386183.0,36264.0,263546.0,14222.0,58128.0,91123.87918829636,0
4301909,Barra do Ribeiro,RS,Rio Grande do Sul,Sul,Metropolitana de Porto Alegre,Camaquã,13618.0,507428.0,77893.0,222007.0,49672.0,123807.0,37261.5655749743,1
4301925,Barra do Rio Azul,RS,Rio Grande do Sul,Sul,Noroeste Rio-grandense,Erechim,1621.0,80748.0,15671.0,52726.0,1288.0,8898.0,49813.695249845776,0
4301958,Barra Funda,RS,Rio Grande do Sul,Sul,Noroeste Rio-grandense,Carazinho,2563.0,165030.0,23271.0,38373.0,33653.0,49364.0,64389.38743659774,0
4302006,Barros Cassal,RS,Rio Grande do Sul,Sul,Noroeste Rio-grandense,Soledade,11167.0,244514.0,64832.0,103558.0,8188.0,56711.0,21896.12250380586,0
4302055,Benjamin Constant do Sul,RS,Rio Grande do Sul,Sul,Noroeste Rio-grandense,Erechim,1924.0,49314.0,16897.0,19516.0,2756.0,8674.0,25630.97713097713,0
4302105,Bento Gonçalves,RS,Rio Grande do Sul,Sul,Nordeste Rio-grandense,Caxias do Sul,123090.0,7498525.0,747145.0,104329.0,2456586.0,2985354.0,60919.042976683726,1
4302154,Boa Vista das Missões,RS,Rio Grande do Sul,Sul,Noroeste Rio-grandense,Carazinho,2087.0,238522.0,18848.0,159797.0,5544.0,43131.0,114289.4106372784,0
4302204,Boa Vista do Buricá,RS,Rio Grande do Sul,Sul,Noroeste Rio-grandense,Três Passos,6712.0,326887.0,40622.0,82079.0,41300.0,129473.0,48701.87723480334,0
4302220,Boa Vista do Cadeado,RS,Rio Grande do Sul,Sul,Noroeste Rio-grandense,Cruz Alta,2466.0,468752.0,25043.0,331894.0,10627.0,81630.0,190085.96918085968,0
4302238,Boa Vista do Incra,RS,Rio Grande do Sul,Sul,Noroeste Rio-grandense,Cruz Alta,2628.0,384174.0,27162.0,273986.0,9128.0,60471.0,146184.9315068493,0
4302253,Boa Vista do Sul,RS,Rio Grande do Sul,Sul,Nordeste Rio-grandense,Caxias do Sul,2773.0,120127.0,20597.0,32490.0,25930.0,24111.0,43320.23079697079,0
4302303,Bom Jesus,RS,Rio Grande do Sul,Sul,Nordeste Rio-grandense,Vacaria,11270.0,613624.0,71006.0,328272.0,47849.0,139984.0,54447.55989352263,1
4302352,Bom Princípio,RS,Rio Grande do Sul,Sul,Metropolitana de Porto Alegre,Montenegro,14446.0,906596.0,83716.0,35807.0,295438.0,308256.0,62757.57995292814,1
4302378,Bom Progresso,RS,Rio Grande do Sul,Sul,Noroeste Rio-grandense,Três Passos,1858.0,86280.0,19308.0,41337.0,3421.0,18498.0,46437.02906350915,0
4302402,Bom Retiro do Sul,RS,Rio Grande do Sul,Sul,Centro Oriental Rio-grandense,Lajeado-Estrela,12448.0,403056.0,73366.0,33550.0,123410.0,126227.0,32379.177377892032,0
4302451,Boqueirão do Leão,RS,Rio Grande do Sul,Sul,Centro Oriental Rio-grandense,Lajeado-Estrela,7691.0,150395.0,41281.0,69998.0,6637.0,27464.0,19554.674294630087,0
4302501,Bossoroca,RS,Rio Grande do Sul,Sul,Noroeste Rio-grandense,Santo Ângelo,6135.0,490599.0,44676.0,312724.0,11968.0,97786.0,79967.23716381418,0
4302584,Bozano,RS,Rio Grande do Sul,Sul,Noroeste Rio-grandense,Ijuí,2099.0,227410.0,19490.0,130940.0,6094.0,55050.0,108342.0676512625,0
4302600,Braga,RS,Rio Grande do Sul,Sul,Noroeste Rio-grandense,Três Passos,3271.0,130949.0,25879.0,61985.0,3709.0,32156.0,40033.3231427698,0
4302659,Brochier,RS,Rio Grande do Sul,Sul,Metropolitana de Porto Alegre,Montenegro,5132.0,117701.0,31076.0,28095.0,13387.0,35675.0,22934.723304754483,0
4302709,Butiá,RS,Rio Grande do Sul,Sul,Metropolitana de Porto Alegre,São Jerônimo,20963.0,543351.0,122448.0,128895.0,89501.0,168310.0,25919.524877164527,1
4302808,Caçapava do Sul,RS,Rio Grande do Sul,Sul,Sudeste Rio-grandense,Serras de Sudeste,33476.0,1122674.0,200891.0,257114.0,195154.0,387618.0,33536.68299677381,1
4302907,Cacequi,RS,Rio Grande do Sul,Sul,Centro Ocidental Rio-grandense,Santa Maria,12291.0,623088.0,78988.0,367037.0,21461.0,134337.0,50694.654625335614,1
4303004,Cachoeira do Sul,RS,Rio Grande do Sul,Sul,Centro Oriental Rio-grandense,Cachoeira do Sul,81552.0,3542706.0,446325.0,972404.0,478214.0,1327162.0,43441.06827545615,1
4303103,Cachoeirinha,RS,Rio Grande do Sul,Sul,Metropolitana de Porto Alegre,Porto Alegre,132144.0,6458504.0,803119.0,977.0,1448296.0,2967072.0,48874.74270492796,1
4303202,Cacique Doble,RS,Rio Grande do Sul,Sul,Noroeste Rio-grandense,Sananduva,5083.0,169236.0,32990.0,89383.0,7003.0,34254.0,33294.51111548298,0
4303301,Caibaté,RS,Rio Grande do Sul,Sul,Noroeste Rio-grandense,Cerro Largo,4802.0,264916.0,32966.0,128980.0,11318.0,75428.0,55167.84673052895,0
4303400,Caiçara,RS,Rio Grande do Sul,Sul,Noroeste Rio-grandense,Frederico Westphalen,4659.0,149122.0,32500.0,76575.0,6779.0,28812.0,32007.297703369823,0
4303509,Camaquã,RS,Rio Grande do Sul,Sul,Metropolitana de Porto Alegre,Camaquã,66686.0,2723674.0,386751.0,652970.0,379941.0,1037104.0,40843.26545301863,1
4303558,Camargo,RS,Rio Grande do Sul,Sul,Noroeste Rio-grandense,Passo Fundo,2750.0,520483.0,23645.0,92102.0,239340.0,101305.0,189266.54545454544,0
4303608,Cambará do Sul,RS,Rio Grande do Sul,Sul,Nordeste Rio-grandense,Vacaria,6383.0,242578.0,45874.0,54920.0,55579.0,68094.0,38003.75998746671,0
4303673,Campestre da Serra,RS,Rio Grande do Sul,Sul,Nordeste Rio-grandense,Vacaria,3402.0,204703.0,26843.0,113111.0,17513.0,32825.0,60171.36978248089,0
4303707,Campina das Missões,RS,Rio Grande do Sul,Sul,Noroeste Rio-grandense,Cerro Largo,5325.0,239170.0,34014.0,118961.0,10526.0,64133.0,44914.55399061033,0
4303806,Campinas do Sul,RS,Rio Grande do Sul,Sul,Noroeste Rio-grandense,Erechim,5422.0,399404.0,41060.0,201010.0,15214.0,117777.0,73663.5927701955,0
4303905,Campo Bom,RS,Rio Grande do Sul,Sul,Metropolitana de Porto Alegre,Porto Alegre,69981.0,3600083.0,430988.0,2915.0,1385783.0,1091223.0,51443.72043840471,1
4304002,Campo Novo,RS,Rio Grande do Sul,Sul,Noroeste Rio-grandense,Três Passos,4273.0,325740.0,33233.0,103577.0,23096.0,120446.0,76232.15539433653,0
4304101,Campos Borges,RS,Rio Grande do Sul,Sul,Noroeste Rio-grandense,Cruz Alta,3272.0,150034.0,24841.0,75520.0,8165.0,33185.0,45853.9119804401,0
4304200,Candelária,RS,Rio Grande do Sul,Sul,Centro Oriental Rio-grandense,Santa Cruz do Sul,31475.0,1078191.0,177487.0,291983.0,179061.0,335931.0,34255.47259729944,1
4304309,Cândido Godói,RS,Rio Grande do Sul,Sul,Noroeste Rio-grandense,Santa Rosa,6106.0,358438.0,39387.0,145175.0,52331.0,96238.0,58702.58761873567,0
4304358,Candiota,RS,Rio Grande do Sul,Sul,Sudeste Rio-grandense,Serras de Sudeste,9707.0,2744010.0,83194.0,130044.0,2351042.0,118675.0,282683.6303698362,1
4304408,Canela,RS,Rio Grande do Sul,Sul,Metropolitana de Porto Alegre,Gramado-Canela,45957.0,1595265.0,290269.0,20844.0,399882.0,730740.0,34712.12220118807,1
4304507,Canguçu,RS,Rio Grande do Sul,Sul,Sudeste Rio-grandense,Pelotas,56370.0,1660011.0,313331.0,592457.0,55072.0,588605.0,29448.483235763702,1
4304606,Canoas,RS,Rio Grande do Sul,Sul,Metropolitana de Porto Alegre,Porto Alegre,349728.0,21995418.0,1909022.0,10475.0,8390682.0,8593966.0,62892.928218501234,1
4304614,Canudos do Vale,RS,Rio Grande do Sul,Sul,Centro Oriental Rio-grandense,Lajeado-Estrela,1693.0,67988.0,15174.0,39535.0,1619.0,9596.0,40158.29887773184,0
4304622,Capão Bonito do Sul,RS,Rio Grande do Sul,Sul,Nordeste Rio-grandense,Vacaria,1628.0,342053.0,19330.0,239236.0,14393.0,55520.0,210106.26535626536,0
4304630,Capão da Canoa,RS,Rio Grande do Sul,Sul,Metropolitana de Porto Alegre,Osório,55009.0,1966028.0,381133.0,3528.0,283086.0,1110289.0,35740.11525386755,1
4304655,Capão do Cipó,RS,Rio Grande do Sul,Sul,Centro Ocidental Rio-grandense,Santiago,3745.0,644965.0,31879.0,456954.0,15373.0,112278.0,172220.2937249666,0
4304663,Capão do Leão,RS,Rio Grande do Sul,Sul,Sudeste Rio-grandense,Pelotas,25462.0,830088.0,161810.0,153536.0,207563.0,230051.0,32601.052548896398,1
4304671,Capivari do Sul,RS,Rio Grande do Sul,Sul,Metropolitana de Porto Alegre,Osório,4793.0,386834.0,35720.0,152886.0,32111.0,128651.0,80708.11600250365,0
4304689,Capela de Santana,RS,Rio Grande do Sul,Sul,Metropolitana de Porto Alegre,Montenegro,12183.0,298588.0,73388.0,30505.0,78967.0,85476.0,24508.577526060904,0
4304697,Capitão,RS,Rio Grande do Sul,Sul,Centro Oriental Rio-grandense,Lajeado-Estrela,2770.0,95379.0,23589.0,49037.0,6214.0,13521.0,34432.851985559566,0
4304705,Carazinho,RS,Rio Grande do Sul,Sul,Noroeste Rio-grandense,Carazinho,62413.0,3846858.0,347812.0,253866.0,381382.0,2185545.0,61635.52465031324,1
4304713,Caraá,RS,Rio Grande do Sul,Sul,Metropolitana de Porto Alegre,Osório,8426.0,165661.0,52836.0,54790.0,22492.0,28401.0,19660.69309280797,0
4304804,Carlos Barbosa,RS,Rio Grande do Sul,Sul,Nordeste Rio-grandense,Caxias do Sul,30630.0,3529584.0,177809.0,82339.0,1713025.0,769589.0,115232.90891283056,1
4304853,Carlos Gomes,RS,Rio Grande do Sul,Sul,Noroeste Rio-grandense,Erechim,1327.0,70447.0,13486.0,41661.0,4651.0,8908.0,53087.41522230595,0
4304903,Casca,RS,Rio Grande do Sul,Sul,Noroeste Rio-grandense,Passo Fundo,9070.0,717921.0,57729.0,184465.0,132679.0,250559.0,79153.36273428886,1
4304952,Caseiros,RS,Rio Grande do Sul,Sul,Noroeste Rio-grandense,Passo Fundo,3228.0,199197.0,23293.0,80795.0,9773.0,65870.0,61709.10780669145,0
4305009,Catuípe,RS,Rio Grande do Sul,Sul,Noroeste Rio-grandense,Santo Ângelo,8631.0,638112.0,55794.0,355153.0,21001.0,170918.0,73932.56864789712,1
4305108,Caxias do Sul,RS,Rio Grande do Sul,Sul,Nordeste Rio-grandense,Caxias do Sul,523716.0,31688552.0,2900076.0,275560.0,9594399.0,13646712.0,60507.12981845122,1
4305116,Centenário,RS,Rio Grande do Sul,Sul,Noroeste Rio-grandense,Erechim,2865.0,120779.0,21406.0,70857.0,5188.0,19732.0,42156.71902268761,0
4305124,Cerrito,RS,Rio Grande do Sul,Sul,Sudeste Rio-grandense,Pelotas,6005.0,161328.0,37338.0,86122.0,4997.0,28124.0,26865.611990008325,0
4305132,Cerro Branco,RS,Rio Grande do Sul,Sul,Centro Oriental Rio-grandense,Cachoeira do Sul,4720.0,90159.0,30068.0,35784.0,3880.0,17471.0,19101.48305084746,0
4305157,Cerro Grande,RS,Rio Grande do Sul,Sul,Noroeste Rio-grandense,Carazinho,2281.0,74182.0,19157.0,41836.0,1568.0,9790.0,32521.70100832968,0
4305173,Cerro Grande do Sul,RS,Rio Grande do Sul,Sul,Metropolitana de Porto Alegre,Camaquã,12579.0,203184.0,67103.0,58730.0,9902.0,53907.0,16152.63534462199,0
4305207,Cerro Largo,RS,Rio Grande do Sul,Sul,Noroeste Rio-grandense,Cerro Largo,14243.0,796777.0,79882.0,83746.0,73911.0,386545.0,55941.65555009479,1
4305306,Chapada,RS,Rio Grande do Sul,Sul,Noroeste Rio-grandense,Carazinho,9211.0,741828.0,55834.0,393768.0,47387.0,196006.0,80537.1838019759,1
4305355,Charqueadas,RS,Rio Grande do Sul,Sul,Metropolitana de Porto Alegre,São Jerônimo,41705.0,1736983.0,247455.0,61425.0,778258.0,458583.0,41649.27466730608,1
4305371,Charrua,RS,Rio Grande do Sul,Sul,Noroeste Rio-grandense,Passo Fundo,3228.0,149352.0,23860.0,90807.0,3415.0,25606.0,46267.65799256506,0
4305405,Chiapetta,RS,Rio Grande do Sul,Sul,Noroeste Rio-grandense,Ijuí,3684.0,388836.0,29504.0,274522.0,12098.0,63176.0,105547.2312703583,0
4305439,Chuí,RS,Rio Grande do Sul,Sul,Sudeste Rio-grandense,Litoral Lagunar,6832.0,370303.0,46916.0,42648.0,56821.0,179585.0,54201.2587822014,0
4305447,Chuvisca,RS,Rio Grande do Sul,Sul,Metropolitana de Porto Alegre,Camaquã,5518.0,129741.0,38157.0,65543.0,3534.0,18186.0,23512.323305545488,0
4305454,Cidreira,RS,Rio Grande do Sul,Sul,Metropolitana de Porto Alegre,Osório,16897.0,362063.0,116238.0,25702.0,23369.0,170701.0,21427.64987867669,0
4305504,Ciríaco,RS,Rio Grande do Sul,Sul,Noroeste Rio-grandense,Passo Fundo,4693.0,264361.0,28339.0,139555.0,15409.0,63665.0,56330.91838909013,0
4305587,Colinas,RS,Rio Grande do Sul,Sul,Centro Oriental Rio-grandense,Lajeado-Estrela,2466.0,87210.0,21511.0,35744.0,9887.0,15813.0,35364.96350364963,0
4305603,Colorado,RS,Rio Grande do Sul,Sul,Noroeste Rio-grandense,Não-Me-Toque,3088.0,338158.0,25694.0,212850.0,11958.0,70279.0,109507.1243523316,0
4305702,Condor,RS,Rio Grande do Sul,Sul,Noroeste Rio-grandense,Ijuí,6766.0,624707.0,48087.0,292443.0,69822.0,163927.0,92330.32811114396,1
4305801,Constantina,RS,Rio Grande do Sul,Sul,Noroeste Rio-grandense,Frederico Westphalen,9903.0,432350.0,58640.0,128556.0,37066.0,164809.0,43658.4873270726,0
4305835,Coqueiro Baixo,RS,Rio Grande do Sul,Sul,Centro Oriental Rio-grandense,Lajeado-Estrela,1490.0,52164.0,13917.0,28712.0,1306.0,6659.0,35009.395973154365,0
4305850,Coqueiros do Sul,RS,Rio Grande do Sul,Sul,Noroeste Rio-grandense,Carazinho,2267.0,190145.0,21976.0,116789.0,6204.0,35213.0,83875.16541685046,0
4305871,Coronel Barros,RS,Rio Grande do Sul,Sul,Noroeste Rio-grandense,Ijuí,2521.0,226126.0,23944.0,102961.0,14258.0,66180.0,89696.94565648552,0
4305900,Coronel Bicaco,RS,Rio Grande do Sul,Sul,Noroeste Rio-grandense,Ijuí,7213.0,515154.0,49320.0,288705.0,16533.0,132231.0,71420.21350339665,0
4305934,Coronel Pilar,RS,Rio Grande do Sul,Sul,Nordeste Rio-grandense,Caxias do Sul,1602.0,49060.0,13373.0,23451.0,3094.0,7208.0,30624.21972534332,0
4305959,Cotiporã,RS,Rio Grande do Sul,Sul,Nordeste Rio-grandense,Caxias do Sul,3824.0,167929.0,27241.0,45673.0,36946.0,42108.0,43914.487447698746,0
4305975,Coxilha,RS,Rio Grande do Sul,Sul,Noroeste Rio-grandense,Passo Fundo,2731.0,422465.0,27603.0,297298.0,18742.0,64409.0,154692.4203588429,0
4306007,Crissiumal,RS,Rio Grande do Sul,Sul,Noroeste Rio-grandense,Três Passos,13269.0,508979.0,81612.0,188788.0,50484.0,151934.0,38358.50478559047,1
4306056,Cristal,RS,Rio Grande do Sul,Sul,Sudeste Rio-grandense,Pelotas,8121.0,308908.0,50145.0,155760.0,15154.0,70820.0,38038.17263883758,0
4306072,Cristal do Sul,RS,Rio Grande do Sul,Sul,Noroeste Rio-grandense,Frederico Westphalen,2840.0,94741.0,21791.0,56692.0,2158.0,11622.0,33359.50704225352,0
4306106,Cruz Alta,RS,Rio Grande do Sul,Sul,Noroeste Rio-grandense,Cruz Alta,59561.0,4609397.0,363716.0,776890.0,418956.0,2347109.0,77389.51663000957,1
4306130,Cruzaltense,RS,Rio Grande do Sul,Sul,Noroeste Rio-grandense,Erechim,1765.0,144764.0,17014.0,84741.0,3963.0,31309.0,82019.26345609064,0
4306205,Cruzeiro do Sul,RS,Rio Grande do Sul,Sul,Centro Oriental Rio-grandense,Lajeado-Estrela,12457.0,533004.0,68256.0,90458.0,123218.0,176438.0,42787.50903106687,1
4306304,David Canabarro,RS,Rio Grande do Sul,Sul,Noroeste Rio-grandense,Passo Fundo,4732.0,229364.0,30991.0,102178.0,9455.0,70792.0,48470.83685545224,0
4306320,Derrubadas,RS,Rio Grande do Sul,Sul,Noroeste Rio-grandense,Três Passos,2718.0,148408.0,22098.0,92003.0,5332.0,24307.0,54601.9131714496,0
4306353,Dezesseis de Novembro,RS,Rio Grande do Sul,Sul,Noroeste Rio-grandense,Santo Ângelo,2331.0,57175.0,20327.0,21163.0,1282.0,12312.0,24528.099528099527,0
4306379,Dilermando de Aguiar,RS,Rio Grande do Sul,Sul,Centro Ocidental Rio-grandense,Santa Maria,2991.0,267902.0,24861.0,182179.0,12581.0,39326.0,89569.37479103978,0
4306403,Dois Irmãos,RS,Rio Grande do Sul,Sul,Metropolitana de Porto Alegre,Gramado-Canela,33547.0,2188545.0,180613.0,20708.0,783120.0,857273.0,65238.17330908874,1
4306429,Dois Irmãos das Missões,RS,Rio Grande do Sul,Sul,Noroeste Rio-grandense,Frederico Westphalen,1992.0,199195.0,21328.0,135693.0,7712.0,25410.0,99997.48995983935,0
4306452,Dois Lajeados,RS,Rio Grande do Sul,Sul,Nordeste Rio-grandense,Guaporé,3410.0,172602.0,23798.0,59127.0,33173.0,43611.0,50616.42228739003,0
4306502,Dom Feliciano,RS,Rio Grande do Sul,Sul,Metropolitana de Porto Alegre,Camaquã,15556.0,356860.0,89194.0,155678.0,9626.0,86600.0,22940.34456158396,0
4306551,Dom Pedro de Alcântara,RS,Rio Grande do Sul,Sul,Metropolitana de Porto Alegre,Osório,2520.0,65534.0,20427.0,9320.0,4159.0,24986.0,26005.555555555555,0
4306601,Dom Pedrito,RS,Rio Grande do Sul,Sul,Sudoeste Rio-grandense,Campanha Meridional,38222.0,2210948.0,230116.0,1052204.0,132722.0,654686.0,57844.90607503532,1
4306700,Dona Francisca,RS,Rio Grande do Sul,Sul,Centro Ocidental Rio-grandense,Restinga Seca,2958.0,106596.0,21546.0,35158.0,17506.0,25118.0,36036.51115618661,0
4306734,Doutor Maurício Cardoso,RS,Rio Grande do Sul,Sul,Noroeste Rio-grandense,Três Passos,4380.0,260797.0,30486.0,146063.0,7346.0,64511.0,59542.69406392694,0
4306759,Doutor Ricardo,RS,Rio Grande do Sul,Sul,Centro Oriental Rio-grandense,Lajeado-Estrela,1967.0,78891.0,16041.0,27781.0,11112.0,18028.0,40107.26995424504,0
4306767,Eldorado do Sul,RS,Rio Grande do Sul,Sul,Metropolitana de Porto Alegre,Porto Alegre,42490.0,2120269.0,277194.0,183079.0,264187.0,921465.0,49900.4236290892,1
4306809,Encantado,RS,Rio Grande do Sul,Sul,Centro Oriental Rio-grandense,Lajeado-Estrela,23047.0,1168358.0,118210.0,51929.0,316052.0,486207.0,50694.58063956264,1
4306908,Encruzilhada do Sul,RS,Rio Grande do Sul,Sul,Sudeste Rio-grandense,Serras de Sudeste,26039.0,1080949.0,160617.0,568396.0,46321.0,250060.0,41512.69249971197,1
4306924,Engenho Velho,RS,Rio Grande do Sul,Sul,Noroeste Rio-grandense,Frederico Westphalen,932.0,73214.0,15826.0,38447.0,1812.0,14091.0,78555.79399141631,0
4306932,Entre-Ijuís,RS,Rio Grande do Sul,Sul,Noroeste Rio-grandense,Santo Ângelo,8350.0,687578.0,56228.0,279914.0,26464.0,259975.0,82344.67065868263,1
4306957,Entre Rios do Sul,RS,Rio Grande do Sul,Sul,Noroeste Rio-grandense,Erechim,2724.0,207517.0,23373.0,51457.0,91376.0,30196.0,76180.98384728341,0
4306973,Erebango,RS,Rio Grande do Sul,Sul,Noroeste Rio-grandense,Erechim,2978.0,180479.0,25560.0,84384.0,11793.0,45078.0,60604.09670920081,0
4307005,Erechim,RS,Rio Grande do Sul,Sul,Noroeste Rio-grandense,Erechim,107368.0,6882629.0,601023.0,154750.0,2043872.0,2980185.0,64103.16854183742,1
4307054,Ernestina,RS,Rio Grande do Sul,Sul,Noroeste Rio-grandense,Passo Fundo,3171.0,265549.0,28734.0,144265.0,24064.0,54905.0,83742.98328602964,0
4307104,Herval,RS,Rio Grande do Sul,Sul,Sudeste Rio-grandense,Jaguarão,6807.0,253608.0,45769.0,148385.0,6999.0,45702.0,37256.94138386955,0
4307203,Erval Grande,RS,Rio Grande do Sul,Sul,Noroeste Rio-grandense,Erechim,4780.0,150883.0,34394.0,56127.0,8639.0,39985.0,31565.48117154812,0
4307302,Erval Seco,RS,Rio Grande do Sul,Sul,Noroeste Rio-grandense,Frederico Westphalen,6697.0,353968.0,43147.0,168828.0,18709.0,100330.0,52854.71106465581,0
4307401,Esmeralda,RS,Rio Grande do Sul,Sul,Nordeste Rio-grandense,Vacaria,3291.0,392860.0,29503.0,251709.0,10501.0,83223.0,119374.05044059556,0
4307450,Esperança do Sul,RS,Rio Grande do Sul,Sul,Noroeste Rio-grandense,Três Passos,2846.0,116731.0,24288.0,57991.0,7135.0,21234.0,41015.81166549544,0
4307500,Espumoso,RS,Rio Grande do Sul,Sul,Noroeste Rio-grandense,Cruz Alta,15594.0,1113106.0,94964.0,441676.0,83366.0,388810.0,71380.40271899449,1
4307559,Estação,RS,Rio Grande do Sul,Sul,Noroeste Rio-grandense,Erechim,5924.0,350708.0,41751.0,59750.0,61396.0,135646.0,59201.215395003375,0
4307609,Estância Velha,RS,Rio Grande do Sul,Sul,Metropolitana de Porto Alegre,Porto Alegre,51292.0,1875498.0,304437.0,6183.0,566386.0,760897.0,36565.11736723076,1
4307708,Esteio,RS,Rio Grande do Sul,Sul,Metropolitana de Porto Alegre,Porto Alegre,83352.0,3749900.0,567831.0,3288.0,858326.0,1719601.0,44988.72252615414,1
4307807,Estrela,RS,Rio Grande do Sul,Sul,Centro Oriental Rio-grandense,Lajeado-Estrela,34669.0,2171447.0,201242.0,140488.0,783046.0,779327.0,62633.67850240849,1
4307815,Estrela Velha,RS,Rio Grande do Sul,Sul,Centro Oriental Rio-grandense,Santa Cruz do Sul,3646.0,197415.0,29326.0,111419.0,4820.0,41884.0,54145.63905650027,0
4307831,Eugênio de Castro,RS,Rio Grande do Sul,Sul,Noroeste Rio-grandense,Santo Ângelo,2310.0,405444.0,23052.0,262515.0,24038.0,76349.0,175516.8831168831,0
4307864,Fagundes Varela,RS,Rio Grande do Sul,Sul,Nordeste Rio-grandense,Caxias do Sul,2750.0,197919.0,20474.0,62113.0,68806.0,30454.0,71970.54545454546,0
4307906,Farroupilha,RS,Rio Grande do Sul,Sul,Nordeste Rio-grandense,Caxias do Sul,73758.0,4398457.0,383353.0,197884.0,1454550.0,1555709.0,59633.62618292253,1
4308003,Faxinal do Soturno,RS,Rio Grande do Sul,Sul,Centro Ocidental Rio-grandense,Restinga Seca,6651.0,270106.0,40444.0,39560.0,31045.0,130308.0,40611.3366411066,0
4308052,Faxinalzinho,RS,Rio Grande do Sul,Sul,Noroeste Rio-grandense,Erechim,2256.0,103166.0,18334.0,59134.0,4169.0,17920.0,45729.60992907801,0
4308078,Fazenda Vilanova,RS,Rio Grande do Sul,Sul,Centro Oriental Rio-grandense,Lajeado-Estrela,4680.0,140824.0,33091.0,40274.0,14592.0,41377.0,30090.59829059829,0
4308102,Feliz,RS,Rio Grande do Sul,Sul,Metropolitana de Porto Alegre,Montenegro,13728.0,589355.0,79081.0,22682.0,142280.0,269349.0,42930.871212121216,1
4308201,Flores da Cunha,RS,Rio Grande do Sul,Sul,Nordeste Rio-grandense,Caxias do Sul,31352.0,2538142.0,184102.0,132842.0,1041599.0,671374.0,80956.30262822149,1
4308250,Floriano Peixoto,RS,Rio Grande do Sul,Sul,Noroeste Rio-grandense,Erechim,1709.0,103059.0,16077.0,60221.0,3994.0,18326.0,60303.68636629608,0
4308300,Fontoura Xavier,RS,Rio Grande do Sul,Sul,Noroeste Rio-grandense,Soledade,10181.0,227470.0,59677.0,66321.0,9638.0,77012.0,22342.59895884491,0
4308409,Formigueiro,RS,Rio Grande do Sul,Sul,Centro Ocidental Rio-grandense,Restinga Seca,6569.0,302801.0,43389.0,143622.0,24976.0,72394.0,46095.4483178566,0
4308433,Forquetinha,RS,Rio Grande do Sul,Sul,Centro Oriental Rio-grandense,Lajeado-Estrela,2389.0,58940.0,18031.0,25693.0,4023.0,8957.0,24671.410632063624,0
4308458,Fortaleza dos Valos,RS,Rio Grande do Sul,Sul,Noroeste Rio-grandense,Cruz Alta,4252.0,564773.0,38230.0,326663.0,14528.0,150493.0,132825.2587017874,0
4308508,Frederico Westphalen,RS,Rio Grande do Sul,Sul,Noroeste Rio-grandense,Frederico Westphalen,31675.0,1430611.0,173079.0,140905.0,239545.0,703067.0,45165.30386740332,1
4308607,Garibaldi,RS,Rio Grande do Sul,Sul,Nordeste Rio-grandense,Caxias do Sul,35794.0,2997969.0,199142.0,61666.0,1269431.0,883295.0,83756.18818796446,1
4308656,Garruchos,RS,Rio Grande do Sul,Sul,Sudoeste Rio-grandense,Campanha Ocidental,2851.0,200967.0,26567.0,127993.0,4530.0,34145.0,70490.00350754122,0
4308706,Gaurama,RS,Rio Grande do Sul,Sul,Noroeste Rio-grandense,Erechim,5447.0,282773.0,34874.0,86794.0,56106.0,77731.0,51913.53038369745,0
4308805,General Câmara,RS,Rio Grande do Sul,Sul,Metropolitana de Porto Alegre,São Jerônimo,8339.0,276374.0,48734.0,159707.0,10674.0,49266.0,33142.3432066195,0
4308854,Gentil,RS,Rio Grande do Sul,Sul,Noroeste Rio-grandense,Passo Fundo,1619.0,190648.0,17306.0,102371.0,4869.0,51921.0,117756.63990117356,0
4308904,Getúlio Vargas,RS,Rio Grande do Sul,Sul,Noroeste Rio-grandense,Erechim,16158.0,793664.0,98029.0,170451.0,130786.0,319888.0,49118.9503651442,1
4309001,Giruá,RS,Rio Grande do Sul,Sul,Noroeste Rio-grandense,Santo Ângelo,15729.0,1202945.0,108909.0,541032.0,118633.0,343643.0,76479.43289465319,1
4309050,Glorinha,RS,Rio Grande do Sul,Sul,Metropolitana de Porto Alegre,Porto Alegre,8304.0,461888.0,59466.0,33555.0,231699.0,90694.0,55622.3506743738,0
4309100,Gramado,RS,Rio Grande do Sul,Sul,Metropolitana de Porto Alegre,Gramado-Canela,36864.0,2658034.0,323249.0,24733.0,344064.0,1625287.0,72103.78689236111,1
4309126,Gramado dos Loureiros,RS,Rio Grande do Sul,Sul,Noroeste Rio-grandense,Frederico Westphalen,2036.0,94580.0,17060.0,57395.0,3811.0,13272.0,46453.83104125737,0
4309159,Gramado Xavier,RS,Rio Grande do Sul,Sul,Centro Oriental Rio-grandense,Santa Cruz do Sul,4378.0,109483.0,31233.0,57595.0,3573.0,14484.0,25007.53768844221,0
4309209,Gravataí,RS,Rio Grande do Sul,Sul,Metropolitana de Porto Alegre,Porto Alegre,285564.0,10261656.0,1466510.0,25205.0,3311021.0,3803173.0,35934.69765096441,1
4309258,Guabiju,RS,Rio Grande do Sul,Sul,Nordeste Rio-grandense,Guaporé,1478.0,132788.0,13956.0,87150.0,4016.0,22320.0,89843.03112313937,0
4309308,Guaíba,RS,Rio Grande do Sul,Sul,Metropolitana de Porto Alegre,Porto Alegre,98331.0,8284825.0,604961.0,68927.0,1766359.0,2809357.0,84254.45688541762,1
4309407,Guaporé,RS,Rio Grande do Sul,Sul,Nordeste Rio-grandense,Guaporé,26199.0,1149055.0,150071.0,106750.0,361091.0,412649.0,43858.735066223904,1
4309506,Guarani das Missões,RS,Rio Grande do Sul,Sul,Noroeste Rio-grandense,Cerro Largo,7393.0,362625.0,44084.0,134877.0,24643.0,126535.0,49049.77681590694,0
4309555,Harmonia,RS,Rio Grande do Sul,Sul,Metropolitana de Porto Alegre,Montenegro,4967.0,245497.0,32733.0,35724.0,62570.0,79980.0,49425.60901952889,0
4309571,Herveiras,RS,Rio Grande do Sul,Sul,Centro Oriental Rio-grandense,Santa Cruz do Sul,3019.0,71143.0,23430.0,31312.0,1842.0,12318.0,23565.08777740974,0
4309605,Horizontina,RS,Rio Grande do Sul,Sul,Noroeste Rio-grandense,Três Passos,19446.0,2608198.0,138632.0,133348.0,1183862.0,536138.0,134125.16712948677,1
4309654,Hulha Negra,RS,Rio Grande do Sul,Sul,Sudoeste Rio-grandense,Campanha Meridional,6894.0,314488.0,45969.0,113252.0,65217.0,59011.0,45617.63852625471,0
4309704,Humaitá,RS,Rio Grande do Sul,Sul,Noroeste Rio-grandense,Três Passos,4712.0,229249.0,29202.0,91923.0,9765.0,75569.0,48652.16468590832,0
4309753,Ibarama,RS,Rio Grande do Sul,Sul,Centro Oriental Rio-grandense,Santa Cruz do Sul,4393.0,112227.0,30134.0,46539.0,9246.0,20266.0,25546.778966537677,0
4309803,Ibiaçá,RS,Rio Grande do Sul,Sul,Noroeste Rio-grandense,Sananduva,4690.0,367295.0,34572.0,203367.0,22580.0,86498.0,78314.49893390192,0
4309902,Ibiraiaras,RS,Rio Grande do Sul,Sul,Noroeste Rio-grandense,Passo Fundo,7267.0,399693.0,45181.0,170383.0,13934.0,121260.0,55001.10086693271,0
4309951,Ibirapuitã,RS,Rio Grande do Sul,Sul,Noroeste Rio-grandense,Soledade,3988.0,213522.0,28405.0,128142.0,5443.0,42146.0,53541.123370110334,0
4310009,Ibirubá,RS,Rio Grande do Sul,Sul,Noroeste Rio-grandense,Cruz Alta,20474.0,1722057.0,126455.0,453393.0,350983.0,563822.0,84109.45589528182,1
4310108,Igrejinha,RS,Rio Grande do Sul,Sul,Metropolitana de Porto Alegre,Gramado-Canela,37754.0,1888887.0,215988.0,6833.0,811507.0,606401.0,50031.44037717858,1
4310207,Ijuí,RS,Rio Grande do Sul,Sul,Noroeste Rio-grandense,Ijuí,84041.0,5190405.0,616328.0,461043.0,1147434.0,2332812.0,61760.39076165205,1
4310306,Ilópolis,RS,Rio Grande do Sul,Sul,Nordeste Rio-grandense,Guaporé,4054.0,140570.0,26941.0,47224.0,16023.0,39699.0,34674.39565860878,0
4310330,Imbé,RS,Rio Grande do Sul,Sul,Metropolitana de Porto Alegre,Osório,23721.0,626823.0,192559.0,2210.0,55541.0,328751.0,26424.81345643101,1
4310363,Imigrante,RS,Rio Grande do Sul,Sul,Centro Oriental Rio-grandense,Lajeado-Estrela,3103.0,519190.0,24048.0,37061.0,321419.0,73120.0,167318.72381566226,0
4310405,Independência,RS,Rio Grande do Sul,Sul,Noroeste Rio-grandense,Santa Rosa,6054.0,494166.0,45053.0,204431.0,52110.0,121348.0,81626.36273538157,0
4310413,Inhacorá,RS,Rio Grande do Sul,Sul,Noroeste Rio-grandense,Ijuí,2207.0,110557.0,18989.0,63724.0,3602.0,19696.0,50093.79247847757,0
4310439,Ipê,RS,Rio Grande do Sul,Sul,Nordeste Rio-grandense,Vacaria,6736.0,298583.0,41114.0,157806.0,23865.0,59626.0,44326.45486935867,0
4310462,Ipiranga do Sul,RS,Rio Grande do Sul,Sul,Noroeste Rio-grandense,Erechim,1871.0,177629.0,18276.0,105825.0,7494.0,38424.0,94938.00106894708,0
4310504,Iraí,RS,Rio Grande do Sul,Sul,Noroeste Rio-grandense,Frederico Westphalen,7046.0,254492.0,41342.0,77564.0,18100.0,93988.0,36118.64887879648,0
4310538,Itaara,RS,Rio Grande do Sul,Sul,Centro Ocidental Rio-grandense,Santa Maria,5573.0,286659.0,37428.0,26282.0,22621.0,184612.0,51437.107482504936,0
4310553,Itacurubi,RS,Rio Grande do Sul,Sul,Centro Ocidental Rio-grandense,Santiago,3456.0,246287.0,26937.0,180541.0,5758.0,28861.0,71263.59953703704,0
4310579,Itapuca,RS,Rio Grande do Sul,Sul,Nordeste Rio-grandense,Guaporé,2037.0,94235.0,17644.0,62473.0,3105.0,9410.0,46261.65930289642,0
4310603,Itaqui,RS,Rio Grande do Sul,Sul,Sudoeste Rio-grandense,Campanha Ocidental,37363.0,2186929.0,228506.0,915962.0,294873.0,559324.0,58531.94336643203,1
4310652,Itati,RS,Rio Grande do Sul,Sul,Metropolitana de Porto Alegre,Osório,2377.0,86739.0,20651.0,42314.0,3417.0,17029.0,36490.95498527556,0
4310702,Itatiba do Sul,RS,Rio Grande do Sul,Sul,Noroeste Rio-grandense,Erechim,3143.0,81707.0,23883.0,36841.0,3600.0,14349.0,25996.50015908368,0
4310751,Ivorá,RS,Rio Grande do Sul,Sul,Centro Ocidental Rio-grandense,Restinga Seca,1854.0,71911.0,16479.0,41548.0,2311.0,9839.0,38786.94714131607,0
4310801,Ivoti,RS,Rio Grande do Sul,Sul,Metropolitana de Porto Alegre,Gramado-Canela,25068.0,1180387.0,140319.0,12454.0,301034.0,538473.0,47087.40226583692,1
4310850,Jaboticaba,RS,Rio Grande do Sul,Sul,Noroeste Rio-grandense,Carazinho,3738.0,136730.0,26462.0,63649.0,4741.0,35795.0,36578.38416265383,0
4310876,Jacuizinho,RS,Rio Grande do Sul,Sul,Noroeste Rio-grandense,Cruz Alta,2718.0,224027.0,22931.0,164173.0,5454.0,26934.0,82423.47314201618,0
4310900,Jacutinga,RS,Rio Grande do Sul,Sul,Noroeste Rio-grandense,Erechim,3532.0,232301.0,26346.0,114478.0,14831.0,60351.0,65770.38505096262,0
4311007,Jaguarão,RS,Rio Grande do Sul,Sul,Sudeste Rio-grandense,Jaguarão,26327.0,1059396.0,146322.0,475652.0,42338.0,332572.0,40239.90580012914,1
4311106,Jaguari,RS,Rio Grande do Sul,Sul,Centro Ocidental Rio-grandense,Santa Maria,10684.0,378020.0,63585.0,124483.0,27616.0,136531.0,35381.87944590041,0
4311122,Jaquirana,RS,Rio Grande do Sul,Sul,Nordeste Rio-grandense,Vacaria,3611.0,94042.0,23894.0,36157.0,6380.0,22163.0,26043.20132927167,0
4311130,Jari,RS,Rio Grande do Sul,Sul,Centro Ocidental Rio-grandense,Santiago,3472.0,469006.0,26345.0,377841.0,11496.0,46621.0,135082.3732718894,0
4311155,Jóia,RS,Rio Grande do Sul,Sul,Noroeste Rio-grandense,Cruz Alta,8571.0,975410.0,59506.0,709902.0,23080.0,152744.0,113803.5235095088,1
4311205,Júlio de Castilhos,RS,Rio Grande do Sul,Sul,Centro Ocidental Rio-grandense,Santiago,19159.0,1925175.0,123015.0,741245.0,55762.0,770553.0,100484.10668615272,1
4311239,Lagoa Bonita do Sul,RS,Rio Grande do Sul,Sul,Centro Oriental Rio-grandense,Santa Cruz do Sul,2939.0,68916.0,21737.0,32861.0,2739.0,9193.0,23448.79210615856,0
4311254,Lagoão,RS,Rio Grande do Sul,Sul,Noroeste Rio-grandense,Soledade,6469.0,154690.0,39334.0,84630.0,3921.0,22374.0,23912.505796877416,0
4311270,Lagoa dos Três Cantos,RS,Rio Grande do Sul,Sul,Noroeste Rio-grandense,Não-Me-Toque,1604.0,157140.0,17177.0,97987.0,4454.0,30410.0,97967.58104738157,0
4311304,Lagoa Vermelha,RS,Rio Grande do Sul,Sul,Nordeste Rio-grandense,Vacaria,27751.0,1513404.0,150959.0,402253.0,272241.0,542868.0,54535.11585168102,1
4311403,Lajeado,RS,Rio Grande do Sul,Sul,Centro Oriental Rio-grandense,Lajeado-Estrela,86005.0,5596183.0,475196.0,25702.0,1374061.0,2761482.0,65068.112319051215,1
4311429,Lajeado do Bugre,RS,Rio Grande do Sul,Sul,Noroeste Rio-grandense,Carazinho,2569.0,74875.0,20955.0,35159.0,5288.0,10851.0,29145.58193849747,0
4311502,Lavras do Sul,RS,Rio Grande do Sul,Sul,Sudoeste Rio-grandense,Campanha Meridional,7410.0,497629.0,58453.0,319049.0,12786.0,91111.0,67156.41025641025,0
4311601,Liberato Salzano,RS,Rio Grande do Sul,Sul,Noroeste Rio-grandense,Frederico Westphalen,5087.0,172443.0,30384.0,88838.0,7007.0,37321.0,33898.76154904659,0
4311627,Lindolfo Collor,RS,Rio Grande do Sul,Sul,Metropolitana de Porto Alegre,Gramado-Canela,6193.0,365850.0,38215.0,7993.0,220582.0,63318.0,59074.76182787018,0
4311643,Linha Nova,RS,Rio Grande do Sul,Sul,Metropolitana de Porto Alegre,Montenegro,1724.0,65579.0,14506.0,38086.0,3032.0,8218.0,38038.863109048725,0
4311700,Machadinho,RS,Rio Grande do Sul,Sul,Noroeste Rio-grandense,Sananduva,5411.0,272824.0,38958.0,123141.0,12848.0,80885.0,50420.2550360377,0
4311718,Maçambará,RS,Rio Grande do Sul,Sul,Sudoeste Rio-grandense,Campanha Ocidental,4539.0,582043.0,39318.0,445452.0,16905.0,66429.0,128231.548799295,0
4311734,Mampituba,RS,Rio Grande do Sul,Sul,Metropolitana de Porto Alegre,Osório,2965.0,70214.0,23368.0,28644.0,4263.0,11759.0,23680.94435075885,0
4311759,Manoel Viana,RS,Rio Grande do Sul,Sul,Sudoeste Rio-grandense,Campanha Ocidental,7315.0,546972.0,52659.0,369994.0,17095.0,90881.0,74774.02597402598,0
4311775,Maquiné,RS,Rio Grande do Sul,Sul,Metropolitana de Porto Alegre,Osório,6747.0,190484.0,42909.0,36972.0,34598.0,62270.0,28232.39958500074,0
4311791,Maratá,RS,Rio Grande do Sul,Sul,Metropolitana de Porto Alegre,Montenegro,2713.0,80817.0,22769.0,34016.0,4254.0,16322.0,29788.794692222637,0
4311809,Marau,RS,Rio Grande do Sul,Sul,Noroeste Rio-grandense,Passo Fundo,45523.0,3060022.0,270008.0,398072.0,982152.0,985665.0,67219.251806779,1
4311908,Marcelino Ramos,RS,Rio Grande do Sul,Sul,Noroeste Rio-grandense,Erechim,4239.0,167825.0,30892.0,55058.0,16950.0,54123.0,39590.70535503657,0
4311981,Mariana Pimentel,RS,Rio Grande do Sul,Sul,Metropolitana de Porto Alegre,Porto Alegre,3892.0,104496.0,28863.0,47538.0,2701.0,20193.0,26848.92086330935,0
4312005,Mariano Moro,RS,Rio Grande do Sul,Sul,Noroeste Rio-grandense,Erechim,1987.0,72888.0,18421.0,33820.0,4087.0,13185.0,36682.43583291394,0
4312054,Marques de Souza,RS,Rio Grande do Sul,Sul,Centro Oriental Rio-grandense,Lajeado-Estrela,3981.0,124135.0,26645.0,44743.0,9400.0,33053.0,31181.86385330319,0
4312104,Mata,RS,Rio Grande do Sul,Sul,Centro Ocidental Rio-grandense,Santa Maria,4760.0,169006.0,31021.0,62877.0,14224.0,47468.0,35505.46218487395,0
4312138,Mato Castelhano,RS,Rio Grande do Sul,Sul,Noroeste Rio-grandense,Passo Fundo,2543.0,168255.0,22796.0,92071.0,4277.0,38930.0,66163.97955171058,0
4312153,Mato Leitão,RS,Rio Grande do Sul,Sul,Centro Oriental Rio-grandense,Santa Cruz do Sul,4627.0,180537.0,35264.0,38710.0,46484.0,43432.0,39018.15431164901,0
4312179,Mato Queimado,RS,Rio Grande do Sul,Sul,Noroeste Rio-grandense,Cerro Largo,1611.0,88446.0,15455.0,56533.0,2399.0,11894.0,54901.303538175045,0
4312203,Maximiliano de Almeida,RS,Rio Grande do Sul,Sul,Noroeste Rio-grandense,Sananduva,4254.0,161123.0,28732.0,67400.0,14018.0,42503.0,37875.646450399625,0
4312252,Minas do Leão,RS,Rio Grande do Sul,Sul,Metropolitana de Porto Alegre,São Jerônimo,8130.0,279177.0,50976.0,99414.0,12178.0,80398.0,34339.114391143914,0
4312302,Miraguaí,RS,Rio Grande do Sul,Sul,Noroeste Rio-grandense,Três Passos,4899.0,190386.0,32556.0,61065.0,33761.0,45073.0,38862.21677893448,0
4312351,Montauri,RS,Rio Grande do Sul,Sul,Nordeste Rio-grandense,Guaporé,1430.0,98138.0,14264.0,53648.0,7553.0,13424.0,68627.97202797203,0
4312377,Monte Alegre dos Campos,RS,Rio Grande do Sul,Sul,Nordeste Rio-grandense,Vacaria,3237.0,109730.0,27568.0,60996.0,3321.0,15267.0,33898.67160951498,0
4312385,Monte Belo do Sul,RS,Rio Grande do Sul,Sul,Nordeste Rio-grandense,Caxias do Sul,2514.0,94435.0,20884.0,30045.0,18665.0,16188.0,37563.64359586316,0
4312401,Montenegro,RS,Rio Grande do Sul,Sul,Metropolitana de Porto Alegre,Montenegro,66157.0,5752345.0,408415.0,130558.0,2376131.0,1700796.0,86949.90703931557,1
4312427,Mormaço,RS,Rio Grande do Sul,Sul,Noroeste Rio-grandense,Soledade,3139.0,153334.0,23899.0,69723.0,4160.0,43619.0,48848.04077731762,0
4312443,Morrinhos do Sul,RS,Rio Grande do Sul,Sul,Metropolitana de Porto Alegre,Osório,2891.0,81466.0,23556.0,33149.0,3620.0,17330.0,28179.17675544794,0
4312450,Morro Redondo,RS,Rio Grande do Sul,Sul,Sudeste Rio-grandense,Pelotas,6609.0,132445.0,42294.0,26386.0,14466.0,36616.0,20040.096837645637,0
4312476,Morro Reuter,RS,Rio Grande do Sul,Sul,Metropolitana de Porto Alegre,Gramado-Canela,6570.0,274167.0,40902.0,46513.0,88453.0,71028.0,41730.13698630137,0
4312500,Mostardas,RS,Rio Grande do Sul,Sul,Metropolitana de Porto Alegre,Osório,12888.0,643326.0,79312.0,348815.0,38140.0,147719.0,49916.66666666666,1
4312609,Muçum,RS,Rio Grande do Sul,Sul,Centro Oriental Rio-grandense,Lajeado-Estrela,4967.0,301852.0,32475.0,30773.0,134584.0,77631.0,60771.49184618482,0
4312617,Muitos Capões,RS,Rio Grande do Sul,Sul,Nordeste Rio-grandense,Vacaria,3184.0,1122086.0,29916.0,677494.0,180344.0,168323.0,352413.9447236181,1
4312625,Muliterno,RS,Rio Grande do Sul,Sul,Noroeste Rio-grandense,Passo Fundo,1901.0,91988.0,16753.0,58337.0,2700.0,12059.0,48389.26880589164,0
4312658,Não-Me-Toque,RS,Rio Grande do Sul,Sul,Noroeste Rio-grandense,Não-Me-Toque,17886.0,2207535.0,113869.0,214105.0,907581.0,622861.0,123422.50922509225,1
4312674,Nicolau Vergueiro,RS,Rio Grande do Sul,Sul,Noroeste Rio-grandense,Passo Fundo,1667.0,146252.0,17366.0,83655.0,3286.0,32920.0,87733.65326934613,0
4312708,Nonoai,RS,Rio Grande do Sul,Sul,Noroeste Rio-grandense,Frederico Westphalen,11574.0,525507.0,69842.0,129571.0,31826.0,231881.0,45404.09538621047,1
4312757,Nova Alvorada,RS,Rio Grande do Sul,Sul,Nordeste Rio-grandense,Guaporé,3698.0,236575.0,27751.0,84527.0,12326.0,73776.0,63973.769605192,0
4312807,Nova Araçá,RS,Rio Grande do Sul,Sul,Nordeste Rio-grandense,Guaporé,4890.0,327226.0,30723.0,62894.0,107503.0,79823.0,66917.38241308794,0
4312906,Nova Bassano,RS,Rio Grande do Sul,Sul,Nordeste Rio-grandense,Guaporé,10089.0,802207.0,57170.0,135480.0,400424.0,145877.0,79513.03399742294,1
4312955,Nova Boa Vista,RS,Rio Grande do Sul,Sul,Noroeste Rio-grandense,Carazinho,1731.0,145343.0,16189.0,55103.0,27608.0,31340.0,83964.76025418832,0
4313003,Nova Bréscia,RS,Rio Grande do Sul,Sul,Centro Oriental Rio-grandense,Lajeado-Estrela,3345.0,141144.0,24290.0,60100.0,16171.0,30521.0,42195.51569506727,0
4313011,Nova Candelária,RS,Rio Grande do Sul,Sul,Noroeste Rio-grandense,Três Passos,2677.0,229431.0,21586.0,87287.0,58652.0,37000.0,85704.5199850579,0
4313037,Nova Esperança do Sul,RS,Rio Grande do Sul,Sul,Centro Ocidental Rio-grandense,Santa Maria,5465.0,172366.0,33980.0,39991.0,35830.0,47678.0,31539.981701738336,0
4313060,Nova Hartz,RS,Rio Grande do Sul,Sul,Metropolitana de Porto Alegre,Porto Alegre,22147.0,805698.0,123990.0,3903.0,416575.0,189504.0,36379.55479297422,1
4313086,Nova Pádua,RS,Rio Grande do Sul,Sul,Nordeste Rio-grandense,Caxias do Sul,2563.0,100211.0,17933.0,37257.0,13694.0,21632.0,39099.10261412407,0
4313102,Nova Palma,RS,Rio Grande do Sul,Sul,Centro Ocidental Rio-grandense,Restinga Seca,6519.0,382689.0,42493.0,105605.0,87139.0,118831.0,58703.63552692131,0
4313201,Nova Petrópolis,RS,Rio Grande do Sul,Sul,Metropolitana de Porto Alegre,Gramado-Canela,21717.0,972689.0,135472.0,57426.0,200432.0,415781.0,44789.28949670765,1
4313300,Nova Prata,RS,Rio Grande do Sul,Sul,Nordeste Rio-grandense,Guaporé,28021.0,1730043.0,177061.0,94572.0,597217.0,589996.0,61740.94429178116,1
4313334,Nova Ramada,RS,Rio Grande do Sul,Sul,Noroeste Rio-grandense,Ijuí,2195.0,304678.0,20333.0,160982.0,34708.0,64641.0,138805.46697038724,0
4313359,Nova Roma do Sul,RS,Rio Grande do Sul,Sul,Nordeste Rio-grandense,Caxias do Sul,3743.0,169305.0,28823.0,45506.0,40091.0,37190.0,45232.4338765696,0
4313375,Nova Santa Rita,RS,Rio Grande do Sul,Sul,Metropolitana de Porto Alegre,Porto Alegre,30482.0,2487522.0,201355.0,40368.0,615231.0,866891.0,81606.25943179581,1
4313391,Novo Cabrais,RS,Rio Grande do Sul,Sul,Centro Oriental Rio-grandense,Cachoeira do Sul,4246.0,133172.0,29878.0,68698.0,6485.0,23258.0,31364.10739519548,0
4313409,Novo Hamburgo,RS,Rio Grande do Sul,Sul,Metropolitana de Porto Alegre,Porto Alegre,247303.0,10037923.0,1289673.0,28060.0,2274986.0,5086531.0,40589.57230603753,1
4313425,Novo Machado,RS,Rio Grande do Sul,Sul,Noroeste Rio-grandense,Santa Rosa,3191.0,186355.0,26806.0,111829.0,4556.0,35026.0,58400.188028831086,0
4313441,Novo Tiradentes,RS,Rio Grande do Sul,Sul,Noroeste Rio-grandense,Frederico Westphalen,2189.0,74729.0,17643.0,39001.0,1546.0,13685.0,34138.419369575146,0
4313466,Novo Xingu,RS,Rio Grande do Sul,Sul,Noroeste Rio-grandense,Frederico Westphalen,1705.0,75034.0,16769.0,39697.0,2606.0,13183.0,44008.21114369501,0
4313490,Novo Barreiro,RS,Rio Grande do Sul,Sul,Noroeste Rio-grandense,Carazinho,4185.0,135200.0,29760.0,56439.0,8135.0,33504.0,32305.85424133811,0
4313508,Osório,RS,Rio Grande do Sul,Sul,Metropolitana de Porto Alegre,Osório,46815.0,1819038.0,333844.0,62369.0,252178.0,999383.0,38855.87952579302,1
4313607,Paim Filho,RS,Rio Grande do Sul,Sul,Noroeste Rio-grandense,Sananduva,3731.0,167646.0,26684.0,76430.0,9641.0,43673.0,44933.26186009113,0
4313656,Palmares do Sul,RS,Rio Grande do Sul,Sul,Metropolitana de Porto Alegre,Osório,11342.0,735606.0,77086.0,171623.0,266750.0,177310.0,64856.815376476814,1
4313706,Palmeira das Missões,RS,Rio Grande do Sul,Sul,Noroeste Rio-grandense,Carazinho,32967.0,2215057.0,203815.0,980810.0,82280.0,772013.0,67190.12952346286,1
4313805,Palmitinho,RS,Rio Grande do Sul,Sul,Noroeste Rio-grandense,Frederico Westphalen,7056.0,271643.0,48358.0,82356.0,42592.0,81138.0,38498.15759637188,0
4313904,Panambi,RS,Rio Grande do Sul,Sul,Noroeste Rio-grandense,Ijuí,44583.0,3167752.0,261823.0,263177.0,1330221.0,929974.0,71052.91254514053,1
4313953,Pantano Grande,RS,Rio Grande do Sul,Sul,Centro Oriental Rio-grandense,Cachoeira do Sul,8995.0,533689.0,61122.0,180370.0,103903.0,146545.0,59331.73985547527,1
4314001,Paraí,RS,Rio Grande do Sul,Sul,Nordeste Rio-grandense,Guaporé,7793.0,424447.0,46142.0,82993.0,112018.0,119138.0,54465.16104196073,0
4314027,Paraíso do Sul,RS,Rio Grande do Sul,Sul,Centro Oriental Rio-grandense,Cachoeira do Sul,7635.0,207386.0,45257.0,87615.0,6397.0,56385.0,27162.540929927964,0
4314035,Pareci Novo,RS,Rio Grande do Sul,Sul,Metropolitana de Porto Alegre,Montenegro,3885.0,136435.0,28720.0,37733.0,9819.0,44875.0,35118.40411840412,0
4314050,Parobé,RS,Rio Grande do Sul,Sul,Metropolitana de Porto Alegre,Porto Alegre,59419.0,1390320.0,311126.0,6234.0,383042.0,563796.0,23398.57621299584,1
4314068,Passa Sete,RS,Rio Grande do Sul,Sul,Centro Oriental Rio-grandense,Santa Cruz do Sul,5790.0,132983.0,34432.0,70066.0,3656.0,20411.0,22967.70293609672,0
4314076,Passo do Sobrado,RS,Rio Grande do Sul,Sul,Centro Oriental Rio-grandense,Cachoeira do Sul,6612.0,229641.0,43115.0,97046.0,26115.0,44827.0,34730.943738656984,0
4314100,Passo Fundo,RS,Rio Grande do Sul,Sul,Noroeste Rio-grandense,Passo Fundo,206103.0,12552867.0,1141234.0,329161.0,1433975.0,7675071.0,60905.7946754778,1
4314134,Paulo Bento,RS,Rio Grande do Sul,Sul,Noroeste Rio-grandense,Erechim,2303.0,195870.0,20831.0,66393.0,61249.0,29248.0,85049.93486756405,0
4314159,Paverama,RS,Rio Grande do Sul,Sul,Centro Oriental Rio-grandense,Lajeado-Estrela,8541.0,242458.0,48839.0,63293.0,57713.0,51681.0,28387.54244233696,0
4314175,Pedras Altas,RS,Rio Grande do Sul,Sul,Sudeste Rio-grandense,Serras de Sudeste,1928.0,386190.0,22859.0,306315.0,9382.0,40636.0,200306.0165975104,0
4314209,Pedro Osório,RS,Rio Grande do Sul,Sul,Sudeste Rio-grandense,Pelotas,7683.0,270651.0,43708.0,139067.0,12283.0,65306.0,35227.25497852401,0
4314308,Pejuçara,RS,Rio Grande do Sul,Sul,Noroeste Rio-grandense,Ijuí,3840.0,464212.0,31228.0,304802.0,13124.0,96260.0,120888.54166666669,0
4314407,Pelotas,RS,Rio Grande do Sul,Sul,Sudeste Rio-grandense,Pelotas,343826.0,10778176.0,1916619.0,434024.0,1319878.0,5896027.0,31347.76311273725,1
4314423,Picada Café,RS,Rio Grande do Sul,Sul,Metropolitana de Porto Alegre,Gramado-Canela,5780.0,386453.0,40958.0,16997.0,184984.0,84104.0,66860.38062283737,0
4314456,Pinhal,RS,Rio Grande do Sul,Sul,Noroeste Rio-grandense,Carazinho,2581.0,123342.0,21851.0,54475.0,15905.0,22656.0,47788.45408756296,0
4314464,Pinhal da Serra,RS,Rio Grande do Sul,Sul,Nordeste Rio-grandense,Vacaria,1896.0,304725.0,25847.0,84947.0,147784.0,21729.0,160719.93670886077,0
4314472,Pinhal Grande,RS,Rio Grande do Sul,Sul,Centro Ocidental Rio-grandense,Santiago,4309.0,931834.0,36280.0,164251.0,654427.0,61969.0,216252.958923184,1
4314498,Pinheirinho do Vale,RS,Rio Grande do Sul,Sul,Noroeste Rio-grandense,Frederico Westphalen,4926.0,131549.0,33793.0,65037.0,7035.0,21482.0,26705.03451075924,0
4314506,Pinheiro Machado,RS,Rio Grande do Sul,Sul,Sudeste Rio-grandense,Serras de Sudeste,12122.0,397726.0,73157.0,111162.0,76850.0,110610.0,32810.26233294836,0
4314548,Pinto Bandeira,RS,Rio Grande do Sul,Sul,Nordeste Rio-grandense,Caxias do Sul,3068.0,74286.0,20160.0,21671.0,7831.0,15657.0,24213.16818774446,0
4314555,Pirapó,RS,Rio Grande do Sul,Sul,Noroeste Rio-grandense,Santo Ângelo,2205.0,94672.0,20300.0,54201.0,1949.0,15563.0,42935.14739229025,0
4314605,Piratini,RS,Rio Grande do Sul,Sul,Sudeste Rio-grandense,Serras de Sudeste,20743.0,880277.0,124245.0,518081.0,47488.0,158182.0,42437.304150797856,1
4314704,Planalto,RS,Rio Grande do Sul,Sul,Noroeste Rio-grandense,Frederico Westphalen,9957.0,252508.0,60291.0,50624.0,32545.0,89005.0,25359.84734357738,0
4314753,Poço das Antas,RS,Rio Grande do Sul,Sul,Metropolitana de Porto Alegre,Montenegro,2105.0,131757.0,18115.0,30989.0,42236.0,26068.0,62592.39904988124,0
4314779,Pontão,RS,Rio Grande do Sul,Sul,Noroeste Rio-grandense,Passo Fundo,3898.0,403317.0,32841.0,284899.0,11537.0,61232.0,103467.67573114418,0
4314787,Ponte Preta,RS,Rio Grande do Sul,Sul,Noroeste Rio-grandense,Erechim,1501.0,96049.0,15298.0,58572.0,3403.0,13963.0,63990.00666222518,0
4314803,Portão,RS,Rio Grande do Sul,Sul,Metropolitana de Porto Alegre,Montenegro,38081.0,1662403.0,202732.0,54304.0,596854.0,538541.0,43654.394579974265,1
4314902,Porto Alegre,RS,Rio Grande do Sul,Sul,Metropolitana de Porto Alegre,Porto Alegre,1492530.0,81563063.0,7908539.0,36860.0,6584097.0,54872539.0,54647.51998284792,1
4315008,Porto Lucena,RS,Rio Grande do Sul,Sul,Noroeste Rio-grandense,Santa Rosa,4514.0,135662.0,29152.0,58768.0,3437.0,38774.0,30053.610988037217,0
4315057,Porto Mauá,RS,Rio Grande do Sul,Sul,Noroeste Rio-grandense,Santa Rosa,2332.0,89350.0,18537.0,44034.0,1950.0,20167.0,38314.7512864494,0
4315073,Porto Vera Cruz,RS,Rio Grande do Sul,Sul,Noroeste Rio-grandense,Santa Rosa,1258.0,45212.0,13406.0,22095.0,895.0,7466.0,35939.586645469,0
4315107,Porto Xavier,RS,Rio Grande do Sul,Sul,Noroeste Rio-grandense,Cerro Largo,10144.0,210927.0,62229.0,37565.0,9214.0,85068.0,20793.27681388013,0
4315131,Pouso Novo,RS,Rio Grande do Sul,Sul,Centro Oriental Rio-grandense,Lajeado-Estrela,1586.0,61420.0,14726.0,25753.0,2617.0,15434.0,38726.35561160151,0
4315149,Presidente Lucena,RS,Rio Grande do Sul,Sul,Metropolitana de Porto Alegre,Gramado-Canela,2972.0,213813.0,21216.0,16630.0,106418.0,42038.0,71942.46298788695,0
4315156,Progresso,RS,Rio Grande do Sul,Sul,Centro Oriental Rio-grandense,Lajeado-Estrela,6235.0,166517.0,37690.0,72788.0,9272.0,40017.0,26706.81635926223,0
4315172,Protásio Alves,RS,Rio Grande do Sul,Sul,Nordeste Rio-grandense,Guaporé,1929.0,93263.0,15902.0,51781.0,8702.0,12457.0,48347.84862623121,0
4315206,Putinga,RS,Rio Grande do Sul,Sul,Nordeste Rio-grandense,Guaporé,3861.0,133443.0,24715.0,61639.0,11236.0,28620.0,34561.77156177156,0
4315305,Quaraí,RS,Rio Grande do Sul,Sul,Sudoeste Rio-grandense,Campanha Ocidental,22531.0,625752.0,123786.0,201581.0,25408.0,234118.0,27772.93506724069,1
4315313,Quatro Irmãos,RS,Rio Grande do Sul,Sul,Noroeste Rio-grandense,Erechim,1860.0,185963.0,18487.0,122342.0,8272.0,30121.0,99980.10752688172,0
4315321,Quevedos,RS,Rio Grande do Sul,Sul,Centro Ocidental Rio-grandense,Santiago,2793.0,299304.0,25438.0,198235.0,6706.0,53345.0,107162.1911922664,0
4315354,Quinze de Novembro,RS,Rio Grande do Sul,Sul,Noroeste Rio-grandense,Cruz Alta,3810.0,255121.0,30018.0,142176.0,15233.0,54708.0,66960.89238845144,0
4315404,Redentora,RS,Rio Grande do Sul,Sul,Noroeste Rio-grandense,Três Passos,11782.0,232904.0,62347.0,103317.0,6119.0,50361.0,19767.781361398746,0
4315453,Relvado,RS,Rio Grande do Sul,Sul,Centro Oriental Rio-grandense,Lajeado-Estrela,2068.0,82687.0,15346.0,48501.0,3140.0,12857.0,39984.04255319149,0
4315503,Restinga Sêca,RS,Rio Grande do Sul,Sul,Centro Ocidental Rio-grandense,Restinga Seca,15702.0,673423.0,92180.0,277830.0,53166.0,206020.0,42887.721309387336,1
4315552,Rio dos Índios,RS,Rio Grande do Sul,Sul,Noroeste Rio-grandense,Frederico Westphalen,2571.0,136486.0,23216.0,75282.0,3847.0,27259.0,53086.73667833528,0
4315602,Rio Grande,RS,Rio Grande do Sul,Sul,Sudeste Rio-grandense,Litoral Lagunar,212881.0,13282201.0,1322966.0,440806.0,4237229.0,5052638.0,62392.60901630489,1
4315701,Rio Pardo,RS,Rio Grande do Sul,Sul,Centro Oriental Rio-grandense,Cachoeira do Sul,38257.0,1390525.0,222503.0,571617.0,106576.0,405450.0,36346.94304310322,1
4315750,Riozinho,RS,Rio Grande do Sul,Sul,Metropolitana de Porto Alegre,Gramado-Canela,4698.0,155849.0,31216.0,7066.0,64500.0,36461.0,33173.478075776926,0
4315800,Roca Sales,RS,Rio Grande do Sul,Sul,Centro Oriental Rio-grandense,Lajeado-Estrela,11556.0,576083.0,66705.0,78996.0,257697.0,125811.0,49851.41917618553,1
4315909,Rodeio Bonito,RS,Rio Grande do Sul,Sul,Noroeste Rio-grandense,Frederico Westphalen,5868.0,279280.0,40816.0,79225.0,21891.0,86621.0,47593.72869802318,0
4315958,Rolador,RS,Rio Grande do Sul,Sul,Noroeste Rio-grandense,Santo Ângelo,2270.0,161914.0,22482.0,109714.0,3583.0,21606.0,71327.75330396475,0
4316006,Rolante,RS,Rio Grande do Sul,Sul,Metropolitana de Porto Alegre,Gramado-Canela,21591.0,731611.0,124385.0,27747.0,223350.0,263319.0,33884.998378954195,1
4316105,Ronda Alta,RS,Rio Grande do Sul,Sul,Noroeste Rio-grandense,Passo Fundo,10633.0,471554.0,59303.0,201777.0,17613.0,161711.0,44348.16138436941,0
4316204,Rondinha,RS,Rio Grande do Sul,Sul,Noroeste Rio-grandense,Frederico Westphalen,5033.0,268874.0,36428.0,139558.0,7479.0,70575.0,53422.21339161534,0
4316303,Roque Gonzales,RS,Rio Grande do Sul,Sul,Noroeste Rio-grandense,Cerro Largo,6750.0,437026.0,41169.0,105671.0,210361.0,66231.0,64744.59259259259,0
4316402,Rosário do Sul,RS,Rio Grande do Sul,Sul,Sudoeste Rio-grandense,Campanha Central,39210.0,1381976.0,214818.0,507512.0,60427.0,498669.0,35245.49859729661,1
4316428,Sagrada Família,RS,Rio Grande do Sul,Sul,Noroeste Rio-grandense,Carazinho,2601.0,82616.0,19971.0,38776.0,2647.0,17594.0,31763.16801230296,0
4316436,Saldanha Marinho,RS,Rio Grande do Sul,Sul,Noroeste Rio-grandense,Cruz Alta,2596.0,254248.0,21682.0,145084.0,5558.0,66453.0,97938.36671802774,0
4316451,Salto do Jacuí,RS,Rio Grande do Sul,Sul,Noroeste Rio-grandense,Cruz Alta,12512.0,1213458.0,81145.0,204202.0,772162.0,128571.0,96983.5358056266,1
4316477,Salvador das Missões,RS,Rio Grande do Sul,Sul,Noroeste Rio-grandense,Cerro Largo,2734.0,178470.0,22287.0,66042.0,18015.0,55160.0,65277.98098024872,0
4316501,Salvador do Sul,RS,Rio Grande do Sul,Sul,Metropolitana de Porto Alegre,Montenegro,7975.0,337663.0,46830.0,73681.0,72996.0,102286.0,42340.188087774295,0
4316600,Sananduva,RS,Rio Grande do Sul,Sul,Noroeste Rio-grandense,Sananduva,16382.0,843826.0,92857.0,214643.0,108381.0,320789.0,51509.33951898425,1
4316709,Santa Bárbara do Sul,RS,Rio Grande do Sul,Sul,Noroeste Rio-grandense,Cruz Alta,7813.0,1336030.0,58478.0,703242.0,52271.0,404253.0,171000.89594265967,1
4316733,Santa Cecília do Sul,RS,Rio Grande do Sul,Sul,Noroeste Rio-grandense,Passo Fundo,1630.0,143880.0,16703.0,105055.0,3275.0,16218.0,88269.93865030675,0
4316758,Santa Clara do Sul,RS,Rio Grande do Sul,Sul,Centro Oriental Rio-grandense,Lajeado-Estrela,6755.0,339107.0,43990.0,40527.0,141859.0,79171.0,50200.88823094004,0
4316808,Santa Cruz do Sul,RS,Rio Grande do Sul,Sul,Centro Oriental Rio-grandense,Santa Cruz do Sul,132271.0,9815201.0,831550.0,244597.0,2071990.0,3858200.0,74205.23773162674,1
4316907,Santa Maria,RS,Rio Grande do Sul,Sul,Centro Ocidental Rio-grandense,Santa Maria,285159.0,9562066.0,1488180.0,390982.0,1097558.0,5489815.0,33532.40122177452,1
4316956,Santa Maria do Herval,RS,Rio Grande do Sul,Sul,Metropolitana de Porto Alegre,Gramado-Canela,6382.0,279409.0,39010.0,83767.0,67733.0,67164.0,43780.789721090565,0
4316972,Santa Margarida do Sul,RS,Rio Grande do Sul,Sul,Sudoeste Rio-grandense,Campanha Central,2593.0,361016.0,24804.0,241654.0,13718.0,62356.0,139227.15001928268,0
4317004,Santana da Boa Vista,RS,Rio Grande do Sul,Sul,Sudeste Rio-grandense,Serras de Sudeste,8037.0,364901.0,52405.0,236344.0,10503.0,56975.0,45402.6378001742,0
4317103,Sant'Ana do Livramento,RS,Rio Grande do Sul,Sul,Sudoeste Rio-grandense,Campanha Central,75647.0,2823928.0,442510.0,639519.0,455492.0,1088430.0,37330.33695982656,1
4317202,Santa Rosa,RS,Rio Grande do Sul,Sul,Noroeste Rio-grandense,Santa Rosa,73882.0,3732053.0,456264.0,258499.0,925505.0,1562774.0,50513.6975176633,1
4317251,Santa Tereza,RS,Rio Grande do Sul,Sul,Nordeste Rio-grandense,Caxias do Sul,1722.0,49851.0,14179.0,19685.0,3582.0,9796.0,28949.477351916372,0
4317301,Santa Vitória do Palmar,RS,Rio Grande do Sul,Sul,Sudeste Rio-grandense,Litoral Lagunar,29298.0,1755631.0,218294.0,822390.0,264676.0,375765.0,59923.23708102942,1
4317400,Santiago,RS,Rio Grande do Sul,Sul,Centro Ocidental Rio-grandense,Santiago,49298.0,2021451.0,263576.0,425749.0,107701.0,1011024.0,41004.72635806727,1
4317509,Santo Ângelo,RS,Rio Grande do Sul,Sul,Noroeste Rio-grandense,Santo Ângelo,77544.0,3180273.0,415011.0,332632.0,469693.0,1604726.0,41012.49613122872,1
4317558,Santo Antônio do Palma,RS,Rio Grande do Sul,Sul,Noroeste Rio-grandense,Passo Fundo,2118.0,119797.0,17377.0,67582.0,5314.0,22526.0,56561.37865911237,0
4317608,Santo Antônio da Patrulha,RS,Rio Grande do Sul,Sul,Metropolitana de Porto Alegre,Osório,43397.0,1680505.0,241372.0,182190.0,465688.0,587258.0,38723.99013756711,1
4317707,Santo Antônio das Missões,RS,Rio Grande do Sul,Sul,Noroeste Rio-grandense,Santo Ângelo,9930.0,673946.0,62008.0,432306.0,16959.0,130644.0,67869.68781470292,1
4317756,Santo Antônio do Planalto,RS,Rio Grande do Sul,Sul,Noroeste Rio-grandense,Carazinho,2018.0,189470.0,23501.0,97950.0,21846.0,32868.0,93889.99008919722,0
4317806,Santo Augusto,RS,Rio Grande do Sul,Sul,Noroeste Rio-grandense,Ijuí,13813.0,848439.0,80567.0,335207.0,56338.0,297949.0,61423.22449866068,1
4317905,Santo Cristo,RS,Rio Grande do Sul,Sul,Noroeste Rio-grandense,Santa Rosa,14177.0,784071.0,84796.0,229303.0,74579.0,280685.0,55305.847499470976,1
4317954,Santo Expedito do Sul,RS,Rio Grande do Sul,Sul,Noroeste Rio-grandense,Sananduva,2287.0,128953.0,20432.0,78804.0,7142.0,17819.0,56385.22081329252,0
4318002,São Borja,RS,Rio Grande do Sul,Sul,Sudoeste Rio-grandense,Campanha Ocidental,59768.0,2570766.0,351229.0,795875.0,274240.0,928203.0,43012.41467005756,1
4318051,São Domingos do Sul,RS,Rio Grande do Sul,Sul,Noroeste Rio-grandense,Passo Fundo,3091.0,123436.0,22904.0,46577.0,23318.0,23453.0,39934.00194111938,0
4318101,São Francisco de Assis,RS,Rio Grande do Sul,Sul,Sudoeste Rio-grandense,Campanha Ocidental,18081.0,804124.0,113929.0,437723.0,23417.0,197345.0,44473.425142414686,1
4318200,São Francisco de Paula,RS,Rio Grande do Sul,Sul,Nordeste Rio-grandense,Vacaria,21871.0,1026518.0,133620.0,475151.0,92413.0,261246.0,46935.11956472041,1
4318309,São Gabriel,RS,Rio Grande do Sul,Sul,Sudoeste Rio-grandense,Campanha Central,62187.0,2723193.0,343476.0,1040024.0,225013.0,921002.0,43790.39027449467,1
4318408,São Jerônimo,RS,Rio Grande do Sul,Sul,Metropolitana de Porto Alegre,São Jerônimo,24569.0,667014.0,132545.0,102922.0,83039.0,295957.0,27148.60189669909,1
4318424,São João da Urtiga,RS,Rio Grande do Sul,Sul,Noroeste Rio-grandense,Sananduva,4625.0,184149.0,29044.0,77046.0,5998.0,56507.0,39816.0,0
4318432,São João do Polêsine,RS,Rio Grande do Sul,Sul,Centro Ocidental Rio-grandense,Restinga Seca,2535.0,104818.0,18987.0,22131.0,10295.0,43975.0,41348.32347140039,0
4318440,São Jorge,RS,Rio Grande do Sul,Sul,Nordeste Rio-grandense,Guaporé,2808.0,133331.0,21053.0,69618.0,11306.0,24650.0,47482.54985754986,0
4318457,São José das Missões,RS,Rio Grande do Sul,Sul,Noroeste Rio-grandense,Carazinho,2491.0,93351.0,22782.0,43978.0,2842.0,19654.0,37475.31112003212,0
4318465,São José do Herval,RS,Rio Grande do Sul,Sul,Noroeste Rio-grandense,Soledade,1917.0,59113.0,17179.0,21945.0,1774.0,14688.0,30836.20239958268,0
4318481,São José do Hortêncio,RS,Rio Grande do Sul,Sul,Metropolitana de Porto Alegre,Montenegro,4924.0,117866.0,29968.0,19147.0,25039.0,31916.0,23937.043054427293,0
4318499,São José do Inhacorá,RS,Rio Grande do Sul,Sul,Noroeste Rio-grandense,Santa Rosa,2040.0,183794.0,19396.0,58444.0,60201.0,32019.0,90095.09803921568,0
4318507,São José do Norte,RS,Rio Grande do Sul,Sul,Sudeste Rio-grandense,Litoral Lagunar,27866.0,792704.0,168617.0,117293.0,241974.0,213839.0,28446.99633962535,1
4318606,São José do Ouro,RS,Rio Grande do Sul,Sul,Noroeste Rio-grandense,Sananduva,6911.0,463018.0,41392.0,164757.0,24719.0,185888.0,66997.25075965852,0
4318614,São José do Sul,RS,Rio Grande do Sul,Sul,Metropolitana de Porto Alegre,Montenegro,2464.0,94019.0,19824.0,36730.0,12292.0,16810.0,38157.06168831169,0
4318622,São José dos Ausentes,RS,Rio Grande do Sul,Sul,Nordeste Rio-grandense,Vacaria,3559.0,155632.0,27676.0,73182.0,13519.0,35332.0,43729.13739814555,0
4318705,São Leopoldo,RS,Rio Grande do Sul,Sul,Metropolitana de Porto Alegre,Porto Alegre,240378.0,10855414.0,1425925.0,2470.0,2557762.0,4500358.0,45159.76503673381,1
4318804,São Lourenço do Sul,RS,Rio Grande do Sul,Sul,Sudeste Rio-grandense,Pelotas,43501.0,1701071.0,253480.0,654873.0,111238.0,562264.0,39104.18151306867,1
4318903,São Luiz Gonzaga,RS,Rio Grande do Sul,Sul,Noroeste Rio-grandense,Santo Ângelo,33124.0,1903783.0,185592.0,561193.0,188430.0,774792.0,57474.42941673711,1
4319000,São Marcos,RS,Rio Grande do Sul,Sul,Nordeste Rio-grandense,Caxias do Sul,21756.0,1145393.0,121566.0,48242.0,409878.0,374442.0,52647.22375436661,1
4319109,São Martinho,RS,Rio Grande do Sul,Sul,Noroeste Rio-grandense,Três Passos,5336.0,354030.0,35339.0,144527.0,27836.0,115880.0,66347.45127436281,0
4319125,São Martinho da Serra,RS,Rio Grande do Sul,Sul,Centro Ocidental Rio-grandense,Santa Maria,3228.0,336100.0,26838.0,232319.0,8615.0,54426.0,104120.19826517969,0
4319158,São Miguel das Missões,RS,Rio Grande do Sul,Sul,Noroeste Rio-grandense,Santo Ângelo,7692.0,867930.0,56202.0,564984.0,25771.0,182819.0,112835.41341653666,1
4319208,São Nicolau,RS,Rio Grande do Sul,Sul,Noroeste Rio-grandense,Santo Ângelo,5153.0,228047.0,37331.0,130814.0,6672.0,44769.0,44255.19115078595,0
4319307,São Paulo das Missões,RS,Rio Grande do Sul,Sul,Noroeste Rio-grandense,Cerro Largo,5654.0,200549.0,38248.0,87915.0,13699.0,50196.0,35470.2865228157,0
4319356,São Pedro da Serra,RS,Rio Grande do Sul,Sul,Metropolitana de Porto Alegre,Montenegro,3881.0,113228.0,25680.0,29124.0,23684.0,24306.0,29174.95490852873,0
4319364,São Pedro das Missões,RS,Rio Grande do Sul,Sul,Noroeste Rio-grandense,Carazinho,2025.0,114178.0,20752.0,55256.0,2471.0,27989.0,56384.1975308642,0
4319372,São Pedro do Butiá,RS,Rio Grande do Sul,Sul,Noroeste Rio-grandense,Cerro Largo,2950.0,161665.0,23843.0,89212.0,13584.0,27501.0,54801.69491525424,0
4319406,São Pedro do Sul,RS,Rio Grande do Sul,Sul,Centro Ocidental Rio-grandense,Santa Maria,16100.0,532258.0,96283.0,168610.0,45733.0,182433.0,33059.50310559006,1
4319505,São Sebastião do Caí,RS,Rio Grande do Sul,Sul,Metropolitana de Porto Alegre,Montenegro,26161.0,899461.0,146704.0,31530.0,204863.0,384946.0,34381.751462100074,1
4319604,São Sepé,RS,Rio Grande do Sul,Sul,Centro Ocidental Rio-grandense,Santa Maria,23492.0,1331321.0,141868.0,588230.0,99057.0,405917.0,56671.24978716159,1
4319703,São Valentim,RS,Rio Grande do Sul,Sul,Noroeste Rio-grandense,Erechim,3220.0,135541.0,25007.0,52067.0,11896.0,37300.0,42093.47826086957,0
4319711,São Valentim do Sul,RS,Rio Grande do Sul,Sul,Nordeste Rio-grandense,Guaporé,2248.0,95576.0,16907.0,37286.0,18640.0,17227.0,42516.014234875445,0
4319737,São Valério do Sul,RS,Rio Grande do Sul,Sul,Noroeste Rio-grandense,Ijuí,2732.0,90430.0,19611.0,55412.0,2365.0,11523.0,33100.292825768665,0
4319752,São Vendelino,RS,Rio Grande do Sul,Sul,Metropolitana de Porto Alegre,Montenegro,2288.0,95748.0,18034.0,8265.0,33259.0,22670.0,41847.9020979021,0
4319802,São Vicente do Sul,RS,Rio Grande do Sul,Sul,Centro Ocidental Rio-grandense,Santa Maria,8742.0,730555.0,55458.0,278836.0,217462.0,129519.0,83568.40539922215,1
4319901,Sapiranga,RS,Rio Grande do Sul,Sul,Metropolitana de Porto Alegre,Porto Alegre,80514.0,3615599.0,467532.0,9686.0,1531904.0,1187852.0,44906.46347219117,1
4320008,Sapucaia do Sul,RS,Rio Grande do Sul,Sul,Metropolitana de Porto Alegre,Porto Alegre,142508.0,4204086.0,821088.0,6545.0,1366830.0,1455496.0,29500.70171499144,1
4320107,Sarandi,RS,Rio Grande do Sul,Sul,Noroeste Rio-grandense,Carazinho,25024.0,1299139.0,146496.0,171575.0,213644.0,583686.0,51915.72090792839,1
4320206,Seberi,RS,Rio Grande do Sul,Sul,Noroeste Rio-grandense,Frederico Westphalen,10678.0,617245.0,69508.0,156819.0,89974.0,230598.0,57805.30061809328,1
4320230,Sede Nova,RS,Rio Grande do Sul,Sul,Noroeste Rio-grandense,Três Passos,2875.0,157535.0,21613.0,82627.0,6573.0,36574.0,54794.782608695656,0
4320263,Segredo,RS,Rio Grande do Sul,Sul,Centro Oriental Rio-grandense,Santa Cruz do Sul,7465.0,163088.0,42350.0,81879.0,5049.0,29253.0,21847.019423978567,0
4320305,Selbach,RS,Rio Grande do Sul,Sul,Noroeste Rio-grandense,Não-Me-Toque,5114.0,375174.0,33865.0,152710.0,39413.0,107103.0,73362.14313648807,0
4320321,Senador Salgado Filho,RS,Rio Grande do Sul,Sul,Noroeste Rio-grandense,Santo Ângelo,2761.0,149060.0,24020.0,88836.0,4533.0,24903.0,53987.68562115176,0
4320354,Sentinela do Sul,RS,Rio Grande do Sul,Sul,Metropolitana de Porto Alegre,Camaquã,5635.0,136267.0,32852.0,50449.0,17886.0,25998.0,24182.253771073647,0
4320404,Serafina Corrêa,RS,Rio Grande do Sul,Sul,Nordeste Rio-grandense,Guaporé,18074.0,782303.0,111847.0,106448.0,174289.0,297531.0,43283.33517760319,1
4320453,Sério,RS,Rio Grande do Sul,Sul,Centro Oriental Rio-grandense,Lajeado-Estrela,1889.0,59572.0,15210.0,30780.0,2618.0,8230.0,31536.26257278984,0
4320503,Sertão,RS,Rio Grande do Sul,Sul,Noroeste Rio-grandense,Passo Fundo,5220.0,534503.0,43071.0,350092.0,29203.0,91283.0,102395.21072796934,0
4320552,Sertão Santana,RS,Rio Grande do Sul,Sul,Metropolitana de Porto Alegre,Porto Alegre,6586.0,314768.0,40126.0,43701.0,58188.0,123081.0,47793.50136653508,0
4320578,Sete de Setembro,RS,Rio Grande do Sul,Sul,Noroeste Rio-grandense,Cerro Largo,1931.0,105652.0,18323.0,66907.0,3978.0,13631.0,54713.61988606939,0
4320602,Severiano de Almeida,RS,Rio Grande do Sul,Sul,Noroeste Rio-grandense,Erechim,3607.0,149414.0,28853.0,71165.0,7539.0,34216.0,41423.34349875242,0
4320651,Silveira Martins,RS,Rio Grande do Sul,Sul,Centro Ocidental Rio-grandense,Restinga Seca,2365.0,86631.0,19911.0,39602.0,4195.0,18826.0,36630.44397463002,0
4320677,Sinimbu,RS,Rio Grande do Sul,Sul,Centro Oriental Rio-grandense,Santa Cruz do Sul,10152.0,213482.0,63600.0,76341.0,9103.0,53608.0,21028.5657998424,0
4320701,Sobradinho,RS,Rio Grande do Sul,Sul,Centro Oriental Rio-grandense,Santa Cruz do Sul,15041.0,438644.0,84076.0,62845.0,35675.0,213709.0,29163.220530549832,0
4320800,Soledade,RS,Rio Grande do Sul,Sul,Noroeste Rio-grandense,Soledade,31067.0,1405196.0,175955.0,383180.0,186754.0,519655.0,45231.14558856664,1
4320859,Tabaí,RS,Rio Grande do Sul,Sul,Centro Oriental Rio-grandense,Lajeado-Estrela,4816.0,142087.0,33341.0,67975.0,8288.0,25783.0,29503.1146179402,0
4320909,Tapejara,RS,Rio Grande do Sul,Sul,Noroeste Rio-grandense,Passo Fundo,24973.0,1644548.0,143803.0,132150.0,592962.0,500711.0,65853.04128458735,1
4321006,Tapera,RS,Rio Grande do Sul,Sul,Noroeste Rio-grandense,Não-Me-Toque,10569.0,640275.0,60781.0,147802.0,106202.0,234121.0,60580.47118932728,1
4321105,Tapes,RS,Rio Grande do Sul,Sul,Metropolitana de Porto Alegre,Camaquã,17363.0,603914.0,93456.0,268830.0,50516.0,160666.0,34781.662155157515,1
4321204,Taquara,RS,Rio Grande do Sul,Sul,Metropolitana de Porto Alegre,Gramado-Canela,57740.0,1568880.0,302819.0,31087.0,295705.0,778293.0,27171.458261170766,1
4321303,Taquari,RS,Rio Grande do Sul,Sul,Centro Oriental Rio-grandense,Lajeado-Estrela,26907.0,1094083.0,142459.0,104214.0,371987.0,330219.0,40661.649384918426,1
4321329,Taquaruçu do Sul,RS,Rio Grande do Sul,Sul,Noroeste Rio-grandense,Frederico Westphalen,3081.0,188858.0,24131.0,67474.0,7460.0,68915.0,61297.63063940279,0
4321352,Tavares,RS,Rio Grande do Sul,Sul,Metropolitana de Porto Alegre,Osório,5484.0,124254.0,35985.0,44681.0,3154.0,34252.0,22657.549234135666,0
4321402,Tenente Portela,RS,Rio Grande do Sul,Sul,Noroeste Rio-grandense,Três Passos,13385.0,579215.0,77897.0,134996.0,37447.0,280479.0,43273.44041837879,1
4321436,Terra de Areia,RS,Rio Grande do Sul,Sul,Metropolitana de Porto Alegre,Osório,11323.0,291340.0,69435.0,20329.0,21543.0,146487.0,25729.930230504284,0
4321451,Teutônia,RS,Rio Grande do Sul,Sul,Centro Oriental Rio-grandense,Lajeado-Estrela,34275.0,1576011.0,206825.0,117910.0,445991.0,584228.0,45981.35667396061,1
4321469,Tio Hugo,RS,Rio Grande do Sul,Sul,Noroeste Rio-grandense,Não-Me-Toque,3078.0,174784.0,27019.0,65149.0,14830.0,51230.0,56784.92527615335,0
4321477,Tiradentes do Sul,RS,Rio Grande do Sul,Sul,Noroeste Rio-grandense,Três Passos,5532.0,196243.0,35129.0,87340.0,6524.0,52624.0,35474.150397686186,0
4321493,Toropi,RS,Rio Grande do Sul,Sul,Centro Ocidental Rio-grandense,Santa Maria,2753.0,101334.0,21301.0,45506.0,2255.0,26656.0,36808.57246640029,0
4321501,Torres,RS,Rio Grande do Sul,Sul,Metropolitana de Porto Alegre,Osório,39381.0,1382107.0,252182.0,49869.0,169906.0,796069.0,35095.7822300094,1
4321600,Tramandaí,RS,Rio Grande do Sul,Sul,Metropolitana de Porto Alegre,Osório,53507.0,1234556.0,334146.0,16773.0,113567.0,671817.0,23072.794213841174,1
4321626,Travesseiro,RS,Rio Grande do Sul,Sul,Centro Oriental Rio-grandense,Lajeado-Estrela,2331.0,78088.0,17121.0,38219.0,12164.0,7632.0,33499.7854997855,0
4321634,Três Arroios,RS,Rio Grande do Sul,Sul,Noroeste Rio-grandense,Erechim,2620.0,141197.0,20557.0,58790.0,11257.0,37427.0,53891.98473282443,0
4321667,Três Cachoeiras,RS,Rio Grande do Sul,Sul,Metropolitana de Porto Alegre,Osório,11174.0,308570.0,62881.0,29246.0,27495.0,151157.0,27614.99910506533,0
4321709,Três Coroas,RS,Rio Grande do Sul,Sul,Metropolitana de Porto Alegre,Gramado-Canela,28948.0,805149.0,152964.0,11291.0,290945.0,256720.0,27813.631338952604,1
4321808,Três de Maio,RS,Rio Grande do Sul,Sul,Noroeste Rio-grandense,Santa Rosa,23846.0,1353676.0,141469.0,218442.0,179926.0,625864.0,56767.424305963264,1
4321832,Três Forquilhas,RS,Rio Grande do Sul,Sul,Metropolitana de Porto Alegre,Osório,2643.0,64219.0,21560.0,25510.0,3100.0,11674.0,24297.767688233067,0
4321857,Três Palmeiras,RS,Rio Grande do Sul,Sul,Noroeste Rio-grandense,Frederico Westphalen,4232.0,178530.0,28923.0,68918.0,11505.0,54088.0,42185.72778827977,0
4321907,Três Passos,RS,Rio Grande do Sul,Sul,Noroeste Rio-grandense,Três Passos,23799.0,1033034.0,152402.0,165138.0,164114.0,444842.0,43406.61372326568,1
4321956,Trindade do Sul,RS,Rio Grande do Sul,Sul,Noroeste Rio-grandense,Frederico Westphalen,5781.0,351371.0,39986.0,107356.0,86868.0,83911.0,60780.31482442484,0
4322004,Triunfo,RS,Rio Grande do Sul,Sul,Metropolitana de Porto Alegre,São Jerônimo,30159.0,12982404.0,318807.0,186213.0,7196781.0,2420609.0,430465.3337312245,1
4322103,Tucunduva,RS,Rio Grande do Sul,Sul,Noroeste Rio-grandense,Santa Rosa,5612.0,259332.0,36500.0,91248.0,10976.0,99462.0,46210.26372059872,0
4322152,Tunas,RS,Rio Grande do Sul,Sul,Noroeste Rio-grandense,Soledade,4585.0,120845.0,28373.0,61120.0,3008.0,22614.0,26356.59760087241,0
4322186,Tupanci do Sul,RS,Rio Grande do Sul,Sul,Noroeste Rio-grandense,Sananduva,1447.0,94728.0,15371.0,56294.0,3614.0,16290.0,65465.1002073255,0
4322202,Tupanciretã,RS,Rio Grande do Sul,Sul,Centro Ocidental Rio-grandense,Santiago,24182.0,2052015.0,149536.0,1096641.0,62815.0,597037.0,84857.12513439749,1
4322251,Tupandi,RS,Rio Grande do Sul,Sul,Metropolitana de Porto Alegre,Montenegro,5019.0,533593.0,36282.0,60507.0,294613.0,79559.0,106314.60450288902,0
4322301,Tuparendi,RS,Rio Grande do Sul,Sul,Noroeste Rio-grandense,Santa Rosa,7730.0,383535.0,46879.0,141235.0,34282.0,129732.0,49616.42949547218,0
4322327,Turuçu,RS,Rio Grande do Sul,Sul,Sudeste Rio-grandense,Pelotas,3408.0,163727.0,29207.0,87414.0,5126.0,34061.0,48041.96009389671,0
4322343,Ubiretama,RS,Rio Grande do Sul,Sul,Noroeste Rio-grandense,Santo Ângelo,1952.0,110732.0,18172.0,69554.0,1771.0,17370.0,56727.45901639344,0
4322350,União da Serra,RS,Rio Grande do Sul,Sul,Nordeste Rio-grandense,Guaporé,1084.0,91174.0,13321.0,62755.0,2766.0,10011.0,84108.85608856089,0
4322376,Unistalda,RS,Rio Grande do Sul,Sul,Centro Ocidental Rio-grandense,Santiago,2306.0,149067.0,20395.0,101856.0,3867.0,19726.0,64643.10494362532,0
4322400,Uruguaiana,RS,Rio Grande do Sul,Sul,Sudoeste Rio-grandense,Campanha Ocidental,126766.0,3717113.0,723940.0,927382.0,310420.0,1454889.0,29322.63382926021,1
4322509,Vacaria,RS,Rio Grande do Sul,Sul,Nordeste Rio-grandense,Vacaria,66916.0,3245679.0,399044.0,882934.0,326465.0,1287635.0,48503.78085958515,1
4322525,Vale Verde,RS,Rio Grande do Sul,Sul,Metropolitana de Porto Alegre,São Jerônimo,3531.0,130453.0,26666.0,66470.0,8981.0,22445.0,36945.05805720759,0
4322533,Vale do Sol,RS,Rio Grande do Sul,Sul,Centro Oriental Rio-grandense,Santa Cruz do Sul,11873.0,272714.0,69323.0,111975.0,12127.0,64925.0,22969.25798029142,0
4322541,Vale Real,RS,Rio Grande do Sul,Sul,Metropolitana de Porto Alegre,Montenegro,6046.0,198294.0,37393.0,28472.0,60634.0,50655.0,32797.55210056235,0
4322558,Vanini,RS,Rio Grande do Sul,Sul,Noroeste Rio-grandense,Passo Fundo,2130.0,94776.0,18959.0,50984.0,4063.0,17747.0,44495.77464788732,0
4322608,Venâncio Aires,RS,Rio Grande do Sul,Sul,Centro Oriental Rio-grandense,Santa Cruz do Sul,72373.0,3732042.0,404103.0,279546.0,1116190.0,1374333.0,51566.77213878104,1
4322707,Vera Cruz,RS,Rio Grande do Sul,Sul,Centro Oriental Rio-grandense,Santa Cruz do Sul,27325.0,826722.0,167609.0,78996.0,126284.0,336224.0,30255.15096065874,1
4322806,Veranópolis,RS,Rio Grande do Sul,Sul,Nordeste Rio-grandense,Caxias do Sul,26813.0,1738706.0,145985.0,63959.0,702406.0,530389.0,64845.63458024093,1
4322855,Vespasiano Corrêa,RS,Rio Grande do Sul,Sul,Centro Oriental Rio-grandense,Lajeado-Estrela,1776.0,119440.0,16130.0,72326.0,5844.0,18754.0,67252.25225225225,0
4322905,Viadutos,RS,Rio Grande do Sul,Sul,Noroeste Rio-grandense,Erechim,4628.0,204582.0,29302.0,108404.0,10096.0,48725.0,44205.27225583405,0
4323002,Viamão,RS,Rio Grande do Sul,Sul,Metropolitana de Porto Alegre,Porto Alegre,257330.0,4335081.0,1286878.0,239233.0,682028.0,1744921.0,16846.3879065791,1
4323101,Vicente Dutra,RS,Rio Grande do Sul,Sul,Noroeste Rio-grandense,Frederico Westphalen,4530.0,126515.0,30826.0,67359.0,4233.0,21076.0,27928.25607064018,0
4323200,Victor Graeff,RS,Rio Grande do Sul,Sul,Noroeste Rio-grandense,Não-Me-Toque,2840.0,295872.0,24926.0,160658.0,23958.0,67007.0,104180.28169014084,0
4323309,Vila Flores,RS,Rio Grande do Sul,Sul,Nordeste Rio-grandense,Caxias do Sul,3407.0,297553.0,25605.0,53069.0,124030.0,56045.0,87335.77927795715,0
4323358,Vila Lângaro,RS,Rio Grande do Sul,Sul,Noroeste Rio-grandense,Passo Fundo,2070.0,168933.0,20946.0,96347.0,11929.0,29615.0,81610.14492753622,0
4323408,Vila Maria,RS,Rio Grande do Sul,Sul,Noroeste Rio-grandense,Passo Fundo,4368.0,389407.0,30011.0,142343.0,77707.0,87428.0,89149.9542124542,0
4323457,Vila Nova do Sul,RS,Rio Grande do Sul,Sul,Centro Ocidental Rio-grandense,Santa Maria,4274.0,195943.0,31041.0,97360.0,22738.0,34997.0,45845.34394010295,0
4323507,Vista Alegre,RS,Rio Grande do Sul,Sul,Noroeste Rio-grandense,Frederico Westphalen,2726.0,137064.0,22613.0,66668.0,6775.0,31375.0,50280.26412325752,0
4323606,Vista Alegre do Prata,RS,Rio Grande do Sul,Sul,Nordeste Rio-grandense,Guaporé,1553.0,85229.0,16382.0,43156.0,3168.0,16575.0,54880.23180940116,0
4323705,Vista Gaúcha,RS,Rio Grande do Sul,Sul,Noroeste Rio-grandense,Três Passos,2858.0,103513.0,20474.0,52502.0,3346.0,22084.0,36218.68439468159,0
4323754,Vitória das Missões,RS,Rio Grande do Sul,Sul,Noroeste Rio-grandense,Santo Ângelo,3052.0,159528.0,23414.0,90826.0,6333.0,27260.0,52269.986893840105,0
4323770,Westfália,RS,Rio Grande do Sul,Sul,Centro Oriental Rio-grandense,Lajeado-Estrela,3046.0,264840.0,26321.0,70247.0,81692.0,51828.0,86946.81549573211,0
4323804,Xangri-lá,RS,Rio Grande do Sul,Sul,Metropolitana de Porto Alegre,Osório,17126.0,733160.0,176285.0,4233.0,93836.0,388915.0,42809.76293355133,1
5000203,Água Clara,MS,Mato Grosso do Sul,Centro-Oeste,Leste de Mato Grosso do Sul,Três Lagoas,16025.0,1211925.0,139219.0,437795.0,352321.0,181128.0,75627.14508580344,1
5000252,Alcinópolis,MS,Mato Grosso do Sul,Centro-Oeste,Centro Norte de Mato Grosso do Sul,Alto Taquari,5489.0,237904.0,53930.0,123964.0,8570.0,35896.0,43341.95664055384,0
5000609,Amambai,MS,Mato Grosso do Sul,Centro-Oeste,Sudoeste de Mato Grosso do Sul,Dourados,40247.0,2033695.0,286134.0,575059.0,104045.0,768519.0,50530.35008820533,1
5000708,Anastácio,MS,Mato Grosso do Sul,Centro-Oeste,Pantanais Sul Mato-grossense,Aquidauana,25336.0,609913.0,167535.0,141825.0,87227.0,166075.0,24072.979160088413,1
5000807,Anaurilândia,MS,Mato Grosso do Sul,Centro-Oeste,Leste de Mato Grosso do Sul,Nova Andradina,9116.0,410374.0,73747.0,204618.0,21680.0,80933.0,45016.89337428697,0
5000856,Angélica,MS,Mato Grosso do Sul,Centro-Oeste,Sudoeste de Mato Grosso do Sul,Iguatemi,11081.0,883913.0,84082.0,444216.0,147321.0,150568.0,79768.34220738201,1
5000906,Antônio João,MS,Mato Grosso do Sul,Centro-Oeste,Sudoeste de Mato Grosso do Sul,Dourados,9082.0,866590.0,67177.0,247294.0,17466.0,364115.0,95418.410041841,1
5001003,Aparecida do Taboado,MS,Mato Grosso do Sul,Centro-Oeste,Leste de Mato Grosso do Sul,Paranaíba,26386.0,1660199.0,175058.0,278535.0,748574.0,315031.0,62919.69226104752,1
5001102,Aquidauana,MS,Mato Grosso do Sul,Centro-Oeste,Pantanais Sul Mato-grossense,Aquidauana,48184.0,1116844.0,317299.0,226683.0,92770.0,387659.0,23178.731529138306,1
5001243,Aral Moreira,MS,Mato Grosso do Sul,Centro-Oeste,Sudoeste de Mato Grosso do Sul,Dourados,12511.0,1255601.0,97297.0,577099.0,45028.0,362336.0,100359.7634082008,1
5001508,Bandeirantes,MS,Mato Grosso do Sul,Centro-Oeste,Centro Norte de Mato Grosso do Sul,Campo Grande,7281.0,780114.0,68046.0,497303.0,28142.0,124785.0,107143.79892871858,1
5001904,Bataguassu,MS,Mato Grosso do Sul,Centro-Oeste,Leste de Mato Grosso do Sul,Nova Andradina,23620.0,1055097.0,169532.0,85011.0,350539.0,322249.0,44669.64436917866,1
5002001,Batayporã,MS,Mato Grosso do Sul,Centro-Oeste,Leste de Mato Grosso do Sul,Nova Andradina,11368.0,603790.0,84482.0,250906.0,146448.0,88016.0,53113.12456016889,1
5002100,Bela Vista,MS,Mato Grosso do Sul,Centro-Oeste,Sudoeste de Mato Grosso do Sul,Bodoquena,24842.0,931638.0,179183.0,314007.0,156573.0,211913.0,37502.53602769503,1
5002159,Bodoquena,MS,Mato Grosso do Sul,Centro-Oeste,Sudoeste de Mato Grosso do Sul,Bodoquena,7802.0,332561.0,67658.0,81005.0,91751.0,61203.0,42625.09612919764,0
5002209,Bonito,MS,Mato Grosso do Sul,Centro-Oeste,Sudoeste de Mato Grosso do Sul,Bodoquena,22401.0,1130067.0,161882.0,392626.0,74436.0,383924.0,50447.16753716352,1
5002308,Brasilândia,MS,Mato Grosso do Sul,Centro-Oeste,Leste de Mato Grosso do Sul,Três Lagoas,11835.0,833889.0,95094.0,585629.0,23561.0,89139.0,70459.5690747782,1
5002407,Caarapó,MS,Mato Grosso do Sul,Centro-Oeste,Sudoeste de Mato Grosso do Sul,Dourados,31005.0,1967108.0,226835.0,724827.0,254080.0,531620.0,63444.86373165619,1
5002605,Camapuã,MS,Mato Grosso do Sul,Centro-Oeste,Centro Norte de Mato Grosso do Sul,Alto Taquari,13675.0,607830.0,99840.0,293526.0,26167.0,141526.0,44448.26325411334,1
5002704,Campo Grande,MS,Mato Grosso do Sul,Centro-Oeste,Centro Norte de Mato Grosso do Sul,Campo Grande,916001.0,35187899.0,6698410.0,817072.0,4733467.0,17725191.0,38414.6949621234,1
5002803,Caracol,MS,Mato Grosso do Sul,Centro-Oeste,Sudoeste de Mato Grosso do Sul,Bodoquena,6247.0,174649.0,47534.0,94656.0,5206.0,19608.0,27957.259484552585,0
5002902,Cassilândia,MS,Mato Grosso do Sul,Centro-Oeste,Leste de Mato Grosso do Sul,Cassilândia,22063.0,712341.0,147713.0,163062.0,99014.0,236092.0,32286.67905543217,1
5002951,Chapadão do Sul,MS,Mato Grosso do Sul,Centro-Oeste,Leste de Mato Grosso do Sul,Cassilândia,26499.0,2655075.0,227969.0,928310.0,162235.0,975755.0,100195.29038831654,1
5003108,Corguinho,MS,Mato Grosso do Sul,Centro-Oeste,Centro Norte de Mato Grosso do Sul,Campo Grande,6158.0,144630.0,46540.0,62694.0,6669.0,22118.0,23486.521597921404,0
5003157,Coronel Sapucaia,MS,Mato Grosso do Sul,Centro-Oeste,Sudoeste de Mato Grosso do Sul,Iguatemi,15449.0,336178.0,104976.0,141260.0,16888.0,55494.0,21760.50229788336,0
5003207,Corumbá,MS,Mato Grosso do Sul,Centro-Oeste,Pantanais Sul Mato-grossense,Baixo Pantanal,112669.0,3847165.0,916154.0,552127.0,925418.0,1154617.0,34145.72775120042,1
5003256,Costa Rica,MS,Mato Grosso do Sul,Centro-Oeste,Leste de Mato Grosso do Sul,Cassilândia,21456.0,2556159.0,173558.0,1105812.0,714565.0,408076.0,119134.92729306487,1
5003306,Coxim,MS,Mato Grosso do Sul,Centro-Oeste,Centro Norte de Mato Grosso do Sul,Alto Taquari,33547.0,1225785.0,239508.0,231015.0,88165.0,519894.0,36539.33287626315,1
5003454,Deodápolis,MS,Mato Grosso do Sul,Centro-Oeste,Sudoeste de Mato Grosso do Sul,Iguatemi,13043.0,461295.0,92703.0,166400.0,46584.0,117437.0,35367.246799049295,1
5003488,Dois Irmãos do Buriti,MS,Mato Grosso do Sul,Centro-Oeste,Pantanais Sul Mato-grossense,Aquidauana,11547.0,310923.0,88683.0,131333.0,19290.0,54669.0,26926.73421667966,0
5003504,Douradina,MS,Mato Grosso do Sul,Centro-Oeste,Sudoeste de Mato Grosso do Sul,Dourados,6025.0,214592.0,46443.0,80041.0,8179.0,60136.0,35616.92946058091,0
5003702,Dourados,MS,Mato Grosso do Sul,Centro-Oeste,Sudoeste de Mato Grosso do Sul,Dourados,227990.0,12300149.0,1672708.0,1094473.0,1908026.0,5904077.0,53950.38817491995,1
5003751,Eldorado,MS,Mato Grosso do Sul,Centro-Oeste,Sudoeste de Mato Grosso do Sul,Iguatemi,12447.0,524691.0,93128.0,176774.0,67917.0,132451.0,42154.013015184384,1
5003801,Fátima do Sul,MS,Mato Grosso do Sul,Centro-Oeste,Sudoeste de Mato Grosso do Sul,Dourados,19152.0,699103.0,130667.0,91262.0,219465.0,202185.0,36502.871762740186,1
5003900,Figueirão,MS,Mato Grosso do Sul,Centro-Oeste,Centro Norte de Mato Grosso do Sul,Alto Taquari,3066.0,142133.0,31839.0,79301.0,4324.0,18367.0,46357.79517286367,0
5004007,Glória de Dourados,MS,Mato Grosso do Sul,Centro-Oeste,Sudoeste de Mato Grosso do Sul,Iguatemi,9934.0,280101.0,66578.0,111024.0,12519.0,71550.0,28196.194886249246,0
5004106,Guia Lopes da Laguna,MS,Mato Grosso do Sul,Centro-Oeste,Sudoeste de Mato Grosso do Sul,Bodoquena,9754.0,350228.0,68577.0,143262.0,35945.0,77687.0,35906.089809309,0
5004304,Iguatemi,MS,Mato Grosso do Sul,Centro-Oeste,Sudoeste de Mato Grosso do Sul,Iguatemi,16273.0,788191.0,114848.0,392061.0,72902.0,145742.0,48435.50666748602,1
5004403,Inocência,MS,Mato Grosso do Sul,Centro-Oeste,Leste de Mato Grosso do Sul,Paranaíba,7566.0,406133.0,74063.0,195214.0,30825.0,77735.0,53678.6941580756,0
5004502,Itaporã,MS,Mato Grosso do Sul,Centro-Oeste,Sudoeste de Mato Grosso do Sul,Dourados,25478.0,1124125.0,167141.0,406843.0,65378.0,336943.0,44121.39885391318,1
5004601,Itaquiraí,MS,Mato Grosso do Sul,Centro-Oeste,Sudoeste de Mato Grosso do Sul,Iguatemi,21604.0,1258878.0,144114.0,515009.0,261027.0,234747.0,58270.59803740048,1
5004700,Ivinhema,MS,Mato Grosso do Sul,Centro-Oeste,Sudoeste de Mato Grosso do Sul,Iguatemi,23277.0,1461628.0,166244.0,649498.0,168303.0,358756.0,62792.79975941917,1
5004809,Japorã,MS,Mato Grosso do Sul,Centro-Oeste,Sudoeste de Mato Grosso do Sul,Iguatemi,9372.0,165050.0,68206.0,66159.0,5539.0,19038.0,17610.96884336321,0
5004908,Jaraguari,MS,Mato Grosso do Sul,Centro-Oeste,Centro Norte de Mato Grosso do Sul,Campo Grande,7342.0,370994.0,54184.0,228391.0,15672.0,47872.0,50530.37319531463,0
5005004,Jardim,MS,Mato Grosso do Sul,Centro-Oeste,Sudoeste de Mato Grosso do Sul,Bodoquena,26375.0,930098.0,189002.0,144956.0,62973.0,400948.0,35264.37914691943,1
5005103,Jateí,MS,Mato Grosso do Sul,Centro-Oeste,Sudoeste de Mato Grosso do Sul,Iguatemi,4015.0,474840.0,46601.0,338630.0,22474.0,43379.0,118266.500622665,0
5005152,Juti,MS,Mato Grosso do Sul,Centro-Oeste,Sudoeste de Mato Grosso do Sul,Dourados,6861.0,483743.0,51745.0,300467.0,43655.0,60776.0,70506.1944322985,0
5005202,Ladário,MS,Mato Grosso do Sul,Centro-Oeste,Pantanais Sul Mato-grossense,Baixo Pantanal,24040.0,371028.0,161628.0,10073.0,20633.0,146436.0,15433.77703826955,0
5005251,Laguna Carapã,MS,Mato Grosso do Sul,Centro-Oeste,Sudoeste de Mato Grosso do Sul,Dourados,7496.0,1097292.0,65632.0,638470.0,33781.0,241900.0,146383.6712913554,1
5005400,Maracaju,MS,Mato Grosso do Sul,Centro-Oeste,Sudoeste de Mato Grosso do Sul,Dourados,48944.0,4517627.0,341151.0,1611912.0,227801.0,1634691.0,92301.95733899968,1
5005608,Miranda,MS,Mato Grosso do Sul,Centro-Oeste,Pantanais Sul Mato-grossense,Aquidauana,28423.0,631602.0,198719.0,147166.0,49121.0,190504.0,22221.51074833761,1
5005681,Mundo Novo,MS,Mato Grosso do Sul,Centro-Oeste,Sudoeste de Mato Grosso do Sul,Iguatemi,18578.0,942239.0,132235.0,69123.0,129911.0,370575.0,50717.99978469157,1
5005707,Naviraí,MS,Mato Grosso do Sul,Centro-Oeste,Sudoeste de Mato Grosso do Sul,Iguatemi,56484.0,2901635.0,418240.0,661576.0,638145.0,880331.0,51370.919198357056,1
5005806,Nioaque,MS,Mato Grosso do Sul,Centro-Oeste,Sudoeste de Mato Grosso do Sul,Bodoquena,13794.0,447265.0,101978.0,150217.0,70853.0,93428.0,32424.604900681457,1
5006002,Nova Alvorada do Sul,MS,Mato Grosso do Sul,Centro-Oeste,Sudoeste de Mato Grosso do Sul,Dourados,22967.0,2282707.0,175333.0,871386.0,687235.0,364808.0,99390.73453215483,1
5006200,Nova Andradina,MS,Mato Grosso do Sul,Centro-Oeste,Leste de Mato Grosso do Sul,Nova Andradina,56057.0,3281855.0,360737.0,879100.0,709579.0,967042.0,58544.96316249532,1
5006259,Novo Horizonte do Sul,MS,Mato Grosso do Sul,Centro-Oeste,Sudoeste de Mato Grosso do Sul,Iguatemi,3556.0,279117.0,34885.0,160619.0,13450.0,49009.0,78491.84476940382,0
5006275,Paraíso das Águas,MS,Mato Grosso do Sul,Centro-Oeste,Leste de Mato Grosso do Sul,Cassilândia,5751.0,1296594.0,57599.0,602118.0,479839.0,101986.0,225455.3990610329,1
5006309,Paranaíba,MS,Mato Grosso do Sul,Centro-Oeste,Leste de Mato Grosso do Sul,Paranaíba,42401.0,1587295.0,283200.0,333389.0,261244.0,556927.0,37435.31992169996,1
5006358,Paranhos,MS,Mato Grosso do Sul,Centro-Oeste,Sudoeste de Mato Grosso do Sul,Iguatemi,14576.0,286014.0,108282.0,110808.0,10663.0,43898.0,19622.25576289792,0
5006408,Pedro Gomes,MS,Mato Grosso do Sul,Centro-Oeste,Centro Norte de Mato Grosso do Sul,Alto Taquari,7568.0,268953.0,56475.0,116243.0,10770.0,63280.0,35538.18710359408,0
5006606,Ponta Porã,MS,Mato Grosso do Sul,Centro-Oeste,Sudoeste de Mato Grosso do Sul,Dourados,95320.0,4771500.0,644753.0,1701865.0,474228.0,1455556.0,50057.7003776752,1
5006903,Porto Murtinho,MS,Mato Grosso do Sul,Centro-Oeste,Pantanais Sul Mato-grossense,Baixo Pantanal,17460.0,464125.0,127182.0,217886.0,15372.0,79270.0,26582.187857961053,0
5007109,Ribas do Rio Pardo,MS,Mato Grosso do Sul,Centro-Oeste,Leste de Mato Grosso do Sul,Três Lagoas,25310.0,1965364.0,208444.0,1241379.0,145635.0,243322.0,77651.67917819043,1
5007208,Rio Brilhante,MS,Mato Grosso do Sul,Centro-Oeste,Sudoeste de Mato Grosso do Sul,Dourados,38844.0,3298707.0,291657.0,1255137.0,779063.0,685532.0,84921.91844300278,1
5007307,Rio Negro,MS,Mato Grosso do Sul,Centro-Oeste,Centro Norte de Mato Grosso do Sul,Campo Grande,4758.0,130213.0,39216.0,47637.0,5470.0,28333.0,27367.17108028584,0
5007406,Rio Verde de Mato Grosso,MS,Mato Grosso do Sul,Centro-Oeste,Centro Norte de Mato Grosso do Sul,Alto Taquari,20025.0,601958.0,152106.0,225647.0,33145.0,147518.0,30060.324594257178,1
5007505,Rochedo,MS,Mato Grosso do Sul,Centro-Oeste,Centro Norte de Mato Grosso do Sul,Campo Grande,5120.0,231964.0,41138.0,82061.0,49565.0,43078.0,45305.46875,0
5007554,Santa Rita do Pardo,MS,Mato Grosso do Sul,Centro-Oeste,Leste de Mato Grosso do Sul,Três Lagoas,7948.0,467080.0,65285.0,290326.0,39688.0,48422.0,58766.98540513337,0
5007695,São Gabriel do Oeste,MS,Mato Grosso do Sul,Centro-Oeste,Centro Norte de Mato Grosso do Sul,Alto Taquari,27660.0,2185644.0,226971.0,731872.0,216125.0,715969.0,79018.2212581345,1
5007703,Sete Quedas,MS,Mato Grosso do Sul,Centro-Oeste,Sudoeste de Mato Grosso do Sul,Iguatemi,10751.0,418189.0,73190.0,157935.0,18179.0,121998.0,38897.68393637801,0
5007802,Selvíria,MS,Mato Grosso do Sul,Centro-Oeste,Leste de Mato Grosso do Sul,Paranaíba,6555.0,1721432.0,79465.0,320151.0,1242520.0,51818.0,262613.5774218154,1
5007901,Sidrolândia,MS,Mato Grosso do Sul,Centro-Oeste,Centro Norte de Mato Grosso do Sul,Campo Grande,60792.0,3327696.0,409721.0,1333078.0,285786.0,895613.0,54739.044611133046,1
5007935,Sonora,MS,Mato Grosso do Sul,Centro-Oeste,Centro Norte de Mato Grosso do Sul,Alto Taquari,20158.0,1024261.0,136012.0,345329.0,283719.0,187667.0,50811.638059331286,1
5007950,Tacuru,MS,Mato Grosso do Sul,Centro-Oeste,Sudoeste de Mato Grosso do Sul,Iguatemi,11795.0,313035.0,83373.0,148043.0,11098.0,50220.0,26539.63543874523,0
5007976,Taquarussu,MS,Mato Grosso do Sul,Centro-Oeste,Leste de Mato Grosso do Sul,Nova Andradina,3588.0,181313.0,39064.0,104124.0,7506.0,22952.0,50533.16610925306,0
5008008,Terenos,MS,Mato Grosso do Sul,Centro-Oeste,Centro Norte de Mato Grosso do Sul,Campo Grande,22721.0,717675.0,150784.0,310427.0,94288.0,113117.0,31586.417851326965,1
5008305,Três Lagoas,MS,Mato Grosso do Sul,Centro-Oeste,Leste de Mato Grosso do Sul,Três Lagoas,125137.0,11704743.0,992375.0,1276855.0,5676737.0,2556096.0,93535.42916963008,1
5008404,Vicentina,MS,Mato Grosso do Sul,Centro-Oeste,Sudoeste de Mato Grosso do Sul,Dourados,6115.0,371816.0,48061.0,97421.0,147918.0,49175.0,60803.92477514309,0
5100102,Acorizal,MT,Mato Grosso,Centro-Oeste,Centro-Sul Mato-grossense,Rosário Oeste,5309.0,109140.0,34813.0,12827.0,27602.0,20731.0,20557.54379355811,0
5100201,Água Boa,MT,Mato Grosso,Centro-Oeste,Nordeste Mato-grossense,Canarana,26679.0,2000535.0,186787.0,837748.0,113732.0,665871.0,74985.38176093556,1
5100250,Alta Floresta,MT,Mato Grosso,Centro-Oeste,Norte Mato-grossense,Alta Floresta,52105.0,2111630.0,360619.0,304018.0,331997.0,843988.0,40526.43700220708,1
5100300,Alto Araguaia,MT,Mato Grosso,Centro-Oeste,Sudeste Mato-grossense,Alto Araguaia,19714.0,1172814.0,144167.0,317457.0,356187.0,265691.0,59491.42741199148,1
5100359,Alto Boa Vista,MT,Mato Grosso,Centro-Oeste,Nordeste Mato-grossense,Norte Araguaia,7092.0,264000.0,54705.0,147567.0,5954.0,42472.0,37225.04230118443,0
5100409,Alto Garças,MT,Mato Grosso,Centro-Oeste,Sudeste Mato-grossense,Alto Araguaia,12323.0,1197572.0,91794.0,733646.0,31959.0,262253.0,97181.85506775948,1
5100508,Alto Paraguai,MT,Mato Grosso,Centro-Oeste,Centro-Sul Mato-grossense,Alto Paraguai,11587.0,166610.0,72135.0,58132.0,9344.0,20660.0,14379.045482005697,0
5100607,Alto Taquari,MT,Mato Grosso,Centro-Oeste,Sudeste Mato-grossense,Alto Araguaia,11413.0,1295710.0,102661.0,761360.0,164177.0,202758.0,113529.3086830807,1
5100805,Apiacás,MT,Mato Grosso,Centro-Oeste,Norte Mato-grossense,Alta Floresta,10431.0,233790.0,75906.0,60100.0,19195.0,58006.0,22412.999712395744,0
5101001,Araguaiana,MT,Mato Grosso,Centro-Oeste,Nordeste Mato-grossense,Médio Araguaia,3064.0,126561.0,29171.0,70564.0,2863.0,17544.0,41305.80939947781,0
5101209,Araguainha,MT,Mato Grosso,Centro-Oeste,Sudeste Mato-grossense,Tesouro,909.0,28025.0,10645.0,11080.0,656.0,4027.0,30830.58305830583,0
5101258,Araputanga,MT,Mato Grosso,Centro-Oeste,Sudoeste Mato-grossense,Jauru,17078.0,655066.0,112902.0,56999.0,248915.0,175741.0,38357.3017917789,1
5101308,Arenápolis,MT,Mato Grosso,Centro-Oeste,Centro-Sul Mato-grossense,Alto Paraguai,9399.0,232216.0,65550.0,37471.0,25029.0,85706.0,24706.458133844026,0
5101407,Aripuanã,MT,Mato Grosso,Centro-Oeste,Norte Mato-grossense,Aripuanã,23067.0,1445988.0,160782.0,147198.0,708396.0,281353.0,62686.43516712186,1
5101605,Barão de Melgaço,MT,Mato Grosso,Centro-Oeste,Centro-Sul Mato-grossense,Alto Pantanal,8165.0,124583.0,55060.0,43827.0,3098.0,17839.0,15258.17513778322,0
5101704,Barra do Bugres,MT,Mato Grosso,Centro-Oeste,Sudoeste Mato-grossense,Tangará da Serra,35642.0,1568772.0,228919.0,524102.0,402716.0,299581.0,44014.70175635487,1
5101803,Barra do Garças,MT,Mato Grosso,Centro-Oeste,Nordeste Mato-grossense,Médio Araguaia,61702.0,2578984.0,415398.0,247955.0,408368.0,1213553.0,41797.41337395871,1
5101852,Bom Jesus do Araguaia,MT,Mato Grosso,Centro-Oeste,Nordeste Mato-grossense,Norte Araguaia,6830.0,769106.0,52748.0,574190.0,17164.0,88563.0,112607.02781844804,1
5101902,Brasnorte,MT,Mato Grosso,Centro-Oeste,Norte Mato-grossense,Aripuanã,20571.0,2087054.0,153670.0,1399305.0,107247.0,321329.0,101456.12755821302,1
5102504,Cáceres,MT,Mato Grosso,Centro-Oeste,Centro-Sul Mato-grossense,Alto Pantanal,95339.0,2264298.0,621375.0,284352.0,196608.0,914128.0,23749.96591111717,1
5102603,Campinápolis,MT,Mato Grosso,Centro-Oeste,Nordeste Mato-grossense,Canarana,16223.0,437258.0,115618.0,168172.0,50162.0,79609.0,26952.96800838316,1
5102637,Campo Novo do Parecis,MT,Mato Grosso,Centro-Oeste,Norte Mato-grossense,Parecis,36917.0,6910185.0,296085.0,3914050.0,611562.0,1603395.0,187181.650730016,1
5102678,Campo Verde,MT,Mato Grosso,Centro-Oeste,Sudeste Mato-grossense,Primavera do Leste,44033.0,4992842.0,316656.0,2685845.0,499107.0,1148911.0,113388.64033792836,1
5102686,Campos de Júlio,MT,Mato Grosso,Centro-Oeste,Norte Mato-grossense,Parecis,7245.0,3302451.0,77463.0,2203536.0,452791.0,418802.0,455824.8447204969,1
5102694,Canabrava do Norte,MT,Mato Grosso,Centro-Oeste,Nordeste Mato-grossense,Norte Araguaia,4711.0,267165.0,34873.0,184014.0,10694.0,26180.0,56710.88940776905,0
5102702,Canarana,MT,Mato Grosso,Centro-Oeste,Nordeste Mato-grossense,Canarana,22101.0,2931363.0,167661.0,1549542.0,82115.0,896013.0,132634.85815121487,1
5102793,Carlinda,MT,Mato Grosso,Centro-Oeste,Norte Mato-grossense,Alta Floresta,10094.0,299341.0,63032.0,120378.0,7870.0,81197.0,29655.33980582524,0
5102850,Castanheira,MT,Mato Grosso,Centro-Oeste,Norte Mato-grossense,Aripuanã,8782.0,215078.0,57491.0,92442.0,15275.0,34439.0,24490.77658847643,0
5103007,Chapada dos Guimarães,MT,Mato Grosso,Centro-Oeste,Centro-Sul Mato-grossense,Cuiabá,22521.0,1214478.0,154141.0,628407.0,151429.0,222123.0,53926.46862927934,1
5103056,Cláudia,MT,Mato Grosso,Centro-Oeste,Norte Mato-grossense,Sinop,12338.0,1068338.0,84617.0,574830.0,195094.0,160446.0,86589.23650510618,1
5103106,Cocalinho,MT,Mato Grosso,Centro-Oeste,Nordeste Mato-grossense,Médio Araguaia,5716.0,297648.0,43871.0,142466.0,56082.0,35310.0,52072.77816655004,0
5103205,Colíder,MT,Mato Grosso,Centro-Oeste,Norte Mato-grossense,Colíder,33855.0,1269286.0,218353.0,174427.0,328068.0,414779.0,37491.83281642298,1
5103254,Colniza,MT,Mato Grosso,Centro-Oeste,Norte Mato-grossense,Aripuanã,41117.0,849011.0,241541.0,169490.0,200018.0,171997.0,20648.66113772892,1
5103304,Comodoro,MT,Mato Grosso,Centro-Oeste,Norte Mato-grossense,Parecis,21249.0,1258117.0,147976.0,558607.0,157721.0,295145.0,59208.29215492494,1
5103353,Confresa,MT,Mato Grosso,Centro-Oeste,Nordeste Mato-grossense,Norte Araguaia,32076.0,1536916.0,205418.0,380571.0,195347.0,587752.0,47914.82728519766,1
5103361,Conquista D'Oeste,MT,Mato Grosso,Centro-Oeste,Sudoeste Mato-grossense,Alto Guaporé,4163.0,143169.0,35852.0,61146.0,3454.0,31173.0,34390.82392505405,0
5103379,Cotriguaçu,MT,Mato Grosso,Centro-Oeste,Norte Mato-grossense,Aripuanã,20717.0,324391.0,123388.0,91200.0,42461.0,46902.0,15658.203407829318,0
5103403,Cuiabá,MT,Mato Grosso,Centro-Oeste,Centro-Sul Mato-grossense,Cuiabá,623614.0,29743722.0,4405104.0,41675.0,4673683.0,15660070.0,47695.72524029287,1
5103437,Curvelândia,MT,Mato Grosso,Centro-Oeste,Centro-Sul Mato-grossense,Alto Pantanal,5267.0,123824.0,34212.0,52758.0,8338.0,20245.0,23509.39813935827,0
5103452,Denise,MT,Mato Grosso,Centro-Oeste,Sudoeste Mato-grossense,Tangará da Serra,9626.0,529572.0,61649.0,394638.0,12265.0,46490.0,55014.75171410762,0
5103502,Diamantino,MT,Mato Grosso,Centro-Oeste,Norte Mato-grossense,Parecis,22311.0,5746756.0,180517.0,4006059.0,328695.0,944443.0,257575.00784366456,1
5103601,Dom Aquino,MT,Mato Grosso,Centro-Oeste,Sudeste Mato-grossense,Rondonópolis,8087.0,673289.0,56515.0,495489.0,24296.0,70314.0,83255.71905527389,1
5103700,Feliz Natal,MT,Mato Grosso,Centro-Oeste,Norte Mato-grossense,Sinop,14847.0,1044834.0,99402.0,667703.0,64120.0,158019.0,70373.40876944838,1
5103809,Figueirópolis D'Oeste,MT,Mato Grosso,Centro-Oeste,Sudoeste Mato-grossense,Jauru,3411.0,83603.0,26606.0,32737.0,5799.0,13336.0,24509.82116681325,0
5103858,Gaúcha do Norte,MT,Mato Grosso,Centro-Oeste,Norte Mato-grossense,Paranatinga,7913.0,1290850.0,65705.0,970655.0,29120.0,166012.0,163130.2919246809,1
5103908,General Carneiro,MT,Mato Grosso,Centro-Oeste,Sudeste Mato-grossense,Tesouro,5726.0,481705.0,41261.0,365513.0,12233.0,44376.0,84125.91687041565,0
5103957,Glória D'Oeste,MT,Mato Grosso,Centro-Oeste,Sudoeste Mato-grossense,Jauru,2990.0,89215.0,22603.0,44368.0,3678.0,13607.0,29837.79264214047,0
5104104,Guarantã do Norte,MT,Mato Grosso,Centro-Oeste,Norte Mato-grossense,Colíder,36439.0,1099092.0,237399.0,153431.0,151232.0,426165.0,30162.51818106973,1
5104203,Guiratinga,MT,Mato Grosso,Centro-Oeste,Sudeste Mato-grossense,Tesouro,15740.0,727107.0,101934.0,485423.0,20504.0,91775.0,46194.853875476496,1
5104500,Indiavaí,MT,Mato Grosso,Centro-Oeste,Sudoeste Mato-grossense,Jauru,2806.0,103576.0,24788.0,21529.0,45529.0,8671.0,36912.33071988596,0
5104526,Ipiranga do Norte,MT,Mato Grosso,Centro-Oeste,Norte Mato-grossense,Alto Teles Pires,8182.0,1924821.0,68500.0,1367636.0,42407.0,346303.0,235250.67220728428,1
5104542,Itanhangá,MT,Mato Grosso,Centro-Oeste,Norte Mato-grossense,Alto Teles Pires,7030.0,721420.0,52401.0,512063.0,17815.0,102870.0,102620.19914651492,1
5104559,Itaúba,MT,Mato Grosso,Centro-Oeste,Norte Mato-grossense,Sinop,3609.0,418990.0,34888.0,263415.0,41839.0,56835.0,116095.8714325298,0
5104609,Itiquira,MT,Mato Grosso,Centro-Oeste,Sudeste Mato-grossense,Rondonópolis,13727.0,2144680.0,120601.0,1265968.0,404165.0,258685.0,156238.0709550521,1
5104807,Jaciara,MT,Mato Grosso,Centro-Oeste,Sudeste Mato-grossense,Rondonópolis,27696.0,1197725.0,196914.0,381273.0,176336.0,336354.0,43245.41450028885,1
5104906,Jangada,MT,Mato Grosso,Centro-Oeste,Centro-Sul Mato-grossense,Rosário Oeste,8420.0,188752.0,54902.0,61526.0,8282.0,47602.0,22417.102137767222,0
5105002,Jauru,MT,Mato Grosso,Centro-Oeste,Sudoeste Mato-grossense,Jauru,8377.0,348767.0,62278.0,47838.0,169612.0,53081.0,41633.87847678166,0
5105101,Juara,MT,Mato Grosso,Centro-Oeste,Norte Mato-grossense,Arinos,35275.0,1365473.0,237288.0,431733.0,147653.0,419165.0,38709.369241672575,1
5105150,Juína,MT,Mato Grosso,Centro-Oeste,Norte Mato-grossense,Aripuanã,41190.0,1332790.0,270626.0,250712.0,100749.0,542418.0,32357.12551590192,1
5105176,Juruena,MT,Mato Grosso,Centro-Oeste,Norte Mato-grossense,Aripuanã,16811.0,297859.0,102136.0,52326.0,45673.0,70980.0,17718.101243233596,0
5105200,Juscimeira,MT,Mato Grosso,Centro-Oeste,Sudeste Mato-grossense,Rondonópolis,11124.0,528595.0,83728.0,250163.0,89158.0,76345.0,47518.42862279755,1
5105234,Lambari D'Oeste,MT,Mato Grosso,Centro-Oeste,Sudoeste Mato-grossense,Jauru,6246.0,244948.0,43741.0,121377.0,42855.0,26342.0,39216.77873839257,0
5105259,Lucas do Rio Verde,MT,Mato Grosso,Centro-Oeste,Norte Mato-grossense,Alto Teles Pires,69671.0,6891172.0,507012.0,1953082.0,1486385.0,2264709.0,98910.1921890026,1
5105309,Luciara,MT,Mato Grosso,Centro-Oeste,Nordeste Mato-grossense,Norte Araguaia,2036.0,41158.0,18115.0,12064.0,1037.0,7675.0,20215.127701375244,0
5105507,Vila Bela da Santíssima Trindade,MT,Mato Grosso,Centro-Oeste,Sudoeste Mato-grossense,Alto Guaporé,16412.0,639027.0,121429.0,381367.0,14853.0,85716.0,38936.5708018523,1
5105580,Marcelândia,MT,Mato Grosso,Centro-Oeste,Norte Mato-grossense,Sinop,10107.0,674525.0,72053.0,385462.0,42609.0,131364.0,66738.39912931631,1
5105606,Matupá,MT,Mato Grosso,Centro-Oeste,Norte Mato-grossense,Colíder,17017.0,1282800.0,123366.0,280820.0,149367.0,562856.0,75383.44008932244,1
5105622,Mirassol d'Oeste,MT,Mato Grosso,Centro-Oeste,Sudoeste Mato-grossense,Jauru,28135.0,835566.0,186152.0,114806.0,134638.0,291078.0,29698.4538830638,1
5105903,Nobres,MT,Mato Grosso,Centro-Oeste,Norte Mato-grossense,Alto Teles Pires,15332.0,1114842.0,105133.0,215544.0,525084.0,179905.0,72713.40986172711,1
5106000,Nortelândia,MT,Mato Grosso,Centro-Oeste,Centro-Sul Mato-grossense,Alto Paraguai,5858.0,325635.0,40309.0,226505.0,13100.0,31674.0,55588.084670536016,0
5106109,Nossa Senhora do Livramento,MT,Mato Grosso,Centro-Oeste,Centro-Sul Mato-grossense,Cuiabá,13093.0,387788.0,87606.0,69051.0,107499.0,86627.0,29617.963797449014,0
5106158,Nova Bandeirantes,MT,Mato Grosso,Centro-Oeste,Norte Mato-grossense,Alta Floresta,16052.0,343302.0,108766.0,117579.0,26635.0,63981.0,21386.86768003987,0
5106174,Nova Nazaré,MT,Mato Grosso,Centro-Oeste,Nordeste Mato-grossense,Canarana,4013.0,140562.0,34845.0,82846.0,3220.0,12735.0,35026.66334413157,0
5106182,Nova Lacerda,MT,Mato Grosso,Centro-Oeste,Sudoeste Mato-grossense,Alto Guaporé,6861.0,445568.0,51332.0,208742.0,115588.0,45940.0,64942.13671476461,0
5106190,Nova Santa Helena,MT,Mato Grosso,Centro-Oeste,Norte Mato-grossense,Sinop,3755.0,333226.0,32464.0,176509.0,8739.0,88491.0,88741.94407456725,0
5106208,Nova Brasilândia,MT,Mato Grosso,Centro-Oeste,Norte Mato-grossense,Paranatinga,3656.0,109110.0,29218.0,51809.0,4054.0,16889.0,29844.091903719916,0
5106216,Nova Canaã do Norte,MT,Mato Grosso,Centro-Oeste,Norte Mato-grossense,Colíder,12876.0,909101.0,88009.0,339667.0,336203.0,104782.0,70604.3025784405,1
5106224,Nova Mutum,MT,Mato Grosso,Centro-Oeste,Norte Mato-grossense,Alto Teles Pires,48222.0,6036492.0,360404.0,2572710.0,996679.0,1580127.0,125181.2865497076,1
5106232,Nova Olímpia,MT,Mato Grosso,Centro-Oeste,Sudoeste Mato-grossense,Tangará da Serra,20820.0,732047.0,132988.0,183303.0,226127.0,131534.0,35160.75888568684,1
5106240,Nova Ubiratã,MT,Mato Grosso,Centro-Oeste,Norte Mato-grossense,Alto Teles Pires,12492.0,3270100.0,104701.0,2465115.0,91086.0,454585.0,261775.53634325968,1
5106257,Nova Xavantina,MT,Mato Grosso,Centro-Oeste,Nordeste Mato-grossense,Canarana,21695.0,1033180.0,147033.0,336268.0,214315.0,254059.0,47622.9545978336,1
5106265,Novo Mundo,MT,Mato Grosso,Centro-Oeste,Norte Mato-grossense,Colíder,9545.0,486222.0,70321.0,300696.0,9695.0,78784.0,50939.9685699319,0
5106273,Novo Horizonte do Norte,MT,Mato Grosso,Centro-Oeste,Norte Mato-grossense,Arinos,4069.0,101476.0,29706.0,48013.0,2854.0,15373.0,24938.805603342345,0
5106281,Novo São Joaquim,MT,Mato Grosso,Centro-Oeste,Nordeste Mato-grossense,Canarana,4837.0,862983.0,47981.0,676017.0,22099.0,81493.0,178412.8592102543,1
5106299,Paranaíta,MT,Mato Grosso,Centro-Oeste,Norte Mato-grossense,Alta Floresta,11291.0,796134.0,92704.0,164183.0,423540.0,83441.0,70510.49508458065,1
5106307,Paranatinga,MT,Mato Grosso,Centro-Oeste,Norte Mato-grossense,Paranatinga,23250.0,2135755.0,181885.0,1364451.0,136219.0,335700.0,91860.43010752687,1
5106315,Novo Santo Antônio,MT,Mato Grosso,Centro-Oeste,Nordeste Mato-grossense,Norte Araguaia,2769.0,56622.0,25978.0,18120.0,1397.0,8451.0,20448.537378114845,0
5106372,Pedra Preta,MT,Mato Grosso,Centro-Oeste,Sudeste Mato-grossense,Rondonópolis,17547.0,1575720.0,129215.0,882230.0,275604.0,207284.0,89799.9658061207,1
5106422,Peixoto de Azevedo,MT,Mato Grosso,Centro-Oeste,Norte Mato-grossense,Colíder,35695.0,918432.0,236860.0,236598.0,96539.0,264958.0,25729.99019470514,1
5106455,Planalto da Serra,MT,Mato Grosso,Centro-Oeste,Norte Mato-grossense,Paranatinga,2637.0,231865.0,26002.0,168182.0,10574.0,19567.0,87927.5692074327,0
5106505,Poconé,MT,Mato Grosso,Centro-Oeste,Centro-Sul Mato-grossense,Alto Pantanal,33386.0,709415.0,212519.0,123051.0,58186.0,245860.0,21248.876774695986,1
5106653,Pontal do Araguaia,MT,Mato Grosso,Centro-Oeste,Sudeste Mato-grossense,Tesouro,6972.0,123203.0,44274.0,45650.0,5127.0,21770.0,17671.113023522663,0
5106703,Ponte Branca,MT,Mato Grosso,Centro-Oeste,Sudeste Mato-grossense,Tesouro,1525.0,31217.0,15343.0,6083.0,881.0,6954.0,20470.16393442623,0
5106752,Pontes e Lacerda,MT,Mato Grosso,Centro-Oeste,Sudoeste Mato-grossense,Alto Guaporé,46105.0,2436063.0,290737.0,286490.0,768925.0,811091.0,52837.28445938618,1
5106778,Porto Alegre do Norte,MT,Mato Grosso,Centro-Oeste,Nordeste Mato-grossense,Norte Araguaia,12849.0,568644.0,86786.0,280276.0,60950.0,107555.0,44255.89540042027,1
5106802,Porto dos Gaúchos,MT,Mato Grosso,Centro-Oeste,Norte Mato-grossense,Arinos,5344.0,1318753.0,48416.0,1050260.0,32985.0,134047.0,246772.6422155689,1
5106828,Porto Esperidião,MT,Mato Grosso,Centro-Oeste,Sudoeste Mato-grossense,Jauru,12176.0,308567.0,83090.0,110153.0,44632.0,50781.0,25342.23061760841,0
5106851,Porto Estrela,MT,Mato Grosso,Centro-Oeste,Sudoeste Mato-grossense,Tangará da Serra,2794.0,83532.0,26156.0,36153.0,7489.0,9956.0,29896.92197566213,0
5107008,Poxoréu,MT,Mato Grosso,Centro-Oeste,Sudeste Mato-grossense,Tesouro,15936.0,1077680.0,108759.0,725270.0,83754.0,113984.0,67625.50200803213,1
5107040,Primavera do Leste,MT,Mato Grosso,Centro-Oeste,Sudeste Mato-grossense,Primavera do Leste,63876.0,6964815.0,495095.0,2198721.0,851689.0,2655163.0,109036.49257937254,1
5107065,Querência,MT,Mato Grosso,Centro-Oeste,Nordeste Mato-grossense,Canarana,18386.0,4259261.0,168015.0,2209267.0,221938.0,1319710.0,231657.83748504292,1
5107107,São José dos Quatro Marcos,MT,Mato Grosso,Centro-Oeste,Sudoeste Mato-grossense,Jauru,18788.0,448462.0,118594.0,87546.0,34778.0,160829.0,23869.597615499253,1
5107156,Reserva do Cabaçal,MT,Mato Grosso,Centro-Oeste,Sudoeste Mato-grossense,Jauru,2754.0,47446.0,22237.0,13911.0,992.0,7764.0,17228.03195352215,0
5107180,Ribeirão Cascalheira,MT,Mato Grosso,Centro-Oeste,Nordeste Mato-grossense,Norte Araguaia,10450.0,756776.0,74444.0,491685.0,20432.0,121579.0,72418.75598086124,1
5107198,Ribeirãozinho,MT,Mato Grosso,Centro-Oeste,Sudeste Mato-grossense,Tesouro,2439.0,188968.0,21620.0,133760.0,5588.0,19811.0,77477.65477654776,0
5107206,Rio Branco,MT,Mato Grosso,Centro-Oeste,Sudoeste Mato-grossense,Jauru,5147.0,107188.0,36077.0,16442.0,14185.0,31128.0,20825.33514668739,0
5107248,Santa Carmem,MT,Mato Grosso,Centro-Oeste,Norte Mato-grossense,Sinop,4600.0,1032285.0,40129.0,657556.0,30498.0,239203.0,224409.78260869565,1
5107263,Santo Afonso,MT,Mato Grosso,Centro-Oeste,Centro-Sul Mato-grossense,Alto Paraguai,3164.0,161534.0,28462.0,110427.0,3346.0,13649.0,51053.72945638432,0
5107297,São José do Povo,MT,Mato Grosso,Centro-Oeste,Sudeste Mato-grossense,Rondonópolis,4102.0,58942.0,29166.0,18622.0,1659.0,7022.0,14369.088249634326,0
5107305,São José do Rio Claro,MT,Mato Grosso,Centro-Oeste,Norte Mato-grossense,Arinos,21351.0,1465536.0,140333.0,865854.0,150782.0,231391.0,68640.15736967823,1
5107354,São José do Xingu,MT,Mato Grosso,Centro-Oeste,Nordeste Mato-grossense,Norte Araguaia,5646.0,934646.0,48286.0,710340.0,18727.0,117695.0,165541.26815444563,1
5107404,São Pedro da Cipa,MT,Mato Grosso,Centro-Oeste,Sudeste Mato-grossense,Rondonópolis,4823.0,69263.0,34383.0,15919.0,2123.0,13084.0,14360.978643997512,0
5107578,Rondolândia,MT,Mato Grosso,Centro-Oeste,Norte Mato-grossense,Aripuanã,4069.0,114345.0,35722.0,55095.0,7291.0,11531.0,28101.4991398378,0
5107602,Rondonópolis,MT,Mato Grosso,Centro-Oeste,Sudeste Mato-grossense,Rondonópolis,239613.0,17294386.0,1703554.0,591965.0,4177515.0,8137399.0,72176.3259923293,1
5107701,Rosário Oeste,MT,Mato Grosso,Centro-Oeste,Centro-Sul Mato-grossense,Rosário Oeste,16999.0,534979.0,122834.0,193392.0,63758.0,112064.0,31471.204188481675,1
5107743,Santa Cruz do Xingu,MT,Mato Grosso,Centro-Oeste,Nordeste Mato-grossense,Norte Araguaia,2700.0,320546.0,25505.0,233384.0,6115.0,41255.0,118720.74074074074,0
5107750,Salto do Céu,MT,Mato Grosso,Centro-Oeste,Sudoeste Mato-grossense,Jauru,3226.0,94294.0,27573.0,47604.0,2923.0,11877.0,29229.38623682579,0
5107768,Santa Rita do Trivelato,MT,Mato Grosso,Centro-Oeste,Norte Mato-grossense,Alto Teles Pires,3602.0,1236019.0,38653.0,985892.0,25158.0,138703.0,343147.9733481399,1
5107776,Santa Terezinha,MT,Mato Grosso,Centro-Oeste,Nordeste Mato-grossense,Norte Araguaia,8547.0,300549.0,59588.0,196457.0,6345.0,26562.0,35164.268164268164,0
5107792,Santo Antônio do Leste,MT,Mato Grosso,Centro-Oeste,Nordeste Mato-grossense,Canarana,5459.0,1019938.0,44010.0,852008.0,21976.0,68955.0,186836.0505587104,1
5107800,Santo Antônio de Leverger,MT,Mato Grosso,Centro-Oeste,Centro-Sul Mato-grossense,Cuiabá,17188.0,820042.0,123866.0,510804.0,56654.0,93425.0,47710.14661391669,1
5107859,São Félix do Araguaia,MT,Mato Grosso,Centro-Oeste,Nordeste Mato-grossense,Norte Araguaia,11934.0,1622830.0,97587.0,1054201.0,32646.0,348940.0,135983.7439249204,1
5107875,Sapezal,MT,Mato Grosso,Centro-Oeste,Norte Mato-grossense,Parecis,27485.0,6978522.0,224632.0,5004239.0,354855.0,1047191.0,253902.92887029288,1
5107883,Serra Nova Dourada,MT,Mato Grosso,Centro-Oeste,Nordeste Mato-grossense,Norte Araguaia,1705.0,75359.0,18904.0,44730.0,1395.0,7593.0,44198.82697947214,0
5107909,Sinop,MT,Mato Grosso,Centro-Oeste,Norte Mato-grossense,Sinop,148960.0,9623193.0,1014002.0,998734.0,1687806.0,4579648.0,64602.53088077336,1
5107925,Sorriso,MT,Mato Grosso,Centro-Oeste,Norte Mato-grossense,Alto Teles Pires,94941.0,12522102.0,689453.0,4271404.0,1690561.0,4601812.0,131893.51281322085,1
5107941,Tabaporã,MT,Mato Grosso,Centro-Oeste,Norte Mato-grossense,Arinos,9357.0,1319770.0,71488.0,1044250.0,32693.0,119646.0,141046.27551565671,1
5107958,Tangará da Serra,MT,Mato Grosso,Centro-Oeste,Sudoeste Mato-grossense,Tangará da Serra,107631.0,5584812.0,711775.0,1448813.0,735972.0,2044464.0,51888.507957744514,1
5108006,Tapurah,MT,Mato Grosso,Centro-Oeste,Norte Mato-grossense,Alto Teles Pires,14380.0,2007623.0,103032.0,1400411.0,53348.0,340459.0,139612.16968011126,1
5108055,Terra Nova do Norte,MT,Mato Grosso,Centro-Oeste,Norte Mato-grossense,Colíder,9284.0,502243.0,73497.0,241201.0,30997.0,117292.0,54097.69495906937,1
5108105,Tesouro,MT,Mato Grosso,Centro-Oeste,Sudeste Mato-grossense,Tesouro,3761.0,312770.0,24028.0,249418.0,6585.0,23218.0,83161.393246477,0
5108204,Torixoréu,MT,Mato Grosso,Centro-Oeste,Sudeste Mato-grossense,Tesouro,3487.0,211334.0,28287.0,131665.0,9362.0,33138.0,60606.25179237167,0
5108303,União do Sul,MT,Mato Grosso,Centro-Oeste,Norte Mato-grossense,Sinop,3455.0,504202.0,29990.0,394220.0,14030.0,45265.0,145934.008683068,0
5108352,Vale de São Domingos,MT,Mato Grosso,Centro-Oeste,Sudoeste Mato-grossense,Alto Guaporé,3124.0,77128.0,26994.0,32076.0,1417.0,11496.0,24688.86043533931,0
5108402,Várzea Grande,MT,Mato Grosso,Centro-Oeste,Centro-Sul Mato-grossense,Cuiabá,290383.0,9916032.0,1809845.0,82367.0,1955766.0,4626025.0,34148.114731234265,1
5108501,Vera,MT,Mato Grosso,Centro-Oeste,Norte Mato-grossense,Sinop,11731.0,1291884.0,78839.0,935631.0,49843.0,159865.0,110125.64998721336,1
5108600,Vila Rica,MT,Mato Grosso,Centro-Oeste,Nordeste Mato-grossense,Norte Araguaia,26946.0,879112.0,163088.0,394344.0,25646.0,226562.0,32624.953610925557,1
5108808,Nova Guarita,MT,Mato Grosso,Centro-Oeste,Norte Mato-grossense,Colíder,4407.0,167410.0,34150.0,94213.0,5495.0,25115.0,37987.29294304516,0
5108857,Nova Marilândia,MT,Mato Grosso,Centro-Oeste,Centro-Sul Mato-grossense,Alto Paraguai,3332.0,422820.0,31425.0,63057.0,220418.0,67703.0,126896.7587034814,0
5108907,Nova Maringá,MT,Mato Grosso,Centro-Oeste,Norte Mato-grossense,Arinos,9056.0,1204704.0,66947.0,932442.0,30039.0,126766.0,133028.26855123675,1
5108956,Nova Monte Verde,MT,Mato Grosso,Centro-Oeste,Norte Mato-grossense,Alta Floresta,9375.0,367193.0,64093.0,106212.0,69469.0,96511.0,39167.25333333333,0
5200050,Abadia de Goiás,GO,Goiás,Centro-Oeste,Centro Goiano,Goiânia,9158.0,353748.0,60678.0,14325.0,79644.0,155678.0,38627.21118148067,0
5200100,Abadiânia,GO,Goiás,Centro-Oeste,Leste Goiano,Entorno de Brasília,20873.0,445369.0,93489.0,81208.0,56946.0,168161.0,21337.086187898243,1
5200134,Acreúna,GO,Goiás,Centro-Oeste,Sul Goiano,Vale do Rio dos Bois,22710.0,1051903.0,116135.0,480043.0,71132.0,310693.0,46318.93439013651,1
5200159,Adelândia,GO,Goiás,Centro-Oeste,Centro Goiano,Anicuns,2515.0,48810.0,18976.0,11914.0,3546.0,12209.0,19407.55467196819,0
5200175,Água Fria de Goiás,GO,Goiás,Centro-Oeste,Leste Goiano,Entorno de Brasília,5843.0,533256.0,33486.0,389836.0,20266.0,70533.0,91264.07667294198,0
5200209,Água Limpa,GO,Goiás,Centro-Oeste,Sul Goiano,Meia Ponte,1809.0,63867.0,19321.0,25090.0,2355.0,14060.0,35305.14096185738,0
5200258,Águas Lindas de Goiás,GO,Goiás,Centro-Oeste,Leste Goiano,Entorno de Brasília,222850.0,2463488.0,901917.0,6072.0,186286.0,1132538.0,11054.467130356745,1
5200308,Alexânia,GO,Goiás,Centro-Oeste,Leste Goiano,Entorno de Brasília,28360.0,1128156.0,155999.0,105083.0,251302.0,460093.0,39779.83074753173,1
5200506,Aloândia,GO,Goiás,Centro-Oeste,Sul Goiano,Meia Ponte,1976.0,63743.0,15747.0,25349.0,2284.0,16604.0,32258.603238866395,0
5200555,Alto Horizonte,GO,Goiás,Centro-Oeste,Norte Goiano,Porangatu,6796.0,1280308.0,79589.0,22507.0,859700.0,224657.0,188391.4067098293,1
5200605,Alto Paraíso de Goiás,GO,Goiás,Centro-Oeste,Norte Goiano,Chapada dos Veadeiros,7751.0,297039.0,42900.0,97359.0,16671.0,114355.0,38322.66804283318,0
5200803,Alvorada do Norte,GO,Goiás,Centro-Oeste,Leste Goiano,Vão do Paranã,8749.0,173153.0,46927.0,35089.0,13428.0,66611.0,19791.17613441536,0
5200829,Amaralina,GO,Goiás,Centro-Oeste,Norte Goiano,Porangatu,3875.0,109093.0,22760.0,68022.0,2297.0,12870.0,28153.032258064515,0
5200852,Americano do Brasil,GO,Goiás,Centro-Oeste,Centro Goiano,Anicuns,6220.0,91419.0,32062.0,19265.0,6683.0,23793.0,14697.5884244373,0
5200902,Amorinópolis,GO,Goiás,Centro-Oeste,Centro Goiano,Iporá,3011.0,118920.0,20814.0,69835.0,3714.0,20331.0,39495.1843241448,0
5201108,Anápolis,GO,Goiás,Centro-Oeste,Centro Goiano,Anápolis,396526.0,17789474.0,2012007.0,161293.0,4987783.0,7616894.0,44863.32295990679,1
5201207,Anhanguera,GO,Goiás,Centro-Oeste,Sul Goiano,Catalão,1171.0,21702.0,10637.0,2271.0,966.0,6630.0,18532.877882152006,0
5201306,Anicuns,GO,Goiás,Centro-Oeste,Centro Goiano,Anicuns,22113.0,512612.0,105536.0,99063.0,104993.0,162532.0,23181.476959254735,1
5201405,Aparecida de Goiânia,GO,Goiás,Centro-Oeste,Centro Goiano,Goiânia,601844.0,16981188.0,2641853.0,19867.0,3572576.0,8176960.0,28215.265085304494,1
5201454,Aparecida do Rio Doce,GO,Goiás,Centro-Oeste,Sul Goiano,Sudoeste de Goiás,2474.0,110094.0,22908.0,57934.0,3768.0,20141.0,44500.404203718674,0
5201504,Aporé,GO,Goiás,Centro-Oeste,Sul Goiano,Sudoeste de Goiás,4266.0,395754.0,40635.0,147836.0,121354.0,64606.0,92769.33895921236,0
5201603,Araçu,GO,Goiás,Centro-Oeste,Centro Goiano,Anápolis,3450.0,73510.0,20309.0,24834.0,6279.0,18263.0,21307.2463768116,0
5201702,Aragarças,GO,Goiás,Centro-Oeste,Noroeste Goiano,Aragarças,20410.0,277756.0,93219.0,13454.0,16941.0,128218.0,13608.819206271435,0
5201801,Aragoiânia,GO,Goiás,Centro-Oeste,Centro Goiano,Goiânia,10680.0,174344.0,51896.0,27201.0,19461.0,61081.0,16324.344569288389,0
5202155,Araguapaz,GO,Goiás,Centro-Oeste,Noroeste Goiano,Rio Vermelho,7795.0,180146.0,39325.0,77950.0,5884.0,45919.0,23110.45542014112,0
5202353,Arenópolis,GO,Goiás,Centro-Oeste,Noroeste Goiano,Aragarças,2462.0,222600.0,21457.0,95196.0,74065.0,25638.0,90414.29731925264,0
5202502,Aruanã,GO,Goiás,Centro-Oeste,Noroeste Goiano,Rio Vermelho,10340.0,291985.0,47505.0,131988.0,14177.0,78811.0,28238.394584139263,0
5202601,Aurilândia,GO,Goiás,Centro-Oeste,Centro Goiano,Anicuns,3000.0,81585.0,17379.0,27653.0,10984.0,20253.0,27195.0,0
5202809,Avelinópolis,GO,Goiás,Centro-Oeste,Centro Goiano,Anicuns,2401.0,68067.0,19523.0,25738.0,5632.0,14157.0,28349.437734277384,0
5203104,Baliza,GO,Goiás,Centro-Oeste,Noroeste Goiano,Aragarças,5418.0,123257.0,28884.0,73980.0,3076.0,14237.0,22749.53857511997,0
5203203,Barro Alto,GO,Goiás,Centro-Oeste,Centro Goiano,Ceres,11643.0,1573641.0,85848.0,45848.0,1064606.0,247966.0,135157.69131667097,1
5203302,Bela Vista de Goiás,GO,Goiás,Centro-Oeste,Centro Goiano,Goiânia,31004.0,1481064.0,161036.0,348945.0,416513.0,401186.0,47770.09418139595,1
5203401,Bom Jardim de Goiás,GO,Goiás,Centro-Oeste,Noroeste Goiano,Aragarças,8912.0,257679.0,40145.0,108477.0,7271.0,81211.0,28913.7118491921,0
5203500,Bom Jesus de Goiás,GO,Goiás,Centro-Oeste,Sul Goiano,Meia Ponte,26069.0,1229697.0,122512.0,468019.0,141206.0,402036.0,47170.85427135678,1
5203559,Bonfinópolis,GO,Goiás,Centro-Oeste,Centro Goiano,Goiânia,10120.0,121159.0,45241.0,16092.0,7078.0,43245.0,11972.233201581028,0
5203575,Bonópolis,GO,Goiás,Centro-Oeste,Norte Goiano,Porangatu,4579.0,156648.0,25983.0,100676.0,4054.0,20673.0,34210.0895392007,0
5203609,Brazabrantes,GO,Goiás,Centro-Oeste,Centro Goiano,Anápolis,3812.0,93847.0,20589.0,19618.0,25767.0,20792.0,24618.835257082897,0
5203807,Britânia,GO,Goiás,Centro-Oeste,Noroeste Goiano,Rio Vermelho,5815.0,198125.0,33699.0,77031.0,18870.0,53149.0,34071.367153912295,0
5203906,Buriti Alegre,GO,Goiás,Centro-Oeste,Sul Goiano,Meia Ponte,9515.0,467748.0,50073.0,158510.0,94978.0,125539.0,49159.01208617972,1
5203939,Buriti de Goiás,GO,Goiás,Centro-Oeste,Centro Goiano,Anicuns,2464.0,56930.0,17238.0,14711.0,5902.0,15751.0,23104.70779220779,0
5203962,Buritinópolis,GO,Goiás,Centro-Oeste,Leste Goiano,Vão do Paranã,3272.0,88916.0,21186.0,6817.0,48900.0,8917.0,27174.816625916872,0
5204003,Cabeceiras,GO,Goiás,Centro-Oeste,Leste Goiano,Entorno de Brasília,8098.0,475971.0,46313.0,317473.0,25969.0,69517.0,58776.36453445295,0
5204102,Cachoeira Alta,GO,Goiás,Centro-Oeste,Sul Goiano,Quirinópolis,12843.0,281720.0,66742.0,75368.0,19680.0,95113.0,21935.68480884529,0
5204201,Cachoeira de Goiás,GO,Goiás,Centro-Oeste,Centro Goiano,Iporá,1336.0,38880.0,12224.0,15156.0,902.0,8480.0,29101.79640718563,0
5204250,Cachoeira Dourada,GO,Goiás,Centro-Oeste,Sul Goiano,Meia Ponte,7997.0,69505.0,58522.0,95420.0,0.0,95657.0,8691.384269100912,0
5204300,Caçu,GO,Goiás,Centro-Oeste,Sul Goiano,Quirinópolis,16525.0,912901.0,99267.0,134187.0,422400.0,174598.0,55243.6308623298,1
5204409,Caiapônia,GO,Goiás,Centro-Oeste,Sul Goiano,Sudoeste de Goiás,19304.0,821715.0,100780.0,432944.0,45810.0,196185.0,42567.08454206382,1
5204508,Caldas Novas,GO,Goiás,Centro-Oeste,Sul Goiano,Meia Ponte,95183.0,3001268.0,548356.0,304224.0,523720.0,1386591.0,31531.555004570146,1
5204557,Caldazinha,GO,Goiás,Centro-Oeste,Centro Goiano,Goiânia,3900.0,84657.0,24689.0,23979.0,4725.0,24255.0,21706.92307692308,0
5204607,Campestre de Goiás,GO,Goiás,Centro-Oeste,Sul Goiano,Vale do Rio dos Bois,3662.0,72754.0,23080.0,25999.0,3867.0,16347.0,19867.285636264336,0
5204656,Campinaçu,GO,Goiás,Centro-Oeste,Norte Goiano,Porangatu,3628.0,110528.0,30387.0,47630.0,2675.0,23756.0,30465.27012127894,0
5204706,Campinorte,GO,Goiás,Centro-Oeste,Norte Goiano,Porangatu,12880.0,333043.0,59589.0,80925.0,19802.0,138430.0,25857.375776397515,0
5204805,Campo Alegre de Goiás,GO,Goiás,Centro-Oeste,Sul Goiano,Catalão,7884.0,846766.0,49614.0,601035.0,29171.0,134817.0,107403.0948756976,1
5204854,Campo Limpo de Goiás,GO,Goiás,Centro-Oeste,Centro Goiano,Anápolis,8087.0,165123.0,41185.0,33731.0,30821.0,42972.0,20418.325707926306,0
5204904,Campos Belos,GO,Goiás,Centro-Oeste,Norte Goiano,Chapada dos Veadeiros,20124.0,315342.0,93029.0,25554.0,24250.0,141671.0,15669.94633273703,0
5204953,Campos Verdes,GO,Goiás,Centro-Oeste,Norte Goiano,Porangatu,1526.0,56359.0,13297.0,17152.0,2756.0,19530.0,36932.50327653997,0
5205000,Carmo do Rio Verde,GO,Goiás,Centro-Oeste,Centro Goiano,Ceres,10299.0,488110.0,48906.0,65913.0,80474.0,218762.0,47393.92173997476,1
5205059,Castelândia,GO,Goiás,Centro-Oeste,Sul Goiano,Sudoeste de Goiás,3380.0,91630.0,21610.0,36696.0,3467.0,25279.0,27109.467455621303,0
5205109,Catalão,GO,Goiás,Centro-Oeste,Sul Goiano,Catalão,113091.0,9916890.0,631798.0,951795.0,3701563.0,2773902.0,87689.47131071438,1
5205208,Caturaí,GO,Goiás,Centro-Oeste,Centro Goiano,Anápolis,5132.0,100787.0,28663.0,22114.0,13181.0,29648.0,19638.93219017927,0
5205307,Cavalcante,GO,Goiás,Centro-Oeste,Norte Goiano,Chapada dos Veadeiros,9740.0,383048.0,62838.0,22565.0,238438.0,47941.0,39327.310061601645,0
5205406,Ceres,GO,Goiás,Centro-Oeste,Centro Goiano,Ceres,22407.0,734719.0,107834.0,25785.0,130436.0,389624.0,32789.70857321373,1
5205455,Cezarina,GO,Goiás,Centro-Oeste,Sul Goiano,Vale do Rio dos Bois,8794.0,385020.0,43015.0,68945.0,157547.0,66979.0,43782.12417557425,0
5205471,Chapadão do Céu,GO,Goiás,Centro-Oeste,Sul Goiano,Sudoeste de Goiás,10797.0,2188780.0,76653.0,859977.0,624395.0,447795.0,202721.12623877003,1
5205497,Cidade Ocidental,GO,Goiás,Centro-Oeste,Leste Goiano,Entorno de Brasília,74370.0,1006341.0,355806.0,56617.0,140151.0,380861.0,13531.544977813635,1
5205513,Cocalzinho de Goiás,GO,Goiás,Centro-Oeste,Leste Goiano,Entorno de Brasília,20771.0,436380.0,104740.0,120085.0,71289.0,111833.0,21009.099224880843,1
5205521,Colinas do Sul,GO,Goiás,Centro-Oeste,Norte Goiano,Chapada dos Veadeiros,3339.0,70463.0,26760.0,13671.0,4150.0,20841.0,21103.02485774184,0
5205703,Córrego do Ouro,GO,Goiás,Centro-Oeste,Centro Goiano,Iporá,2254.0,74387.0,16604.0,36399.0,3783.0,14246.0,33002.218278615794,0
5205802,Corumbá de Goiás,GO,Goiás,Centro-Oeste,Leste Goiano,Entorno de Brasília,11223.0,260271.0,54365.0,103063.0,27669.0,62770.0,23190.858059342423,0
5205901,Corumbaíba,GO,Goiás,Centro-Oeste,Sul Goiano,Catalão,10012.0,709290.0,64419.0,131904.0,264264.0,175413.0,70843.98721534159,1
5206206,Cristalina,GO,Goiás,Centro-Oeste,Leste Goiano,Entorno de Brasília,61385.0,4602541.0,338480.0,2359812.0,357524.0,1198552.0,74978.26830658955,1
5206305,Cristianópolis,GO,Goiás,Centro-Oeste,Sul Goiano,Pires do Rio,2962.0,120120.0,20392.0,56846.0,6953.0,28899.0,40553.67994598245,0
5206404,Crixás,GO,Goiás,Centro-Oeste,Noroeste Goiano,São Miguel do Araguaia,17136.0,699386.0,98042.0,102033.0,258407.0,183375.0,40813.84220354808,1
5206503,Cromínia,GO,Goiás,Centro-Oeste,Sul Goiano,Meia Ponte,3458.0,99576.0,22516.0,41944.0,5127.0,24275.0,28795.835743204163,0
5206602,Cumari,GO,Goiás,Centro-Oeste,Sul Goiano,Catalão,2820.0,96880.0,17052.0,51542.0,5690.0,16922.0,34354.60992907801,0
5206701,Damianópolis,GO,Goiás,Centro-Oeste,Leste Goiano,Vão do Paranã,3302.0,44989.0,18405.0,9056.0,1460.0,13272.0,13624.772864930344,0
5206800,Damolândia,GO,Goiás,Centro-Oeste,Centro Goiano,Anápolis,2944.0,52509.0,18293.0,13510.0,5155.0,13012.0,17835.9375,0
5206909,Davinópolis,GO,Goiás,Centro-Oeste,Sul Goiano,Catalão,2094.0,583107.0,22546.0,34945.0,508937.0,13892.0,278465.61604584527,0
5207105,Diorama,GO,Goiás,Centro-Oeste,Noroeste Goiano,Aragarças,2477.0,96859.0,18926.0,58354.0,2420.0,14007.0,39103.35082761405,0
5207253,Doverlândia,GO,Goiás,Centro-Oeste,Sul Goiano,Sudoeste de Goiás,7174.0,400905.0,46706.0,249247.0,11603.0,76730.0,55883.049902425424,0
5207352,Edealina,GO,Goiás,Centro-Oeste,Sul Goiano,Vale do Rio dos Bois,3678.0,405228.0,28588.0,160143.0,105132.0,74548.0,110176.18270799347,0
5207402,Edéia,GO,Goiás,Centro-Oeste,Sul Goiano,Vale do Rio dos Bois,12559.0,923375.0,76524.0,292859.0,276707.0,212998.0,73522.97157416992,1
5207501,Estrela do Norte,GO,Goiás,Centro-Oeste,Norte Goiano,Porangatu,3253.0,74811.0,21490.0,24612.0,4728.0,18858.0,22997.54073163234,0
5207535,Faina,GO,Goiás,Centro-Oeste,Noroeste Goiano,Rio Vermelho,6527.0,167618.0,37542.0,82348.0,4976.0,34090.0,25680.710893212807,0
5207600,Fazenda Nova,GO,Goiás,Centro-Oeste,Centro Goiano,Iporá,5471.0,152416.0,28647.0,62007.0,11896.0,42337.0,27858.892341436665,0
5207808,Firminópolis,GO,Goiás,Centro-Oeste,Centro Goiano,Anicuns,13604.0,272142.0,60078.0,103146.0,12782.0,81856.0,20004.55748309321,0
5207907,Flores de Goiás,GO,Goiás,Centro-Oeste,Leste Goiano,Vão do Paranã,17415.0,250972.0,77433.0,121602.0,6894.0,34448.0,14411.254665518232,0
5208004,Formosa,GO,Goiás,Centro-Oeste,Leste Goiano,Entorno de Brasília,125705.0,3248097.0,588759.0,246645.0,550540.0,1483808.0,25839.04379300744,1
5208103,Formoso,GO,Goiás,Centro-Oeste,Norte Goiano,Porangatu,4098.0,111687.0,24829.0,34893.0,5313.0,36404.0,27254.02635431918,0
5208152,Gameleira de Goiás,GO,Goiás,Centro-Oeste,Sul Goiano,Pires do Rio,3923.0,312545.0,27254.0,226395.0,10370.0,39524.0,79669.89548814682,0
5208301,Divinópolis de Goiás,GO,Goiás,Centro-Oeste,Leste Goiano,Vão do Paranã,4701.0,91720.0,28268.0,23008.0,12664.0,20844.0,19510.74239523505,0
5208400,Goianápolis,GO,Goiás,Centro-Oeste,Centro Goiano,Goiânia,11217.0,294420.0,60448.0,50289.0,57852.0,93630.0,26247.65980208612,0
5208509,Goiandira,GO,Goiás,Centro-Oeste,Sul Goiano,Catalão,5650.0,202210.0,28413.0,52612.0,44477.0,64032.0,35789.38053097345,0
5208608,Goianésia,GO,Goiás,Centro-Oeste,Centro Goiano,Ceres,72045.0,1888440.0,339379.0,110520.0,453001.0,772297.0,26211.950864043305,1
5208707,Goiânia,GO,Goiás,Centro-Oeste,Centro Goiano,Goiânia,1555626.0,59870499.0,7800994.0,77119.0,8482383.0,34800495.0,38486.4350428702,1
5208806,Goianira,GO,Goiás,Centro-Oeste,Centro Goiano,Goiânia,46278.0,1102805.0,220238.0,30259.0,234856.0,482661.0,23830.00561822032,1
5208905,Goiás,GO,Goiás,Centro-Oeste,Noroeste Goiano,Rio Vermelho,22122.0,763779.0,115782.0,184855.0,45584.0,358903.0,34525.7662055872,1
5209101,Goiatuba,GO,Goiás,Centro-Oeste,Sul Goiano,Meia Ponte,34307.0,2169650.0,253404.0,660508.0,429845.0,639414.0,63242.19547031218,1
5209150,Gouvelândia,GO,Goiás,Centro-Oeste,Sul Goiano,Quirinópolis,6076.0,169400.0,40341.0,79082.0,5568.0,37706.0,27880.184331797234,0
5209200,Guapó,GO,Goiás,Centro-Oeste,Centro Goiano,Goiânia,14206.0,347725.0,82523.0,55742.0,44458.0,132189.0,24477.333521047443,0
5209291,Guaraíta,GO,Goiás,Centro-Oeste,Centro Goiano,Ceres,1905.0,52186.0,17267.0,22364.0,1870.0,8887.0,27394.225721784776,0
5209408,Guarani de Goiás,GO,Goiás,Centro-Oeste,Leste Goiano,Vão do Paranã,3801.0,86104.0,24940.0,26374.0,12527.0,16825.0,22652.98605630097,0
5209457,Guarinos,GO,Goiás,Centro-Oeste,Centro Goiano,Ceres,1681.0,64356.0,14125.0,22792.0,1619.0,21517.0,38284.35455086258,0
5209606,Heitoraí,GO,Goiás,Centro-Oeste,Centro Goiano,Anápolis,3742.0,83890.0,21789.0,37701.0,3221.0,16764.0,22418.49278460716,0
5209705,Hidrolândia,GO,Goiás,Centro-Oeste,Centro Goiano,Goiânia,22533.0,1329218.0,120019.0,173494.0,156419.0,644519.0,58989.837127768165,1
5209804,Hidrolina,GO,Goiás,Centro-Oeste,Centro Goiano,Ceres,3450.0,87757.0,20192.0,42688.0,3332.0,18015.0,25436.8115942029,0
5209903,Iaciara,GO,Goiás,Centro-Oeste,Leste Goiano,Vão do Paranã,14215.0,226552.0,69704.0,66072.0,8044.0,66778.0,15937.530777347873,0
5209937,Inaciolândia,GO,Goiás,Centro-Oeste,Sul Goiano,Meia Ponte,6275.0,237550.0,35638.0,130636.0,8689.0,52946.0,37856.57370517928,0
5209952,Indiara,GO,Goiás,Centro-Oeste,Sul Goiano,Vale do Rio dos Bois,15962.0,656345.0,79093.0,253437.0,108501.0,167237.0,41119.22064904148,1
5210000,Inhumas,GO,Goiás,Centro-Oeste,Centro Goiano,Anápolis,53655.0,1406365.0,264791.0,205173.0,252602.0,550896.0,26211.25710558196,1
5210109,Ipameri,GO,Goiás,Centro-Oeste,Sul Goiano,Catalão,27365.0,2429509.0,155639.0,845635.0,697983.0,528073.0,88781.61885620317,1
5210158,Ipiranga de Goiás,GO,Goiás,Centro-Oeste,Centro Goiano,Ceres,2892.0,69954.0,19298.0,30261.0,3460.0,13547.0,24188.79668049793,0
5210208,Iporá,GO,Goiás,Centro-Oeste,Centro Goiano,Iporá,31471.0,876399.0,165769.0,94745.0,92074.0,432734.0,27847.82815925773,1
5210307,Israelândia,GO,Goiás,Centro-Oeste,Centro Goiano,Iporá,2772.0,71479.0,20441.0,27459.0,3476.0,16370.0,25786.075036075035,0
5210406,Itaberaí,GO,Goiás,Centro-Oeste,Centro Goiano,Anápolis,44329.0,1805075.0,216126.0,416898.0,371599.0,599172.0,40719.95758983961,1
5210562,Itaguari,GO,Goiás,Centro-Oeste,Centro Goiano,Anápolis,4684.0,98151.0,26747.0,26088.0,6822.0,31364.0,20954.52604611443,0
5210604,Itaguaru,GO,Goiás,Centro-Oeste,Centro Goiano,Anápolis,5184.0,104100.0,29500.0,25263.0,8087.0,34847.0,20081.01851851852,0
5210802,Itajá,GO,Goiás,Centro-Oeste,Sul Goiano,Quirinópolis,4412.0,131521.0,30791.0,60633.0,3230.0,29369.0,29809.83680870353,0
5210901,Itapaci,GO,Goiás,Centro-Oeste,Centro Goiano,Ceres,23850.0,547603.0,110927.0,78764.0,119768.0,189238.0,22960.293501048214,1
5211008,Itapirapuã,GO,Goiás,Centro-Oeste,Noroeste Goiano,Rio Vermelho,4380.0,222293.0,30112.0,114879.0,9333.0,56666.0,50751.82648401827,0
5211206,Itapuranga,GO,Goiás,Centro-Oeste,Centro Goiano,Ceres,25597.0,553625.0,125116.0,124885.0,37039.0,221762.0,21628.51115365082,1
5211305,Itarumã,GO,Goiás,Centro-Oeste,Sul Goiano,Quirinópolis,7337.0,324864.0,44784.0,139681.0,59794.0,64307.0,44277.49761482895,0
5211404,Itauçu,GO,Goiás,Centro-Oeste,Centro Goiano,Anápolis,8968.0,219256.0,41133.0,30610.0,47402.0,77907.0,24448.70651204282,0
5211503,Itumbiara,GO,Goiás,Centro-Oeste,Sul Goiano,Meia Ponte,106845.0,5324712.0,585656.0,391457.0,1546835.0,2118942.0,49835.85567878703,1
5211602,Ivolândia,GO,Goiás,Centro-Oeste,Centro Goiano,Iporá,2295.0,139635.0,17670.0,65132.0,35794.0,14623.0,60843.13725490196,0
5211701,Jandaia,GO,Goiás,Centro-Oeste,Sul Goiano,Vale do Rio dos Bois,6001.0,426843.0,38667.0,184825.0,106907.0,74542.0,71128.6452257957,0
5211800,Jaraguá,GO,Goiás,Centro-Oeste,Centro Goiano,Anápolis,52160.0,919843.0,227558.0,156684.0,107877.0,352478.0,17635.0268404908,1
5211909,Jataí,GO,Goiás,Centro-Oeste,Sul Goiano,Sudoeste de Goiás,103221.0,7997057.0,531943.0,2484525.0,1518953.0,2690885.0,77475.09712170972,1
5212006,Jaupaci,GO,Goiás,Centro-Oeste,Centro Goiano,Iporá,2843.0,83166.0,21176.0,37007.0,4205.0,17530.0,29252.90186422793,0
5212055,Jesúpolis,GO,Goiás,Centro-Oeste,Centro Goiano,Anápolis,2497.0,39675.0,17300.0,9137.0,2046.0,9172.0,15889.066880256309,0
5212105,Joviânia,GO,Goiás,Centro-Oeste,Sul Goiano,Meia Ponte,7417.0,342155.0,40799.0,164043.0,13891.0,105068.0,46131.18511527572,0
5212204,Jussara,GO,Goiás,Centro-Oeste,Noroeste Goiano,Rio Vermelho,18266.0,693526.0,89655.0,226436.0,45589.0,269503.0,37968.13752326727,1
5212253,Lagoa Santa,GO,Goiás,Centro-Oeste,Sul Goiano,Quirinópolis,1652.0,51870.0,16208.0,16875.0,1900.0,13731.0,31398.305084745763,0
5212303,Leopoldo de Bulhões,GO,Goiás,Centro-Oeste,Centro Goiano,Goiânia,7663.0,343236.0,40153.0,216804.0,22748.0,49783.0,44791.33498629779,0
5212501,Luziânia,GO,Goiás,Centro-Oeste,Leste Goiano,Entorno de Brasília,214645.0,5400879.0,913219.0,689769.0,1507828.0,1787115.0,25161.913857765147,1
5212600,Mairipotaba,GO,Goiás,Centro-Oeste,Sul Goiano,Meia Ponte,2358.0,88307.0,16732.0,51289.0,3779.0,13782.0,37449.957591178965,0
5212709,Mambaí,GO,Goiás,Centro-Oeste,Leste Goiano,Vão do Paranã,9277.0,107552.0,43240.0,3838.0,4490.0,43088.0,11593.403039775789,0
5212808,Mara Rosa,GO,Goiás,Centro-Oeste,Norte Goiano,Porangatu,9234.0,291278.0,48552.0,109069.0,19139.0,93629.0,31544.076239982674,0
5212907,Marzagão,GO,Goiás,Centro-Oeste,Sul Goiano,Meia Ponte,2263.0,68550.0,19087.0,16217.0,2501.0,24595.0,30291.648254529387,0
5212956,Matrinchã,GO,Goiás,Centro-Oeste,Noroeste Goiano,Rio Vermelho,4321.0,170669.0,24995.0,90557.0,6283.0,41602.0,39497.57000694284,0
5213004,Maurilândia,GO,Goiás,Centro-Oeste,Sul Goiano,Sudoeste de Goiás,14568.0,247923.0,65957.0,89701.0,9761.0,68843.0,17018.32784184514,0
5213053,Mimoso de Goiás,GO,Goiás,Centro-Oeste,Leste Goiano,Entorno de Brasília,2575.0,247572.0,20463.0,185537.0,9977.0,27007.0,96144.46601941748,0
5213087,Minaçu,GO,Goiás,Centro-Oeste,Norte Goiano,Porangatu,28518.0,1296753.0,169171.0,61463.0,792835.0,223450.0,45471.38649274143,1
5213103,Mineiros,GO,Goiás,Centro-Oeste,Sul Goiano,Sudoeste de Goiás,69477.0,3288959.0,394001.0,1029207.0,441782.0,1125853.0,47338.81716251421,1
5213400,Moiporá,GO,Goiás,Centro-Oeste,Centro Goiano,Iporá,1471.0,53255.0,15041.0,24443.0,1509.0,10060.0,36203.26308633583,0
5213509,Monte Alegre de Goiás,GO,Goiás,Centro-Oeste,Norte Goiano,Chapada dos Veadeiros,8759.0,120282.0,39115.0,53753.0,2850.0,19671.0,13732.38954218518,0
5213707,Montes Claros de Goiás,GO,Goiás,Centro-Oeste,Noroeste Goiano,Aragarças,8037.0,498816.0,43671.0,276410.0,52726.0,100941.0,62064.94960806271,0
5213756,Montividiu,GO,Goiás,Centro-Oeste,Sul Goiano,Sudoeste de Goiás,13935.0,1604454.0,82412.0,1097040.0,73781.0,287639.0,115138.42841765338,1
5213772,Montividiu do Norte,GO,Goiás,Centro-Oeste,Norte Goiano,Porangatu,4538.0,108845.0,26335.0,54148.0,3059.0,20246.0,23985.235786690173,0
5213806,Morrinhos,GO,Goiás,Centro-Oeste,Sul Goiano,Meia Ponte,46955.0,1857571.0,234254.0,513310.0,307884.0,620853.0,39560.66446597807,1
5213855,Morro Agudo de Goiás,GO,Goiás,Centro-Oeste,Centro Goiano,Ceres,2217.0,54837.0,17425.0,20875.0,1831.0,11976.0,24734.776725304466,0
5213905,Mossâmedes,GO,Goiás,Centro-Oeste,Centro Goiano,Anicuns,4120.0,131845.0,26533.0,67544.0,6347.0,25002.0,32001.21359223301,0
5214002,Mozarlândia,GO,Goiás,Centro-Oeste,Noroeste Goiano,São Miguel do Araguaia,16077.0,1025089.0,91072.0,80222.0,439354.0,292783.0,63761.21166884369,1
5214051,Mundo Novo,GO,Goiás,Centro-Oeste,Noroeste Goiano,São Miguel do Araguaia,4540.0,180856.0,30801.0,85620.0,5126.0,46717.0,39836.12334801762,0
5214101,Mutunópolis,GO,Goiás,Centro-Oeste,Norte Goiano,Porangatu,3749.0,86431.0,21136.0,42209.0,2403.0,16552.0,23054.414510536142,0
5214408,Nazário,GO,Goiás,Centro-Oeste,Centro Goiano,Anicuns,9375.0,276931.0,42561.0,45541.0,83517.0,74645.0,29539.306666666667,0
5214507,Nerópolis,GO,Goiás,Centro-Oeste,Centro Goiano,Goiânia,30931.0,1021269.0,151368.0,43501.0,310827.0,378096.0,33017.65219359219,1
5214606,Niquelândia,GO,Goiás,Centro-Oeste,Norte Goiano,Porangatu,47064.0,1291841.0,252947.0,411950.0,174749.0,323793.0,27448.601903790583,1
5214705,Nova América,GO,Goiás,Centro-Oeste,Centro Goiano,Ceres,2362.0,48893.0,18858.0,15226.0,1362.0,11028.0,20699.83065198984,0
5214804,Nova Aurora,GO,Goiás,Centro-Oeste,Sul Goiano,Catalão,2236.0,71042.0,15139.0,15851.0,24639.0,12541.0,31771.91413237925,0
5214838,Nova Crixás,GO,Goiás,Centro-Oeste,Noroeste Goiano,São Miguel do Araguaia,13020.0,628584.0,80709.0,357188.0,14720.0,143932.0,48278.34101382489,1
5214861,Nova Glória,GO,Goiás,Centro-Oeste,Centro Goiano,Ceres,8063.0,141181.0,39187.0,44330.0,6188.0,42622.0,17509.735830336103,0
5214879,Nova Iguaçu de Goiás,GO,Goiás,Centro-Oeste,Norte Goiano,Porangatu,2939.0,61477.0,17959.0,25308.0,2200.0,13135.0,20917.659067710105,0
5214903,Nova Roma,GO,Goiás,Centro-Oeste,Norte Goiano,Chapada dos Veadeiros,3208.0,66589.0,16609.0,30814.0,5256.0,10957.0,20757.16957605985,0
5215009,Nova Veneza,GO,Goiás,Centro-Oeste,Centro Goiano,Anápolis,10193.0,197285.0,45702.0,19980.0,52418.0,58414.0,19354.94947512999,0
5215207,Novo Brasil,GO,Goiás,Centro-Oeste,Centro Goiano,Iporá,2775.0,85247.0,17579.0,43599.0,2709.0,17486.0,30719.63963963964,0
5215231,Novo Gama,GO,Goiás,Centro-Oeste,Leste Goiano,Entorno de Brasília,119649.0,1154253.0,487453.0,6539.0,86570.0,478727.0,9646.992452924806,1
5215256,Novo Planalto,GO,Goiás,Centro-Oeste,Noroeste Goiano,São Miguel do Araguaia,4592.0,160467.0,27574.0,94003.0,4505.0,28399.0,34944.90418118467,0
5215306,Orizona,GO,Goiás,Centro-Oeste,Sul Goiano,Pires do Rio,15834.0,938192.0,72786.0,521167.0,84744.0,201213.0,59251.73676897815,1
5215405,Ouro Verde de Goiás,GO,Goiás,Centro-Oeste,Centro Goiano,Anápolis,3679.0,150022.0,25333.0,94640.0,6110.0,19851.0,40777.92878499592,0
5215504,Ouvidor,GO,Goiás,Centro-Oeste,Sul Goiano,Catalão,6895.0,765440.0,49123.0,39382.0,459504.0,146550.0,111013.77810007252,1
5215603,Padre Bernardo,GO,Goiás,Centro-Oeste,Leste Goiano,Entorno de Brasília,35011.0,1052238.0,166627.0,501946.0,58680.0,267687.0,30054.497158036047,1
5215652,Palestina de Goiás,GO,Goiás,Centro-Oeste,Sul Goiano,Sudoeste de Goiás,3470.0,173212.0,24490.0,113489.0,4988.0,23789.0,49917.00288184438,0
5215702,Palmeiras de Goiás,GO,Goiás,Centro-Oeste,Sul Goiano,Vale do Rio dos Bois,29915.0,1770858.0,150549.0,440952.0,559344.0,451164.0,59196.32291492562,1
5215801,Palmelo,GO,Goiás,Centro-Oeste,Sul Goiano,Pires do Rio,2382.0,55764.0,18000.0,18526.0,2066.0,14677.0,23410.57934508816,0
5215900,Palminópolis,GO,Goiás,Centro-Oeste,Sul Goiano,Vale do Rio dos Bois,3578.0,220066.0,24612.0,98644.0,7184.0,66704.0,61505.31022917832,0
5216007,Panamá,GO,Goiás,Centro-Oeste,Sul Goiano,Meia Ponte,2590.0,109643.0,18761.0,52242.0,11120.0,21384.0,42333.20463320463,0
5216304,Paranaiguara,GO,Goiás,Centro-Oeste,Sul Goiano,Quirinópolis,10221.0,236712.0,61747.0,87931.0,7582.0,64812.0,23159.3777516877,0
5216403,Paraúna,GO,Goiás,Centro-Oeste,Sul Goiano,Vale do Rio dos Bois,10988.0,1559971.0,70282.0,931583.0,192138.0,275167.0,141970.42227884964,1
5216452,Perolândia,GO,Goiás,Centro-Oeste,Sul Goiano,Sudoeste de Goiás,3156.0,708423.0,33189.0,316245.0,227875.0,96848.0,224468.63117870723,1
5216809,Petrolina de Goiás,GO,Goiás,Centro-Oeste,Centro Goiano,Anápolis,10240.0,178796.0,48221.0,57808.0,8219.0,52782.0,17460.546875,0
5216908,Pilar de Goiás,GO,Goiás,Centro-Oeste,Centro Goiano,Ceres,2135.0,192761.0,21182.0,42466.0,85952.0,29342.0,90286.18266978922,0
5217104,Piracanjuba,GO,Goiás,Centro-Oeste,Sul Goiano,Meia Ponte,24543.0,1239086.0,128070.0,622058.0,93035.0,319956.0,50486.33011449293,1
5217203,Piranhas,GO,Goiás,Centro-Oeste,Noroeste Goiano,Aragarças,10161.0,609418.0,53222.0,205014.0,116706.0,178260.0,59976.18344651117,1
5217302,Pirenópolis,GO,Goiás,Centro-Oeste,Leste Goiano,Entorno de Brasília,25218.0,640388.0,116878.0,169945.0,48618.0,261517.0,25394.08359108573,1
5217401,Pires do Rio,GO,Goiás,Centro-Oeste,Sul Goiano,Pires do Rio,31909.0,1405175.0,164801.0,220739.0,379114.0,471539.0,44036.94882321602,1
5217609,Planaltina,GO,Goiás,Centro-Oeste,Leste Goiano,Entorno de Brasília,91345.0,1453270.0,460922.0,158670.0,130538.0,578794.0,15909.68306968088,1
5217708,Pontalina,GO,Goiás,Centro-Oeste,Sul Goiano,Meia Ponte,17899.0,717261.0,88983.0,312620.0,64000.0,206432.0,40072.685624895246,1
5218003,Porangatu,GO,Goiás,Centro-Oeste,Norte Goiano,Porangatu,45866.0,1430254.0,223361.0,257381.0,243995.0,565349.0,31183.3166179741,1
5218052,Porteirão,GO,Goiás,Centro-Oeste,Sul Goiano,Meia Ponte,3979.0,222488.0,30748.0,137164.0,9326.0,37779.0,55915.55667253079,0
5218102,Portelândia,GO,Goiás,Centro-Oeste,Sul Goiano,Sudoeste de Goiás,4032.0,367303.0,27201.0,198507.0,25317.0,89257.0,91096.9742063492,0
5218300,Posse,GO,Goiás,Centro-Oeste,Leste Goiano,Vão do Paranã,37924.0,703663.0,177809.0,61721.0,55074.0,333638.0,18554.55648138382,1
5218391,Professor Jamil,GO,Goiás,Centro-Oeste,Sul Goiano,Meia Ponte,3211.0,72101.0,20336.0,24103.0,4714.0,18651.0,22454.37558393024,0
5218508,Quirinópolis,GO,Goiás,Centro-Oeste,Sul Goiano,Quirinópolis,51323.0,2147676.0,239256.0,443389.0,583882.0,678531.0,41846.26775519748,1
5218607,Rialma,GO,Goiás,Centro-Oeste,Centro Goiano,Ceres,10961.0,314517.0,55349.0,22393.0,55492.0,138949.0,28694.188486451967,0
5218706,Rianápolis,GO,Goiás,Centro-Oeste,Centro Goiano,Ceres,4832.0,83234.0,27417.0,12047.0,3613.0,32243.0,17225.579470198674,0
5218789,Rio Quente,GO,Goiás,Centro-Oeste,Sul Goiano,Meia Ponte,4728.0,326141.0,37965.0,18620.0,13542.0,221015.0,68980.75296108291,0
5218805,Rio Verde,GO,Goiás,Centro-Oeste,Sul Goiano,Sudoeste de Goiás,247259.0,16307342.0,1484578.0,3694787.0,3502686.0,5845797.0,65952.47089084725,1
5218904,Rubiataba,GO,Goiás,Centro-Oeste,Centro Goiano,Ceres,20012.0,565948.0,104007.0,69722.0,153826.0,189612.0,28280.431740955428,1
5219001,Sanclerlândia,GO,Goiás,Centro-Oeste,Centro Goiano,Anicuns,7630.0,217582.0,41661.0,40529.0,32093.0,85647.0,28516.644823066843,0
5219100,Santa Bárbara de Goiás,GO,Goiás,Centro-Oeste,Centro Goiano,Anicuns,6701.0,154126.0,33371.0,26340.0,40344.0,39715.0,23000.447694373976,0
5219209,Santa Cruz de Goiás,GO,Goiás,Centro-Oeste,Sul Goiano,Pires do Rio,2782.0,295258.0,17857.0,230531.0,9118.0,30773.0,106131.56002875628,0
5219258,Santa Fé de Goiás,GO,Goiás,Centro-Oeste,Noroeste Goiano,Rio Vermelho,5585.0,260186.0,30814.0,56125.0,82490.0,63128.0,46586.57117278424,0
5219308,Santa Helena de Goiás,GO,Goiás,Centro-Oeste,Sul Goiano,Sudoeste de Goiás,38962.0,1621078.0,214893.0,536110.0,182213.0,543360.0,41606.64236948822,1
5219357,Santa Isabel,GO,Goiás,Centro-Oeste,Centro Goiano,Ceres,3821.0,123191.0,22269.0,59395.0,2818.0,30416.0,32240.51295472389,0
5219407,Santa Rita do Araguaia,GO,Goiás,Centro-Oeste,Sul Goiano,Sudoeste de Goiás,9110.0,204972.0,40466.0,75633.0,7640.0,64795.0,22499.670691547748,0
5219456,Santa Rita do Novo Destino,GO,Goiás,Centro-Oeste,Centro Goiano,Ceres,3367.0,110073.0,22021.0,59467.0,3054.0,19745.0,32691.71369171369,0
5219506,Santa Rosa de Goiás,GO,Goiás,Centro-Oeste,Centro Goiano,Anápolis,2200.0,68318.0,16024.0,28116.0,3895.0,16325.0,31053.636363636364,0
5219605,Santa Tereza de Goiás,GO,Goiás,Centro-Oeste,Norte Goiano,Porangatu,3207.0,87583.0,23646.0,36264.0,2572.0,20684.0,27309.94699095728,0
5219704,Santa Terezinha de Goiás,GO,Goiás,Centro-Oeste,Norte Goiano,Porangatu,8386.0,190867.0,47409.0,44728.0,6118.0,78474.0,22760.195564035297,0
5219712,Santo Antônio da Barra,GO,Goiás,Centro-Oeste,Sul Goiano,Sudoeste de Goiás,4886.0,321015.0,31797.0,107552.0,99555.0,46516.0,65700.98239869013,0
5219738,Santo Antônio de Goiás,GO,Goiás,Centro-Oeste,Centro Goiano,Goiânia,6593.0,154853.0,34349.0,14016.0,38956.0,51739.0,23487.48672834825,0
5219753,Santo Antônio do Descoberto,GO,Goiás,Centro-Oeste,Leste Goiano,Entorno de Brasília,76871.0,825809.0,363160.0,35623.0,56207.0,311021.0,10742.789868741138,1
5219803,São Domingos,GO,Goiás,Centro-Oeste,Leste Goiano,Vão do Paranã,13305.0,206273.0,59387.0,67576.0,31191.0,40167.0,15503.419767004883,0
5219902,São Francisco de Goiás,GO,Goiás,Centro-Oeste,Centro Goiano,Anápolis,6265.0,130603.0,33081.0,46613.0,6284.0,35808.0,20846.44852354349,0
5220009,São João d'Aliança,GO,Goiás,Centro-Oeste,Norte Goiano,Chapada dos Veadeiros,14423.0,570027.0,70294.0,336038.0,23537.0,111931.0,39522.08278444152,1
5220058,São João da Paraúna,GO,Goiás,Centro-Oeste,Sul Goiano,Vale do Rio dos Bois,1312.0,139629.0,13581.0,96548.0,4952.0,20341.0,106424.54268292684,0
5220108,São Luís de Montes Belos,GO,Goiás,Centro-Oeste,Centro Goiano,Anicuns,34488.0,1486992.0,164547.0,104700.0,561059.0,527121.0,43116.21433542101,1
5220157,São Luiz do Norte,GO,Goiás,Centro-Oeste,Centro Goiano,Ceres,5263.0,137418.0,31741.0,54978.0,5035.0,35339.0,26110.20330609918,0
5220207,São Miguel do Araguaia,GO,Goiás,Centro-Oeste,Noroeste Goiano,São Miguel do Araguaia,21849.0,691659.0,125429.0,211899.0,35067.0,263164.0,31656.322943841824,1
5220264,São Miguel do Passa Quatro,GO,Goiás,Centro-Oeste,Sul Goiano,Pires do Rio,4105.0,316743.0,26703.0,226481.0,11552.0,42867.0,77160.29232643118,0
5220280,São Patrício,GO,Goiás,Centro-Oeste,Centro Goiano,Ceres,2040.0,53464.0,16035.0,21964.0,2686.0,10744.0,26207.843137254906,0
5220405,São Simão,GO,Goiás,Centro-Oeste,Sul Goiano,Quirinópolis,21318.0,1432951.0,145281.0,33148.0,876628.0,282493.0,67217.89098414485,1
5220454,Senador Canedo,GO,Goiás,Centro-Oeste,Centro Goiano,Goiânia,121447.0,4765630.0,740139.0,22250.0,1435527.0,1710397.0,39240.40939669156,1
5220504,Serranópolis,GO,Goiás,Centro-Oeste,Sul Goiano,Sudoeste de Goiás,8737.0,652613.0,51849.0,332119.0,108447.0,129402.0,74695.31875929952,1
5220603,Silvânia,GO,Goiás,Centro-Oeste,Sul Goiano,Pires do Rio,20938.0,1315612.0,107400.0,737135.0,61973.0,330877.0,62833.69949374344,1
5220686,Simolândia,GO,Goiás,Centro-Oeste,Leste Goiano,Vão do Paranã,6895.0,173337.0,34215.0,15017.0,34733.0,67791.0,25139.52139231327,0
5220702,Sítio d'Abadia,GO,Goiás,Centro-Oeste,Leste Goiano,Vão do Paranã,3040.0,75928.0,16924.0,44303.0,2299.0,9872.0,24976.315789473683,0
5221007,Taquaral de Goiás,GO,Goiás,Centro-Oeste,Centro Goiano,Anápolis,3506.0,89317.0,22461.0,27217.0,12343.0,22225.0,25475.470621791213,0
5221080,Teresina de Goiás,GO,Goiás,Centro-Oeste,Norte Goiano,Chapada dos Veadeiros,3538.0,39136.0,20243.0,3515.0,1405.0,11648.0,11061.616732617298,0
5221197,Terezópolis de Goiás,GO,Goiás,Centro-Oeste,Centro Goiano,Goiânia,8326.0,211092.0,42034.0,10509.0,65150.0,70072.0,25353.350948834974,0
5221304,Três Ranchos,GO,Goiás,Centro-Oeste,Sul Goiano,Catalão,2830.0,63881.0,22234.0,11576.0,3018.0,23569.0,22572.791519434628,0
5221403,Trindade,GO,Goiás,Centro-Oeste,Centro Goiano,Goiânia,132006.0,2666874.0,571698.0,67223.0,656027.0,1017835.0,20202.672605790645,1
5221452,Trombas,GO,Goiás,Centro-Oeste,Norte Goiano,Porangatu,3497.0,70143.0,23545.0,26997.0,1370.0,14932.0,20058.04975693452,0
5221502,Turvânia,GO,Goiás,Centro-Oeste,Centro Goiano,Anicuns,4526.0,204402.0,26521.0,127992.0,7685.0,34627.0,45161.73221387539,0
5221551,Turvelândia,GO,Goiás,Centro-Oeste,Sul Goiano,Vale do Rio dos Bois,5447.0,566499.0,42797.0,237214.0,156136.0,79942.0,104002.01946025334,1
5221577,Uirapuru,GO,Goiás,Centro-Oeste,Noroeste Goiano,São Miguel do Araguaia,2829.0,77435.0,19945.0,35906.0,1841.0,15920.0,27371.862849063276,0
5221601,Uruaçu,GO,Goiás,Centro-Oeste,Norte Goiano,Porangatu,41150.0,1299993.0,204517.0,211574.0,216463.0,537537.0,31591.567436208992,1
5221700,Uruana,GO,Goiás,Centro-Oeste,Centro Goiano,Ceres,13795.0,294394.0,67222.0,83983.0,19875.0,102695.0,21340.6306632838,0
5221809,Urutaí,GO,Goiás,Centro-Oeste,Sul Goiano,Pires do Rio,3056.0,164818.0,20063.0,113648.0,5287.0,20006.0,53932.59162303665,0
5221858,Valparaíso de Goiás,GO,Goiás,Centro-Oeste,Leste Goiano,Entorno de Brasília,175720.0,2964938.0,823064.0,1014.0,319480.0,1508229.0,16873.082176189393,1
5221908,Varjão,GO,Goiás,Centro-Oeste,Sul Goiano,Vale do Rio dos Bois,3848.0,105105.0,23526.0,55363.0,2725.0,18404.0,27314.18918918919,0
5222005,Vianópolis,GO,Goiás,Centro-Oeste,Sul Goiano,Pires do Rio,14088.0,858016.0,75760.0,415875.0,43895.0,256430.0,60904.031800113575,1
5222054,Vicentinópolis,GO,Goiás,Centro-Oeste,Sul Goiano,Meia Ponte,9002.0,480210.0,52655.0,194667.0,87666.0,113322.0,53344.81226394135,1
5222203,Vila Boa,GO,Goiás,Centro-Oeste,Leste Goiano,Entorno de Brasília,6451.0,179924.0,36731.0,58414.0,30276.0,40310.0,27890.869632615097,0
5222302,Vila Propício,GO,Goiás,Centro-Oeste,Leste Goiano,Entorno de Brasília,5941.0,308035.0,33150.0,157949.0,57342.0,46729.0,51849.01531728665,0
5300108,Brasília,DF,Distrito Federal,Centro-Oeste,Distrito Federal,Brasília,3094325.0,286943782.0,116809198.0,2286948.0,10235490.0,127696742.0,92732.27020432566,1
